<?xml version="1.0" encoding="UTF-8"?>
<jcr:root xmlns:jcr="http://www.jcp.org/jcr/1.0" xmlns:nt="http://www.jcp.org/jcr/nt/1.0" xmlns:cq="http://www.day.com/jcr/cq/1.0" xmlns:sling="http://sling.apache.org/jcr/sling/1.0"
    jcr:primaryType="cq:Page">
    <jcr:content
        cq:lastModified="{Date}2024-10-23T15:16:42.761Z"
        cq:lastModifiedBy="disclaimer-service-user"
        cq:template="/conf/lam/settings/wcm/templates/fund-detail"
        jcr:primaryType="cq:PageContent"
        jcr:title="Lazard Emerging Markets Debt - Corporate Broad"
        sling:resourceType="lam/components/page"
        productType="Fund">
        <root
            jcr:primaryType="nt:unstructured"
            sling:resourceType="lam/components/container"
            layout="responsiveGrid">
            <container
                jcr:primaryType="nt:unstructured"
                sling:resourceType="lam/components/container"
                layout="responsiveGrid"/>
        </root>
    </jcr:content>
    <productData
        jcr:primaryType="nt:unstructured"
        title="Lazard Emerging Markets Debt - Corporate Broad"
        type="Fund"/>
    <externalMetadata
        jcr:primaryType="nt:unstructured"
        assetClasses="[Fixed Income]"
        availableOnInvestmentPlatform="{Boolean}false"
        categorySortOrder="{Long}999999"
        hasSMAonly="{Boolean}false"
        languages="[da-dk,de-at,de-ch,de-de,en-au,en-de,en-gb,en-us,es-es,fii-fi,fr-be,fr-ca,fr-fr,nb-no,nl-nl,pt-pt,sv-se]"
        pmTeamAsOfDate="2024-09-30"
        pmTeamMembers="[]"
        sortOrderWithinCategory="{Long}99999"
        strategyId="{Long}166"
        subStrategyId="{Long}512"
        suppressBenchmarks="{Boolean}false"
        umbrellaNumDigitsDividend="{Long}4"
        umbrellaNumDigitsNav="{Long}4">
        <productLanguages jcr:primaryType="nt:unstructured">
            <en-us
                jcr:primaryType="nt:unstructured"
                shortDesc="Lazard Emerging Markets Debt - Corporate Broad seeks to consistently outperform the JP Morgan Corporate Emerging Markets Bond Index Broad Diversified benchmark with similar levels of risk. The strategy invests primarily in hard currency emerging markets corporate debt instruments. The team focuses on bottom-up fundamental analysis of corporate debt while incorporating top-down macroeconomic and sovereign analysis."/>
            <da-dk
                jcr:primaryType="nt:unstructured"
                productHighlight="Concentration Limits: Limits will be placed on both countries and individual positions in order to maintain liquidity and limit idiosyncratic risk.&#xd;&#xa;Liquidity Management: Liquidity will typically be maintained by adhering to concentration limits, and avoiding large positions in typically illiquid segments of the market (i.e. frontier markets and small issue-size corporate bonds). Structured investments such as TRS and CLN will be avoided.&#xd;&#xa;Stop Loss Policy: “Soft” policy; downside will be limited via portfolio construction process which is measured and monitored on an iterative basis."/>
            <en-gb
                jcr:primaryType="nt:unstructured"
                shortDesc="Lazard Emerging Markets Debt - Corporate Broad seeks to consistently outperform the JP Morgan Corporate Emerging Markets Bond Index Broad Diversified benchmark with similar levels of risk. The strategy invests primarily in hard currency emerging markets corporate debt instruments. The team focuses on bottom-up fundamental analysis of corporate debt while incorporating top-down macroeconomic and sovereign analysis."/>
        </productLanguages>
        <defaultShareClass jcr:primaryType="nt:unstructured"/>
        <shareClasses jcr:primaryType="nt:unstructured">
            <_x0034_021
                jcr:primaryType="nt:unstructured"
                countries="[AE,AT,AU,BE,BH,BS,CA,DE,DK,ES,FI,FR,GB,IE,IL,LU,MT,NL,NO,NZ,PG,PT,SA,SE,US,XX,ZA,XX]"
                currency="USD"
                currencySymbol="US$"
                fundId="{Long}1761"
                fundingStatus="Open"
                inceptionDate="2016-02-29"
                isAuthorizedPending="{Boolean}false"
                isGLIF="{Boolean}false"
                isSMA="{Boolean}false"
                minimumInvestment="US$ 75,000,000"
                vehicleId="{Long}1"
                vehicleName="Separate Account">
                <professionalOnlyCountries jcr:primaryType="nt:unstructured"/>
            </_x0034_021>
        </shareClasses>
        <platforms jcr:primaryType="nt:unstructured">
            <_x0039_4
                jcr:primaryType="nt:unstructured"
                countries="[AE,AT,AU,BE,BH,CA,DE,DK,ES,FI,FR,GB,IE,IL,LU,MT,NL,NO,NZ,PG,PT,SA,SE,US,XX,ZA]"
                regions="[22,2,1,3,5,4]"
                sortOrder="{Long}600"
                title="Emerging Markets Platform"/>
            <_x0039_8
                jcr:primaryType="nt:unstructured"
                countries="[AE,AT,AU,BE,BH,CA,DE,DK,ES,FI,FR,GB,IE,IL,LU,MT,NL,NO,NZ,PG,PT,SA,SE,US,XX,ZA]"
                regions="[4,22,1,5,2,3]"
                sortOrder="{Long}700"
                title="Fixed Income Platform"/>
        </platforms>
    </externalMetadata>
    <disclaimerMappings jcr:primaryType="nt:unstructured">
        <DisclaimerLabel
            jcr:primaryType="nt:unstructured"
            approvedLanguages="[en_us]"
            disclaimerPaths="[/content/dam/lazard-asset-management/disclaimers/en_us/2078031161]"
            isGlobalProductMapping="{Boolean}true"
            type="DisclaimerLabel"/>
    </disclaimerMappings>
</jcr:root>
