<?xml version="1.0" encoding="UTF-8"?>
<jcr:root xmlns:jcr="http://www.jcp.org/jcr/1.0" xmlns:nt="http://www.jcp.org/jcr/nt/1.0" xmlns:cq="http://www.day.com/jcr/cq/1.0" xmlns:sling="http://sling.apache.org/jcr/sling/1.0"
    jcr:primaryType="cq:Page">
    <jcr:content
        cq:lastModified="{Date}2024-10-11T16:36:32.984Z"
        cq:lastModifiedBy="products-service-user"
        cq:template="/conf/lam/settings/wcm/templates/fund-detail"
        jcr:primaryType="cq:PageContent"
        jcr:title="Lazard Thematic Inflation Opportunities Equity"
        sling:resourceType="lam/components/page"
        productType="Fund">
        <root
            jcr:primaryType="nt:unstructured"
            sling:resourceType="lam/components/container"
            layout="responsiveGrid">
            <container
                jcr:primaryType="nt:unstructured"
                sling:resourceType="lam/components/container"
                layout="responsiveGrid"/>
        </root>
    </jcr:content>
    <productData
        jcr:primaryType="nt:unstructured"
        title="Lazard Thematic Inflation Opportunities Equity"
        type="Fund"/>
    <externalMetadata
        jcr:primaryType="nt:unstructured"
        assetClasses="[Equity]"
        availableOnInvestmentPlatform="{Boolean}false"
        categorySortOrder="{Long}999999"
        hasSMAonly="{Boolean}false"
        languages="[da-dk,de-at,de-ch,de-de,en-au,en-de,en-gb,en-us,es-es,fii-fi,fr-be,fr-ca,fr-fr,it-de,it-it,nb-no,nl-nl,sv-se]"
        pmTeamAsOfDate="2024-09-30"
        pmTeamMembers="[]"
        sortOrderWithinCategory="{Long}99999"
        strategyId="{Long}306"
        subStrategyId="{Long}670"
        suppressBenchmarks="{Boolean}false"
        umbrellaNumDigitsDividend="{Long}4"
        umbrellaNumDigitsNav="{Long}4">
        <productLanguages jcr:primaryType="nt:unstructured">
            <en-us
                jcr:primaryType="nt:unstructured"
                productHighlight="The Lazard Thematic Inflation Opportunities Equity strategy is designed to help clients mitigate the risks of  higher inflationary environments and capture potential opportunities.&#xd;&#xa;The Lazard Thematic Inflation Opportunities Equity strategy is a global thematic equity strategy built on&#xd;&#xa;a set of carefully designed themes that seek to capture multiple drivers of inflation. &#xd;&#xa;The Lazard Thematic Inflation Opportunities Equity strategy enables diversification between themes and across time horizons, unlike single-theme strategies."/>
            <en-gb
                jcr:primaryType="nt:unstructured"
                productHighlight="The Lazard Thematic Inflation Opportunities Equity strategy is designed to help clients mitigate the risks of  higher inflationary environments and capture potential opportunities.&#xd;&#xa;The Lazard Thematic Inflation Opportunities Equity strategy is a global thematic equity strategy built on&#xd;&#xa;a set of carefully designed themes that seek to capture multiple drivers of inflation. &#xd;&#xa;The Lazard Thematic Inflation Opportunities Equity strategy enables diversification between themes and across time horizons, unlike single-theme strategies."/>
        </productLanguages>
        <defaultShareClass
            jcr:primaryType="nt:unstructured"
            US="{Long}12141"/>
        <shareClasses jcr:primaryType="nt:unstructured">
            <_x0031_2141
                jcr:primaryType="nt:unstructured"
                countries="[AE,AT,AU,BH,BS,CA,CH,DE,DK,ES,FI,GB,IE,IL,IT,LI,LU,MT,NL,NO,NZ,PG,SA,SE,US,XX,ZA,XX]"
                fundId="{Long}4281"
                fundingStatus="Open"
                inceptionDate="2021-08-02"
                isAuthorizedPending="{Boolean}false"
                isGLIF="{Boolean}false"
                isSMA="{Boolean}false"
                primaryBenchmark="MSCI All Country World Index"
                vehicleId="{Long}1"
                vehicleName="Separate Account">
                <professionalOnlyCountries jcr:primaryType="nt:unstructured"/>
            </_x0031_2141>
        </shareClasses>
        <platforms jcr:primaryType="nt:unstructured">
            <_x0039_2
                jcr:primaryType="nt:unstructured"
                countries="[AE,AU,BH,CA,DK,ES,FI,GB,IE,IL,LU,MT,NL,NO,NZ,PG,SA,SE,US,XX,ZA]"
                regions="[3,5,2,1]"
                sortOrder="{Long}100"
                title="Global Equity Platform"/>
            <_x0033_5745
                jcr:primaryType="nt:unstructured"
                countries="[AT,CH,DE,IT,LI]"
                regions="[18,4,21]"
                sortOrder="{Long}9700"
                title="Equity Platform"/>
        </platforms>
    </externalMetadata>
    <disclaimerMappings jcr:primaryType="nt:unstructured">
        <DisclaimerLabel
            jcr:primaryType="nt:unstructured"
            approvedLanguages="[en_us]"
            disclaimerPaths="[/content/dam/lazard-asset-management/disclaimers/en_us/2078031161/jcr:content/indexedData/master]"
            isGlobalProductMapping="{Boolean}true"
            placeholderKeys="[]"
            type="DisclaimerLabel"/>
    </disclaimerMappings>
</jcr:root>
