<?xml version="1.0" encoding="UTF-8"?>
<jcr:root xmlns:jcr="http://www.jcp.org/jcr/1.0" xmlns:nt="http://www.jcp.org/jcr/nt/1.0" xmlns:cq="http://www.day.com/jcr/cq/1.0" xmlns:sling="http://sling.apache.org/jcr/sling/1.0"
    jcr:primaryType="cq:Page">
    <jcr:content
        cq:lastModified="{Date}2024-07-15T20:54:26.676Z"
        cq:lastModifiedBy="products-service-user"
        cq:template="/conf/lam/settings/wcm/templates/fund-detail"
        jcr:primaryType="cq:PageContent"
        jcr:title="Lazard Nordic High Yield"
        sling:resourceType="lam/components/page"
        productType="Fund">
        <root
            jcr:primaryType="nt:unstructured"
            sling:resourceType="lam/components/container"
            layout="responsiveGrid">
            <container
                jcr:primaryType="nt:unstructured"
                sling:resourceType="lam/components/container"
                layout="responsiveGrid"/>
        </root>
    </jcr:content>
    <productData
        jcr:primaryType="nt:unstructured"
        title="Lazard Nordic High Yield"
        type="Fund"/>
    <externalMetadata
        jcr:primaryType="nt:unstructured"
        assetClasses="[Fixed Income]"
        availableOnInvestmentPlatform="{Boolean}false"
        categorySortOrder="{Long}999999"
        hasSMAonly="{Boolean}false"
        languages="[de-at,de-ch,de-de,en-au,en-de,en-gb,en-us]"
        pmTeamMembers="[]"
        sortOrderWithinCategory="{Long}99999"
        strategyId="{Long}319"
        subStrategyId="{Long}700"
        suppressBenchmarks="{Boolean}false"
        umbrellaNumDigitsDividend="{Long}4"
        umbrellaNumDigitsNav="{Long}4">
        <productLanguages jcr:primaryType="nt:unstructured">
            <de-de
                jcr:primaryType="nt:unstructured"
                shortDesc="Die Lazard Nordic High Yield Bond Strategie investiert überwiegend in hochverzinsliche Kreditanleihen aus der nordischen Region. Die aktive Titelauswahl basiert auf unserer fundamentalen Bottom-up-Analyse. Das Anlageuniversum der Strategie umfasst nordische Emittenten und nicht-nordische Emittenten, die Anleihen in skandinavischen Währungen ausgeben. Die Strategie investiert hauptsächlich in variabel verzinsliche Anleihen, was zu einer sehr niedrigen Gesamtduration führt. Gepaart mit einem generell kurzen Laufzeitenprofil und höheren Risikoprämien im Vergleich zu anderen Rentenmärkten zielt die Strategie darauf ab, mittel- bis langfristig hohe Anlagerenditen zu erzielen."/>
            <en-us
                jcr:primaryType="nt:unstructured"
                shortDesc="The Lazard Nordic High Yield Bond strategy invests predominantly in high-yield credit bonds from the Nordic region. Active security selection is based on our fundamental bottom-up analysis. The strategy's investment universe includes Nordic issuers and non-Nordic issuers issuing bonds in Scandinavian currencies. The strategy invests mainly in floating rate bonds, resulting in a very low total duration. Paired with a short maturity profile in general and higher risk premia compared to other fixed income markets, the strategy aims to generate high medium to long-term investment returns."/>
        </productLanguages>
        <defaultShareClass jcr:primaryType="nt:unstructured"/>
        <shareClasses jcr:primaryType="nt:unstructured">
            <_x0031_2901
                jcr:primaryType="nt:unstructured"
                countries="[AT,BS,DE,XX]"
                currency="EUR"
                fundId="{Long}4921"
                fundingStatus="Open"
                isAuthorizedPending="{Boolean}false"
                isGLIF="{Boolean}false"
                isSMA="{Boolean}false"
                minimumInvestment="30 000 000 EUR"
                vehicleId="{Long}1"
                vehicleName="Separate Account">
                <professionalOnlyCountries jcr:primaryType="nt:unstructured"/>
            </_x0031_2901>
        </shareClasses>
        <platforms jcr:primaryType="nt:unstructured">
            <_x0039_8
                jcr:primaryType="nt:unstructured"
                countries="[AT,DE]"
                regions="[4]"
                sortOrder="{Long}700"
                title="Fixed Income Platform"/>
        </platforms>
    </externalMetadata>
</jcr:root>
