<?xml version="1.0" encoding="UTF-8"?>
<jcr:root xmlns:jcr="http://www.jcp.org/jcr/1.0" xmlns:nt="http://www.jcp.org/jcr/nt/1.0" xmlns:cq="http://www.day.com/jcr/cq/1.0" xmlns:sling="http://sling.apache.org/jcr/sling/1.0"
    jcr:primaryType="cq:Page">
    <jcr:content
        cq:isDelivered="{Boolean}false"
        cq:lastModified="{Date}2024-06-10T18:59:25.954Z"
        cq:lastModifiedBy="bassel.eladas@lazard.com"
        cq:lastReplicationAction_publish="Activate"
        cq:lastRolledout="{Date}2024-06-10T18:59:25.955Z"
        cq:lastRolledoutBy="bassel.eladas@lazard.com"
        cq:template="/conf/lam/settings/wcm/templates/thought-leadership-hub"
        jcr:mixinTypes="[cq:LiveRelationship,cq:ReplicationStatus2]"
        jcr:primaryType="cq:PageContent"
        jcr:title="Asset Class"
        sling:resourceType="lam/components/page"
        category="strategy"
        headerTheme="dark"
        linkType="internal"
        nodesMoved="{Boolean}true"
        pageProductData="fund-listing">
        <root
            cq:lastRolledout="{Date}2024-06-10T18:59:25.950Z"
            cq:lastRolledoutBy="bassel.eladas@lazard.com"
            jcr:mixinTypes="[cq:LiveRelationship]"
            jcr:primaryType="nt:unstructured"
            sling:resourceType="lam/components/container"
            layout="responsiveGrid">
            <container
                jcr:primaryType="nt:unstructured"
                sling:resourceType="lam/components/container"
                layout="responsiveGrid">
                <container
                    cq:lastRolledout="{Date}2024-06-10T18:59:25.955Z"
                    cq:lastRolledoutBy="bassel.eladas@lazard.com"
                    jcr:mixinTypes="[cq:LiveRelationship]"
                    jcr:primaryType="nt:unstructured"
                    sling:resourceType="lam/components/container"
                    layout="responsiveGrid"/>
            </container>
        </root>
    </jcr:content>
    <equities/>
    <fixed-income/>
    <multi-asset/>
    <alternative/>
    <real-assets/>
    <_x0038_/>
    <_x0035_/>
    <_x0031_0/>
    <_x0031_1/>
    <_x0032_0/>
    <_x0032_3/>
    <_x0032_6/>
    <_x0032_9/>
    <_x0033_1/>
    <_x0033_2/>
    <_x0034_5/>
    <_x0034_6/>
    <_x0036_6/>
    <_x0037_0/>
    <_x0037_9/>
    <_x0038_1/>
    <_x0038_6/>
    <_x0038_9/>
    <_x0039_0/>
    <_x0039_1/>
    <_x0039_2/>
    <_x0031_07/>
    <_x0031_08/>
    <_x0031_12/>
    <_x0031_16/>
    <_x0031_29/>
    <_x0031_30/>
    <_x0031_31/>
    <_x0031_38/>
    <_x0031_46/>
    <_x0031_58/>
    <_x0031_60/>
    <_x0031_62/>
    <_x0031_66/>
    <_x0031_70/>
    <_x0031_73/>
    <_x0031_77/>
    <_x0031_79/>
    <_x0031_82/>
    <_x0031_83/>
    <_x0031_90/>
    <_x0031_97/>
    <_x0031_99/>
    <_x0032_02/>
    <_x0032_05/>
    <_x0032_16/>
    <_x0032_31/>
    <_x0032_41/>
    <_x0032_49/>
    <_x0032_55/>
    <_x0032_58/>
    <_x0032_61/>
    <_x0032_66/>
    <_x0032_67/>
    <_x0032_68/>
    <_x0032_69/>
    <_x0032_70/>
    <_x0032_74/>
    <_x0032_91/>
    <_x0032_96/>
    <_x0033_03/>
    <_x0033_06/>
    <_x0033_15/>
    <_x0033_16/>
    <_x0033_19/>
</jcr:root>
