<?xml version="1.0" encoding="UTF-8"?>
<jcr:root xmlns:jcr="http://www.jcp.org/jcr/1.0" xmlns:nt="http://www.jcp.org/jcr/nt/1.0" xmlns:cq="http://www.day.com/jcr/cq/1.0" xmlns:sling="http://sling.apache.org/jcr/sling/1.0"
    jcr:primaryType="cq:Page">
    <jcr:content
        cq:lastModified="{Date}2024-10-30T19:26:43.603Z"
        cq:lastModifiedBy="disclaimer-service-user"
        cq:template="/conf/lam/settings/wcm/templates/fund-detail"
        jcr:primaryType="cq:PageContent"
        jcr:title="Lazard Enhanced Opportunities"
        sling:resourceType="lam/components/page"
        productType="Fund">
        <root
            jcr:primaryType="nt:unstructured"
            sling:resourceType="lam/components/container"
            layout="responsiveGrid">
            <container
                jcr:primaryType="nt:unstructured"
                sling:resourceType="lam/components/container"
                layout="responsiveGrid"/>
        </root>
    </jcr:content>
    <productData
        jcr:primaryType="nt:unstructured"
        title="Lazard Enhanced Opportunities"
        type="Fund"/>
    <disclaimerMappings jcr:primaryType="nt:unstructured">
        <DisclaimerLabel
            jcr:primaryType="nt:unstructured"
            approvedLanguages="[en_us]"
            disclaimerPaths="[/content/dam/lazard-asset-management/disclaimers/en_us/2078031161]"
            isGlobalProductMapping="{Boolean}true"
            type="DisclaimerLabel"/>
        <DisclaimerAllocation
            jcr:primaryType="nt:unstructured"
            approvedLanguages="[en_au]"
            disclaimerPaths="[/content/dam/lazard-asset-management/disclaimers/en_us/378019417]"
            isGlobalProductMapping="{Boolean}false"
            type="DisclaimerAllocation"/>
        <DisclaimerCharacteristics
            jcr:primaryType="nt:unstructured"
            approvedLanguages="[en_au]"
            disclaimerPaths="[/content/dam/lazard-asset-management/disclaimers/en_us/1861348009]"
            isGlobalProductMapping="{Boolean}false"
            type="DisclaimerCharacteristics"/>
        <DisclaimerPerformanceReview
            jcr:primaryType="nt:unstructured"
            approvedLanguages="[en_au]"
            disclaimerPaths="[/content/dam/lazard-asset-management/disclaimers/en_us/1179250995]"
            isGlobalProductMapping="{Boolean}false"
            type="DisclaimerPerformanceReview"/>
        <DisclaimerTop10Holdings
            jcr:primaryType="nt:unstructured"
            approvedLanguages="[en_au]"
            disclaimerPaths="[/content/dam/lazard-asset-management/disclaimers/en_us/489716758]"
            isGlobalProductMapping="{Boolean}false"
            type="DisclaimerTop10Holdings"/>
    </disclaimerMappings>
    <externalMetadata
        jcr:primaryType="nt:unstructured"
        assetClasses="[Alternatives]"
        availableOnInvestmentPlatform="{Boolean}false"
        category="Alternatives"
        categorySortOrder="{Long}600"
        hasSMAonly="{Boolean}false"
        languages="[da-dk,de-at,de-ch,de-de,en-au,en-de,en-gb,en-us,es-es,fii-fi,fr-be,fr-ca,fr-fr,it-de,it-it,ja-jp,nb-no,nl-nl,pt-pt,sv-se]"
        pmTeamAsOfDate="2024-09-30"
        pmTeamMembers="[]"
        publishByCountry="{Boolean}false"
        sortOrderWithinCategory="{Long}740"
        strategyId="{Long}183"
        subStrategyId="{Long}459"
        suppressBenchmarks="{Boolean}false"
        umbrellaNumDigitsDividend="{Long}4"
        umbrellaNumDigitsNav="{Long}4">
        <productLanguages jcr:primaryType="nt:unstructured">
            <en-us
                jcr:primaryType="nt:unstructured"
                shortDesc="Lazard Enhanced Opportunities is a convertible security based strategy with the objective of current income, long-term capital appreciation and principal protection. The strategy utilizes selective portfolio level and position level hedges to seek to minimize macro &quot;risk-off&quot; periods (through both equity and credit hedges) and interest rate duration risk."/>
            <ja-jp
                jcr:primaryType="nt:unstructured"
                strategyTitle="エンハンスト・オポチュニティーズ"/>
            <en-gb
                jcr:primaryType="nt:unstructured"
                shortDesc="Lazard Enhanced Opportunities is a convertible security based strategy with the objective of current income, long-term capital appreciation and principal protection. The strategy utilizes selective portfolio level and position level hedges to seek to minimize macro &quot;risk-off&quot; periods (through both equity and credit hedges) and interest rate duration risk."/>
        </productLanguages>
        <defaultShareClass jcr:primaryType="nt:unstructured"/>
        <shareClasses jcr:primaryType="nt:unstructured">
            <_x0031_601
                jcr:primaryType="nt:unstructured"
                countries="[AE,AT,AU,BE,BH,BN,BS,CA,CH,CN,DE,DK,ES,FI,FR,GB,HK,ID,IE,IL,IT,JP,LI,LU,MO,MT,MY,NL,NO,NZ,PG,PH,PT,SA,SE,SG,TH,TW,US,XX,ZA]"
                currency="USD"
                currencySymbol="US$"
                fundId="{Long}601"
                fundingStatus="Open"
                inceptionDate="2010-01-01"
                isAuthorizedPending="{Boolean}false"
                isGLIF="{Boolean}false"
                isSMA="{Boolean}false"
                vehicleId="{Long}1"
                vehicleName="Separate Account">
                <professionalOnlyCountries jcr:primaryType="nt:unstructured"/>
            </_x0031_601>
        </shareClasses>
        <platforms jcr:primaryType="nt:unstructured">
            <_x0039_8
                jcr:primaryType="nt:unstructured"
                countries="[AE,AU,BE,BH,BN,CH,CN,DK,ES,FI,FR,GB,HK,ID,IE,IL,IT,JP,LI,LU,MO,MT,MY,NL,NO,NZ,PG,PH,PT,SA,SE,SG,TH,TW,XX,ZA]"
                regions="[19,22,5,18,16,2,3,21]"
                sortOrder="{Long}700"
                title="Fixed Income Platform"/>
            <_x0031_00
                jcr:primaryType="nt:unstructured"
                countries="[AE,AT,AU,BE,BH,BN,CA,CH,CN,DE,DK,ES,FI,FR,GB,HK,ID,IE,IL,IT,JP,LI,LU,MO,MT,MY,NL,NO,NZ,PG,PH,PT,SA,SE,SG,TH,TW,US,XX,ZA]"
                regions="[16,18,2,21,22,3,4,19,5,1]"
                sortOrder="{Long}1000"
                title="Alternative Investments Platform"/>
            <_x0033_9865
                jcr:primaryType="nt:unstructured"
                countries="[AE,AT,BE,BH,CA,CH,DE,DK,ES,FI,FR,IE,IL,IT,JP,LI,LU,MT,NL,NO,PT,SA,SE,US,XX,ZA]"
                regions="[16,22,18,1,4,21,3]"
                sortOrder="{Long}650"
                title="Convertibles Platform"/>
        </platforms>
    </externalMetadata>
</jcr:root>
