<?xml version="1.0" encoding="UTF-8"?>
<jcr:root xmlns:jcr="http://www.jcp.org/jcr/1.0" xmlns:nt="http://www.jcp.org/jcr/nt/1.0" xmlns:cq="http://www.day.com/jcr/cq/1.0" xmlns:sling="http://sling.apache.org/jcr/sling/1.0"
    jcr:primaryType="cq:Page">
    <jcr:content
        cq:lastModified="{Date}2024-10-23T15:21:49.857Z"
        cq:lastModifiedBy="disclaimer-service-user"
        cq:template="/conf/lam/settings/wcm/templates/fund-detail"
        jcr:primaryType="cq:PageContent"
        jcr:title="Lazard Sustainable Private Infrastructure"
        sling:resourceType="lam/components/page"
        productType="Fund">
        <root
            jcr:primaryType="nt:unstructured"
            sling:resourceType="lam/components/container"
            layout="responsiveGrid">
            <container
                jcr:primaryType="nt:unstructured"
                sling:resourceType="lam/components/container"
                layout="responsiveGrid"/>
        </root>
    </jcr:content>
    <productData
        jcr:primaryType="nt:unstructured"
        title="Lazard Sustainable Private Infrastructure"
        type="Fund"/>
    <externalMetadata
        jcr:primaryType="nt:unstructured"
        assetClasses="[Alternatives]"
        availableOnInvestmentPlatform="{Boolean}false"
        categorySortOrder="{Long}999999"
        hasSMAonly="{Boolean}false"
        languages="[da-dk,de-at,de-ch,de-de,en-au,en-de,en-gb,en-us,es-es,fii-fi,fr-be,fr-ca,fr-fr,it-de,it-it,nb-no,nl-nl,pt-pt,sv-se]"
        pmTeamAsOfDate="2024-09-30"
        pmTeamMembers="[]"
        sortOrderWithinCategory="{Long}99999"
        strategyId="{Long}315"
        subStrategyId="{Long}692"
        suppressBenchmarks="{Boolean}false"
        umbrellaNumDigitsDividend="{Long}4"
        umbrellaNumDigitsNav="{Long}4">
        <productLanguages jcr:primaryType="nt:unstructured">
            <en-us
                jcr:primaryType="nt:unstructured"
                shortDesc="Lazard Global Sustainable Private Infrastructure seeks to deliver long-term predictable investment performance together with measurable improvement to ESG factors by acquiring and actively managing privately-held equity investments as the controlling (or majority) shareholder in mid-market infrastructure companies. The strategy seeks to provide exposure to infrastructure companies and assets across Europe, North America and Asia Pacific via investments in medium-sized private infrastructure businesses (€0.5-1.0bn Enterprise Value) that we believe is well-positioned to achieve superior investment performance while delivering positive and measurable environmental and social outcomes. We invest in assets contributing to a cleaner, safer, healthier or fairer environment through an open-ended Fund structure, aligning long-term sustainable and financial targets.  "/>
            <en-gb
                jcr:primaryType="nt:unstructured"
                shortDesc="Lazard Global Sustainable Private Infrastructure seeks to deliver long-term predictable investment performance together with measurable improvement to ESG factors by acquiring and actively managing privately-held equity investments as the controlling (or majority) shareholder in mid-market infrastructure companies. The strategy seeks to provide exposure to infrastructure companies and assets across Europe, North America and Asia Pacific via investments in medium-sized private infrastructure businesses (€0.5-1.0bn Enterprise Value) that we believe is well-positioned to achieve superior investment performance while delivering positive and measurable environmental and social outcomes. We invest in assets contributing to a cleaner, safer, healthier or fairer environment through an open-ended Fund structure, aligning long-term sustainable and financial targets.  "/>
        </productLanguages>
        <defaultShareClass jcr:primaryType="nt:unstructured"/>
        <shareClasses jcr:primaryType="nt:unstructured">
            <_x0031_2381
                jcr:primaryType="nt:unstructured"
                countries="[AE,AT,AU,BE,BH,BS,CA,CH,DE,DK,ES,FI,FR,GB,IE,IL,IT,LI,LU,MT,NL,NO,NZ,PG,PT,SA,SE,US,XX,ZA,XX]"
                fundId="{Long}4621"
                fundingStatus="Open"
                isAuthorizedPending="{Boolean}false"
                isGLIF="{Boolean}false"
                isSMA="{Boolean}false"
                vehicleId="{Long}1"
                vehicleName="Separate Account">
                <professionalOnlyCountries jcr:primaryType="nt:unstructured"/>
            </_x0031_2381>
        </shareClasses>
        <platforms jcr:primaryType="nt:unstructured">
            <_x0039_2
                jcr:primaryType="nt:unstructured"
                countries="[AE,AU,BE,BH,CA,DK,ES,FI,FR,GB,IE,IL,LU,MT,NL,NO,NZ,PG,PT,SA,SE,US,XX,ZA]"
                regions="[3,2,22,5,1]"
                sortOrder="{Long}100"
                title="Global Equity Platform"/>
            <_x0031_00
                jcr:primaryType="nt:unstructured"
                countries="[AE,AT,AU,BH,CA,CH,DE,DK,ES,FI,GB,IE,IL,IT,LI,LU,MT,NL,NO,NZ,PG,SA,SE,US,XX,ZA]"
                regions="[18,21,2,3,5,4,1]"
                sortOrder="{Long}1000"
                title="Alternative Investments Platform"/>
            <_x0033_5745
                jcr:primaryType="nt:unstructured"
                countries="[AT,CH,DE,IT,LI]"
                regions="[18,4,21]"
                sortOrder="{Long}9700"
                title="Equity Platform"/>
        </platforms>
    </externalMetadata>
    <disclaimerMappings jcr:primaryType="nt:unstructured">
        <DisclaimerLabel
            jcr:primaryType="nt:unstructured"
            approvedLanguages="[en_us]"
            disclaimerPaths="[/content/dam/lazard-asset-management/disclaimers/en_us/2078031161]"
            isGlobalProductMapping="{Boolean}true"
            type="DisclaimerLabel"/>
        <DisclaimerCharacteristics
            jcr:primaryType="nt:unstructured"
            approvedLanguages="[en_be,en_ch,en_es,en_fi,en_fr,en_gb,en_ie,en_it,en_li,en_lu,en_nl,en_no,en_pt,en_se]"
            disclaimerPaths="[/content/dam/lazard-asset-management/disclaimers/en_us/860061669]"
            isGlobalProductMapping="{Boolean}false"
            type="DisclaimerCharacteristics"/>
    </disclaimerMappings>
</jcr:root>
