<?xml version="1.0" encoding="UTF-8"?>
<jcr:root xmlns:jcr="http://www.jcp.org/jcr/1.0" xmlns:nt="http://www.jcp.org/jcr/nt/1.0" xmlns:sling="http://sling.apache.org/jcr/sling/1.0" xmlns:cq="http://www.day.com/jcr/cq/1.0"
    jcr:primaryType="sling:OrderedFolder"
    jcr:title="145">
    <jcr:content
        cq:lastModified="{Date}2024-08-28T10:49:31.117Z"
        cq:lastModifiedBy="RamandeepSingh.sethi@lazard.com"
        cq:lastRolledout="{Date}2024-08-28T10:49:31.120Z"
        cq:lastRolledoutBy="RamandeepSingh.sethi@lazard.com"
        jcr:mixinTypes="[cq:LiveRelationship,cq:LiveSync]"
        jcr:primaryType="nt:unstructured">
        <cq:LiveSyncConfig
            cq:isDeep="{Boolean}true"
            cq:master="/content/experience-fragments/lam/language_masters/en/funds/145"
            cq:rolloutConfigs="[]"
            jcr:primaryType="cq:LiveCopy"/>
    </jcr:content>
    <top-holdings/>
    <extra-content/>
    <announcements/>
    <allocation/>
    <performance/>
    <footer-disclaimer/>
    <general-facts/>
    <awards/>
    <pdp-hero/>
    <characteristics/>
</jcr:root>
