<?xml version="1.0" encoding="UTF-8"?>
<jcr:root xmlns:jcr="http://www.jcp.org/jcr/1.0" xmlns:nt="http://www.jcp.org/jcr/nt/1.0" xmlns:cq="http://www.day.com/jcr/cq/1.0" xmlns:sling="http://sling.apache.org/jcr/sling/1.0"
    jcr:primaryType="cq:Page">
    <jcr:content
        cq:lastModified="{Date}2024-11-04T16:15:12.691Z"
        cq:lastModifiedBy="products-service-user"
        cq:template="/conf/lam/settings/wcm/templates/fund-detail"
        jcr:primaryType="cq:PageContent"
        jcr:title="Lazard Euro Corporate"
        sling:resourceType="lam/components/page"
        productType="Fund">
        <root
            jcr:primaryType="nt:unstructured"
            sling:resourceType="lam/components/container"
            layout="responsiveGrid">
            <container
                jcr:primaryType="nt:unstructured"
                sling:resourceType="lam/components/container"
                layout="responsiveGrid"/>
        </root>
    </jcr:content>
    <productData
        jcr:primaryType="nt:unstructured"
        title="Lazard Euro Corporate"
        type="Fund"/>
    <disclaimerMappings jcr:primaryType="nt:unstructured">
        <DisclaimerLabel
            jcr:primaryType="nt:unstructured"
            approvedLanguages="[en_us]"
            disclaimerPaths="[/content/dam/lazard-asset-management/disclaimers/en_us/2078031161]"
            isGlobalProductMapping="{Boolean}true"
            type="DisclaimerLabel"/>
        <DisclaimerCharacteristics
            jcr:primaryType="nt:unstructured"
            approvedLanguages="[en_be,en_ch,en_es,en_fi,en_fr,en_gb,en_ie,en_it,en_li,en_lu,en_nl,en_no,en_pt,en_se]"
            disclaimerPaths="[/content/dam/lazard-asset-management/disclaimers/en_us/860061669]"
            isGlobalProductMapping="{Boolean}false"
            type="DisclaimerCharacteristics"/>
    </disclaimerMappings>
    <externalMetadata
        jcr:primaryType="nt:unstructured"
        assetClasses="[Fixed Income]"
        availableOnInvestmentPlatform="{Boolean}false"
        benchmarkName="iBoxx EUR Corporate Index"
        categorySortOrder="{Long}999999"
        hasSMAonly="{Boolean}false"
        languages="[da-dk,de-at,de-ch,de-de,en-au,en-de,en-gb,en-us,es-es,fii-fi,fr-be,fr-ca,fr-fr,it-de,it-it,ja-jp,nb-no,nl-nl,pt-pt,sv-se]"
        pmTeamAsOfDate="2024-09-30"
        pmTeamMembers="[]"
        sortOrderWithinCategory="{Long}99999"
        strategyId="{Long}116"
        subStrategyId="{Long}325"
        suppressBenchmarks="{Boolean}false"
        umbrellaNumDigitsDividend="{Long}4"
        umbrellaNumDigitsNav="{Long}4">
        <productLanguages jcr:primaryType="nt:unstructured">
            <en-us
                jcr:primaryType="nt:unstructured"
                shortDesc="Our Euro Corporate strategy invests in Investment Grade industrial and financial corporate bonds. Most of our active performance is generated by security selection. Sector and country allocations also add to our outperformance. The results are based on the in-depth credit analysis by our credit teams in collaboration with LAM's equity professionals. &#xd;&#xa;"/>
            <en-gb
                jcr:primaryType="nt:unstructured"
                shortDesc="Our Euro Corporate strategy invests in Investment Grade industrial and financial corporate bonds. Most of our active performance is generated by security selection. Sector and country allocations also add to our outperformance. The results are based on the in-depth credit analysis by our credit teams in collaboration with LAM's equity professionals. &#xd;&#xa;"/>
        </productLanguages>
        <defaultShareClass jcr:primaryType="nt:unstructured"/>
        <shareClasses jcr:primaryType="nt:unstructured">
            <_x0035_0
                jcr:primaryType="nt:unstructured"
                countries="[AE,AT,AU,BE,BH,BN,BS,CA,CH,CN,DE,DK,ES,FI,FR,GB,HK,ID,IE,IL,IT,JP,LI,LU,MO,MT,MY,NL,NO,NZ,PG,PH,PT,SA,SE,SG,TH,TW,US,XX,ZA,XX]"
                currency="EUR"
                currencySymbol="€"
                fundId="{Long}24"
                fundingStatus="Open"
                inceptionDate="2001-02-01"
                isAuthorizedPending="{Boolean}false"
                isGLIF="{Boolean}false"
                isSMA="{Boolean}false"
                minimumInvestment="€30,000,000"
                primaryBenchmark="iBoxx EUR Corporate Index"
                vehicleId="{Long}1"
                vehicleName="Separate Account">
                <professionalOnlyCountries jcr:primaryType="nt:unstructured"/>
            </_x0035_0>
        </shareClasses>
        <platforms jcr:primaryType="nt:unstructured">
            <_x0039_8
                jcr:primaryType="nt:unstructured"
                countries="[AE,AT,AU,BE,BH,BN,CA,CH,CN,DE,DK,ES,FI,FR,GB,HK,ID,IE,IL,IT,JP,LI,LU,MO,MT,MY,NL,NO,NZ,PG,PH,PT,SA,SE,SG,TH,TW,US,XX,ZA]"
                regions="[4,19,22,1,18,5,16,2,21,3]"
                sortOrder="{Long}700"
                title="Fixed Income Platform"/>
        </platforms>
    </externalMetadata>
</jcr:root>
