<?xml version="1.0" encoding="UTF-8"?>
<jcr:root xmlns:jcr="http://www.jcp.org/jcr/1.0" xmlns:nt="http://www.jcp.org/jcr/nt/1.0" xmlns:mix="http://www.jcp.org/jcr/mix/1.0" xmlns:cq="http://www.day.com/jcr/cq/1.0" xmlns:sling="http://sling.apache.org/jcr/sling/1.0"
    jcr:primaryType="cq:Page">
    <jcr:content
        cq:lastModified="{Date}2024-11-04T16:13:21.548Z"
        cq:lastModifiedBy="products-service-user"
        cq:template="/conf/lam/settings/wcm/templates/fund-detail"
        jcr:isCheckedOut="{Boolean}true"
        jcr:mixinTypes="[mix:versionable]"
        jcr:primaryType="cq:PageContent"
        jcr:title="Lazard US Equity Select"
        jcr:uuid="8b274129-9d1c-4666-b945-ace66e219d41"
        sling:resourceType="lam/components/page"
        productType="Fund">
        <root
            jcr:primaryType="nt:unstructured"
            sling:resourceType="lam/components/container"
            layout="responsiveGrid">
            <container
                jcr:primaryType="nt:unstructured"
                sling:resourceType="lam/components/container"
                layout="responsiveGrid"/>
        </root>
    </jcr:content>
    <productData
        jcr:primaryType="nt:unstructured"
        title="Lazard US Equity Select"
        type="Fund"/>
    <disclaimerMappings jcr:primaryType="nt:unstructured">
        <DisclaimerLabel
            jcr:primaryType="nt:unstructured"
            approvedLanguages="[en_us]"
            disclaimerPaths="[/content/dam/lazard-asset-management/disclaimers/en_us/2078031161]"
            isGlobalProductMapping="{Boolean}true"
            type="DisclaimerLabel"/>
        <DisclaimerCharacteristics jcr:primaryType="nt:unstructured"/>
    </disclaimerMappings>
    <externalMetadata
        jcr:primaryType="nt:unstructured"
        assetClasses="[Equity]"
        availableOnInvestmentPlatform="{Boolean}false"
        benchmarkName="S&amp;P 500 Index"
        categorySortOrder="{Long}999999"
        hasSMAonly="{Boolean}false"
        languages="[en-au,en-de,en-gb,en-us,fr-ca,ja-jp]"
        pmTeamAsOfDate="2024-09-30"
        pmTeamMembers="[]"
        sortOrderWithinCategory="{Long}99999"
        strategyId="{Long}68"
        subStrategyId="{Long}159"
        suppressBenchmarks="{Boolean}false"
        umbrellaNumDigitsDividend="{Long}4"
        umbrellaNumDigitsNav="{Long}4">
        <productLanguages jcr:primaryType="nt:unstructured">
            <en-us
                jcr:primaryType="nt:unstructured"
                shortDesc="Lazard US Equity Select is an actively managed US equity portfolio, seeking to outperform the S&amp;P 500 Index over a full market cycle. The strategy seeks to invest in attractively valued companies with strong and/or improving financial productivity (e.g., cash flow return on investment, return on equity, return on assets, free cash flow). It typically invests in 50 to 55 securities, with an official range of 35 to 55 securities with market capitalizations generally over $5 billion."/>
            <en-gb
                jcr:primaryType="nt:unstructured"
                shortDesc="Lazard US Equity Select is an actively managed US equity portfolio, seeking to outperform the S&amp;P 500 Index over a full market cycle. The strategy seeks to invest in attractively valued companies with strong and/or improving financial productivity (e.g., cash flow return on investment, return on equity, return on assets, free cash flow). It typically invests in 50 to 55 securities, with an official range of 35 to 55 securities with market capitalizations generally over $5 billion."/>
        </productLanguages>
        <defaultShareClass jcr:primaryType="nt:unstructured"/>
        <shareClasses jcr:primaryType="nt:unstructured">
            <_x0032_3
                jcr:primaryType="nt:unstructured"
                countries="[AU,BN,BS,CA,CN,GB,HK,ID,JP,MO,MY,NZ,PG,PH,SG,TH,TW,US,XX]"
                currency="USD"
                currencySymbol="US$"
                fundId="{Long}4"
                fundingStatus="Open"
                inceptionDate="1993-10-01"
                isAuthorizedPending="{Boolean}false"
                isGLIF="{Boolean}false"
                isSMA="{Boolean}false"
                minimumInvestment="US$5,000,000 std fee, US$25,000,000 perf fee"
                primaryBenchmark="S&amp;P 500 Index"
                vehicleId="{Long}1"
                vehicleName="Separate Account">
                <professionalOnlyCountries jcr:primaryType="nt:unstructured"/>
            </_x0032_3>
            <_x0031_18
                jcr:primaryType="nt:unstructured"
                countries="[AU,BN,BS,CA,CN,GB,HK,ID,JP,MO,MY,NZ,PG,PH,SG,TH,TW,US,XX]"
                currency="USD"
                currencySymbol="US$"
                fundId="{Long}4"
                fundingStatus="Open"
                inceptionDate="2006-01-01"
                isAuthorizedPending="{Boolean}false"
                isGLIF="{Boolean}false"
                isSMA="{Boolean}true"
                minimumInvestment="US$ 100,000"
                primaryBenchmark="S&amp;P 500 Index"
                title="SMA"
                vehicleId="{Long}1"
                vehicleName="Separate Account">
                <professionalOnlyCountries jcr:primaryType="nt:unstructured"/>
            </_x0031_18>
        </shareClasses>
        <platforms jcr:primaryType="nt:unstructured">
            <_x0039_5
                jcr:primaryType="nt:unstructured"
                countries="[CA,GB,JP,US]"
                regions="[16,2,1]"
                sortOrder="{Long}300"
                title="US Equity Platform"/>
            <_x0033_1183
                jcr:primaryType="nt:unstructured"
                countries="[AU,NZ,PG]"
                regions="[5]"
                sortOrder="{Long}9300"
                title="Australian Regional Equities Platform"/>
            <_x0033_1185
                jcr:primaryType="nt:unstructured"
                countries="[BN,CN,HK,ID,MO,MY,PH,SG,TH,TW]"
                regions="[19]"
                sortOrder="{Long}9500"
                title="Singapore Regional Equities Platform"/>
        </platforms>
    </externalMetadata>
</jcr:root>
