<?xml version="1.0" encoding="UTF-8"?>
<jcr:root xmlns:jcr="http://www.jcp.org/jcr/1.0" xmlns:cq="http://www.day.com/jcr/cq/1.0"
    jcr:primaryType="cq:Page">
    <qa-lam-tests/>
    <language-masters/>
    <uk/>
    <at/>
    <be/>
    <da/>
    <fi/>
    <fr/>
    <de/>
    <ie/>
    <it/>
    <li/>
    <lu/>
    <nl/>
    <no/>
    <pt/>
    <es/>
    <ch/>
    <au/>
    <hk/>
    <jp/>
    <sg/>
    <kr/>
    <ae/>
    <lam-tests/>
    <dev-team-home/>
    <jcr:content/>
    <us/>
    <ca-editor/>
    <dk/>
    <se/>
    <ams/>
</jcr:root>
