<?xml version="1.0" encoding="UTF-8"?>
<jcr:root xmlns:jcr="http://www.jcp.org/jcr/1.0" xmlns:nt="http://www.jcp.org/jcr/nt/1.0" xmlns:cq="http://www.day.com/jcr/cq/1.0" xmlns:sling="http://sling.apache.org/jcr/sling/1.0"
    jcr:primaryType="cq:Page">
    <jcr:content
        cq:lastModified="{Date}2024-07-15T20:33:52.408Z"
        cq:lastModifiedBy="products-service-user"
        cq:template="/conf/lam/settings/wcm/templates/fund-detail"
        jcr:primaryType="cq:PageContent"
        jcr:title="Lazard Real Assets"
        sling:resourceType="lam/components/page"
        productType="Fund">
        <root
            jcr:primaryType="nt:unstructured"
            sling:resourceType="lam/components/container"
            layout="responsiveGrid">
            <container
                jcr:primaryType="nt:unstructured"
                sling:resourceType="lam/components/container"
                layout="responsiveGrid"/>
        </root>
    </jcr:content>
    <productData
        jcr:primaryType="nt:unstructured"
        title="Lazard Real Assets"
        type="Fund"/>
    <externalMetadata
        jcr:primaryType="nt:unstructured"
        assetClasses="[Multi-Asset]"
        availableOnInvestmentPlatform="{Boolean}false"
        category="Real Assets"
        categorySortOrder="{Long}400"
        hasSMAonly="{Boolean}false"
        languages="[da-dk,de-de,en-au,en-de,en-gb,en-us,es-es,fii-fi,fr-be,fr-ca,fr-fr,nb-no,nl-nl,pt-pt,sv-se]"
        pmTeamMembers="[]"
        sortOrderWithinCategory="{Long}730"
        strategyId="{Long}193"
        subStrategyId="{Long}480"
        suppressBenchmarks="{Boolean}false"
        umbrellaNumDigitsDividend="{Long}4"
        umbrellaNumDigitsNav="{Long}4">
        <productLanguages jcr:primaryType="nt:unstructured">
            <en-us
                jcr:primaryType="nt:unstructured"
                shortDesc="Lazard Real Assets aims to provide a multi-faceted approach to different inflationary forces while seeking to generate current income and capital appreciation. The strategy invests in liquid real assets, including real estate investment trusts (REITs), listed infrastructure companies, commodity futures, companies affected by commodity prices and broader inflation trends, with the ability to go into global inflation-linked bonds."/>
        </productLanguages>
        <defaultShareClass jcr:primaryType="nt:unstructured"/>
        <shareClasses jcr:primaryType="nt:unstructured">
            <_x0032_105
                jcr:primaryType="nt:unstructured"
                countries="[AE,AU,BE,BH,BN,BS,CA,CN,DK,ES,FI,FR,GB,HK,ID,IE,IL,LU,MO,MT,MY,NL,NO,NZ,PG,PH,PT,SA,SE,SG,TH,TW,US,XX,ZA,XX]"
                currency="USD"
                fundId="{Long}847"
                fundingStatus="Open"
                inceptionDate="2015-01-27"
                isAuthorizedPending="{Boolean}false"
                isGLIF="{Boolean}false"
                isSMA="{Boolean}false"
                minimumInvestment="100 000 000 USD"
                primaryBenchmark="1/3 MSCI World Core Infrastructure USD Hedged, 1/3 MSCI ACWI IMI Core Real Estate and 1/3 Bloomberg Commodity Total Return"
                vehicleId="{Long}1"
                vehicleName="Separate Account">
                <professionalOnlyCountries jcr:primaryType="nt:unstructured"/>
            </_x0032_105>
        </shareClasses>
        <platforms jcr:primaryType="nt:unstructured">
            <_x0039_2
                jcr:primaryType="nt:unstructured"
                countries="[CA,US]"
                regions="[1]"
                sortOrder="{Long}100"
                title="Global Equity Platform"/>
            <_x0031_01
                jcr:primaryType="nt:unstructured"
                countries="[AE,AU,BE,BH,BN,CA,CN,DK,ES,FI,FR,GB,HK,ID,IE,IL,LU,MO,MT,MY,NL,NO,NZ,PG,PH,PT,SA,SE,SG,TH,TW,US,XX,ZA]"
                regions="[19,1,22,3,5,2]"
                sortOrder="{Long}1100"
                title="Multi-Asset/Asset Allocation Platform"/>
            <_x0033_0856
                jcr:primaryType="nt:unstructured"
                countries="[AE,BE,BH,CA,DK,ES,FI,FR,GB,IE,IL,LU,MT,NL,NO,PT,SA,SE,US,XX,ZA]"
                regions="[22,3,2,1]"
                sortOrder="{Long}8900"
                title="Real Assets Platform"/>
        </platforms>
    </externalMetadata>
    <disclaimerMappings jcr:primaryType="nt:unstructured">
        <DisclaimerLabel
            jcr:primaryType="nt:unstructured"
            approvedLanguages="[en_us]"
            disclaimerPaths="[/content/dam/lazard-asset-management/disclaimers/en_us/2078031161/jcr:content/indexedData/master]"
            isGlobalProductMapping="{Boolean}true"
            placeholderKeys="[]"
            type="DisclaimerLabel"/>
    </disclaimerMappings>
</jcr:root>
