<?xml version="1.0" encoding="UTF-8"?>
<jcr:root xmlns:jcr="http://www.jcp.org/jcr/1.0" xmlns:nt="http://www.jcp.org/jcr/nt/1.0" xmlns:cq="http://www.day.com/jcr/cq/1.0" xmlns:sling="http://sling.apache.org/jcr/sling/1.0"
    jcr:primaryType="cq:Page">
    <jcr:content
        cq:isDelivered="{Boolean}false"
        cq:lastModified="{Date}2024-07-13T01:07:29.483Z"
        cq:lastModifiedBy="sophia.ponce@lazard.com"
        cq:lastReplicated="{Date}2024-06-04T14:56:19.788Z"
        cq:lastReplicated_publish="{Date}2024-06-04T14:56:19.788Z"
        cq:lastReplicatedBy="workflow-process-service"
        cq:lastReplicatedBy_publish="workflow-process-service"
        cq:lastReplicationAction="Activate"
        cq:lastReplicationAction_publish="Activate"
        cq:template="/conf/lam/settings/wcm/templates/thought-leadership-hub"
        jcr:mixinTypes="[cq:ReplicationStatus2]"
        jcr:primaryType="cq:PageContent"
        jcr:title="How To Invest"
        sling:resourceType="lam/components/page"
        category="strategy"
        headerTheme="dark"
        linkType="internal"
        nodesMoved="{Boolean}true"
        pageProductData="fund-listing">
        <root
            jcr:primaryType="nt:unstructured"
            sling:resourceType="lam/components/container"
            layout="responsiveGrid">
            <container
                jcr:primaryType="nt:unstructured"
                sling:resourceType="lam/components/container"
                layout="responsiveGrid">
                <container
                    jcr:primaryType="nt:unstructured"
                    sling:resourceType="lam/components/container"
                    layout="responsiveGrid"/>
            </container>
        </root>
    </jcr:content>
    <mutual-fund/>
    <closed-end-funds/>
    <etfs/>
    <ucits/>
    <onshore-funds/>
    <offshore-funds/>
</jcr:root>
