<?xml version="1.0" encoding="UTF-8"?>
<jcr:root xmlns:jcr="http://www.jcp.org/jcr/1.0" xmlns:nt="http://www.jcp.org/jcr/nt/1.0" xmlns:cq="http://www.day.com/jcr/cq/1.0" xmlns:sling="http://sling.apache.org/jcr/sling/1.0"
    jcr:primaryType="cq:Page">
    <jcr:content
        cq:lastModified="{Date}2024-10-25T17:09:33.916Z"
        cq:lastModifiedBy="products-service-user"
        cq:template="/conf/lam/settings/wcm/templates/fund-detail"
        jcr:primaryType="cq:PageContent"
        jcr:title="Norden Sri"
        sling:resourceType="lam/components/page"
        productType="Fund">
        <root
            jcr:primaryType="nt:unstructured"
            sling:resourceType="lam/components/container"
            layout="responsiveGrid">
            <container
                jcr:primaryType="nt:unstructured"
                sling:resourceType="lam/components/container"
                layout="responsiveGrid"/>
        </root>
    </jcr:content>
    <productData
        jcr:primaryType="nt:unstructured"
        title="Norden Sri"
        type="Fund"/>
    <disclaimerMappings jcr:primaryType="nt:unstructured">
        <DisclaimerLabel
            jcr:primaryType="nt:unstructured"
            approvedLanguages="[en_us]"
            disclaimerPaths="[/content/dam/lazard-asset-management/disclaimers/en_us/2078031161]"
            isGlobalProductMapping="{Boolean}true"
            type="DisclaimerLabel"/>
        <DisclaimerCharacteristics
            jcr:primaryType="nt:unstructured"
            approvedLanguages="[en_be,en_ch,en_es,en_fi,en_fr,en_gb,en_ie,en_it,en_li,en_lu,en_nl,en_no,en_pt,en_se]"
            disclaimerPaths="[/content/dam/lazard-asset-management/disclaimers/en_us/860061669]"
            isGlobalProductMapping="{Boolean}false"
            type="DisclaimerCharacteristics"/>
    </disclaimerMappings>
    <externalMetadata
        jcr:primaryType="nt:unstructured"
        assetClasses="[Equity]"
        availableOnInvestmentPlatform="{Boolean}false"
        benchmarkName="MSCI Nordic Countries Index"
        category="Equity"
        categorySortOrder="{Long}100"
        hasSMAonly="{Boolean}false"
        languages="[de-at,de-ch,de-de,en-au,en-de,en-gb,en-us,es-es,fr-be,fr-ca,fr-fr,it-de,it-it,nl-nl,pt-pt]"
        pmTeamAsOfDate="2024-09-30"
        pmTeamMembers="[]"
        publishByCountry="{Boolean}false"
        sfdrCategory="{Long}8"
        sortOrderWithinCategory="{Long}210"
        strategyId="{Long}217"
        subStrategyId="{Long}461"
        suppressBenchmarks="{Boolean}false"
        umbrellaName="NORDEN"
        umbrellaNumDigitsDividend="{Long}4"
        umbrellaNumDigitsNav="{Long}4">
        <productLanguages jcr:primaryType="nt:unstructured">
            <de-de
                jcr:primaryType="nt:unstructured"
                shortDesc="Der Norden SRI Fonds verfolgt einen SRI-Anlageansatz und zielt darauf ab, über eine Mindestanlagedauer von fünf Jahren eine bessere Wertentwicklung als der MSCI Nordic Index in Euro (inkl. Wiederanlage der Nettodividenden) zu erzielen. Das konzentrierte Portfolio mit 35 bis 60 Titeln investiert hauptsächlich in Aktien von Unternehmen mit hoher Marktkapitalisierung aus den nordischen Ländern."/>
            <en-us
                jcr:primaryType="nt:unstructured"
                shortDesc="Applying an SRI investment approach, Norden SRI aims to achieve a performance greater than the MSCI Nordic Index in euro with net dividends reinvested, over a minimum investment term of five years. This concentrated portfolio of between 35 and 60 stocks invests mainly in Nordic countries' large-cap equities."/>
            <en-gb
                jcr:primaryType="nt:unstructured"
                shortDesc="Applying an SRI investment approach, Norden SRI aims to achieve a performance greater than the MSCI Nordic Index in euro with net dividends reinvested, over a minimum investment term of five years. This concentrated portfolio of between 35 and 60 stocks invests mainly in Nordic countries' large-cap equities."/>
        </productLanguages>
        <defaultShareClass
            jcr:primaryType="nt:unstructured"
            AT="{Long}1402"
            BE="{Long}1402"
            CH="{Long}1402"
            DE="{Long}1402"
            ES="{Long}1402"
            FR="{Long}1402"
            IT="{Long}1402"
            LU="{Long}1402"
            PT="{Long}1402"/>
        <shareClasses jcr:primaryType="nt:unstructured">
            <_x0031_402
                jcr:primaryType="nt:unstructured"
                annualManagementCharge="0.02%"
                countries="[AT,BE,CH,DE,ES,FR,IT,LU,PT,XX]"
                currency="EUR"
                currencySymbol="€"
                fundId="{Long}541"
                fundingStatus="Open"
                inceptionDate="1995-01-02"
                initialCharge="4.00%"
                isAuthorizedPending="{Boolean}false"
                isGLIF="{Boolean}false"
                isin="FR0000299356"
                isSMA="{Boolean}false"
                minimumInvestment="1"
                primaryBenchmark="MSCI Nordic Countries Index"
                sedol="B03N362"
                ticker="VERNORD"
                title="NORDEN SRI"
                vehicleId="{Long}16"
                vehicleName="UCITS (France)"
                wknCd="A1CUEX">
                <professionalOnlyCountries
                    jcr:primaryType="nt:unstructured"
                    AT="{Boolean}false"
                    BE="{Boolean}false"
                    CH="{Boolean}false"
                    DE="{Boolean}false"
                    ES="{Boolean}false"
                    FR="{Boolean}false"
                    IT="{Boolean}false"
                    LU="{Boolean}false"
                    PT="{Boolean}false"/>
            </_x0031_402>
        </shareClasses>
        <platforms jcr:primaryType="nt:unstructured">
            <_x0039_6
                jcr:primaryType="nt:unstructured"
                countries="[BM]"
                regions="[20]"
                sortOrder="{Long}400"
                title="European Equity Platform"/>
        </platforms>
    </externalMetadata>
</jcr:root>
