<?xml version="1.0" encoding="UTF-8"?>
<jcr:root xmlns:jcr="http://www.jcp.org/jcr/1.0" xmlns:nt="http://www.jcp.org/jcr/nt/1.0" xmlns:cq="http://www.day.com/jcr/cq/1.0" xmlns:sling="http://sling.apache.org/jcr/sling/1.0"
    jcr:primaryType="cq:Page">
    <jcr:content
        cq:lastModified="{Date}2024-10-25T15:05:18.132Z"
        cq:lastModifiedBy="products-service-user"
        cq:template="/conf/lam/settings/wcm/templates/fund-detail"
        jcr:primaryType="cq:PageContent"
        jcr:title="Lazard US Core"
        sling:resourceType="lam/components/page"
        productType="Fund">
        <root
            jcr:primaryType="nt:unstructured"
            sling:resourceType="lam/components/container"
            layout="responsiveGrid">
            <container
                jcr:primaryType="nt:unstructured"
                sling:resourceType="lam/components/container"
                layout="responsiveGrid"/>
        </root>
    </jcr:content>
    <productData
        jcr:primaryType="nt:unstructured"
        title="Lazard US Core"
        type="Fund"/>
    <disclaimerMappings jcr:primaryType="nt:unstructured">
        <DisclaimerLabel
            jcr:primaryType="nt:unstructured"
            approvedLanguages="[en_us]"
            disclaimerPaths="[/content/dam/lazard-asset-management/disclaimers/en_us/2078031161]"
            isGlobalProductMapping="{Boolean}true"
            type="DisclaimerLabel"/>
    </disclaimerMappings>
    <externalMetadata
        jcr:primaryType="nt:unstructured"
        assetClasses="[Fixed Income]"
        availableOnInvestmentPlatform="{Boolean}false"
        benchmarkName="Bloomberg US Aggregate Index"
        category="Fixed Income"
        categorySortOrder="{Long}300"
        hasSMAonly="{Boolean}false"
        languages="[da-dk,de-at,de-ch,de-de,en-au,en-de,en-gb,en-us,es-es,fii-fi,fr-be,fr-ca,fr-fr,it-de,it-it,nb-no,nl-nl,pt-pt,sv-se]"
        pmTeamAsOfDate="2024-09-30"
        pmTeamMembers="[]"
        publishByCountry="{Boolean}false"
        sortOrderWithinCategory="{Long}810"
        strategyId="{Long}66"
        subStrategyId="{Long}161"
        suppressBenchmarks="{Boolean}false"
        umbrellaNumDigitsDividend="{Long}4"
        umbrellaNumDigitsNav="{Long}4">
        <productLanguages jcr:primaryType="nt:unstructured">
            <en-us
                jcr:primaryType="nt:unstructured"
                productHighlight="Designed as a principal part of a fixed income allocation and seeks to outperform the total return of the investment grade bond market.&#xd;&#xa;Relies on fundamental security selection and disciplined portfolio construction.&#xd;&#xa;Seeks to avoid downside loss due to permanent capital impairment.&#xd;&#xa;Tactical allocation to sectors based on a true understanding of the relative risk and return characteristics of credits and structure."
                shortDesc="Lazard US Core seeks to achieve two key objectives, which are to outperform the returns of the investment grade bond market as represented by the Bloomberg Barclays US Aggregate Index and to preserve capital. The strategy relies on fundamental security selection and disciplined portfolio construction as it seeks to generate excess returns within a volatility framework that is representative of investment grade active management."/>
            <en-gb
                jcr:primaryType="nt:unstructured"
                productHighlight="Designed as a principal part of a fixed income allocation and seeks to outperform the total return of the investment grade bond market.&#xd;&#xa;Relies on fundamental security selection and disciplined portfolio construction.&#xd;&#xa;Seeks to avoid downside loss due to permanent capital impairment.&#xd;&#xa;Tactical allocation to sectors based on a true understanding of the relative risk and return characteristics of credits and structure."
                shortDesc="Lazard US Core seeks to achieve two key objectives, which are to outperform the returns of the investment grade bond market as represented by the Bloomberg Barclays US Aggregate Index and to preserve capital. The strategy relies on fundamental security selection and disciplined portfolio construction as it seeks to generate excess returns within a volatility framework that is representative of investment grade active management."/>
        </productLanguages>
        <defaultShareClass jcr:primaryType="nt:unstructured"/>
        <shareClasses jcr:primaryType="nt:unstructured">
            <_x0035_8
                jcr:primaryType="nt:unstructured"
                countries="[AE,AT,AU,BE,BH,BN,BS,CA,CH,CN,DE,DK,ES,FI,FR,GB,HK,ID,IE,IL,IT,LI,LU,MO,MT,MY,NL,NO,NZ,PG,PH,PT,SA,SE,SG,TH,TW,US,XX,ZA]"
                currency="USD"
                currencySymbol="US$"
                fundId="{Long}32"
                fundingStatus="Open"
                inceptionDate="1986-01-01"
                isAuthorizedPending="{Boolean}false"
                isGLIF="{Boolean}false"
                isSMA="{Boolean}false"
                minimumInvestment="US$ 100,000,000"
                primaryBenchmark="Bloomberg US Aggregate Index"
                vehicleId="{Long}1"
                vehicleName="Separate Account">
                <professionalOnlyCountries jcr:primaryType="nt:unstructured"/>
            </_x0035_8>
        </shareClasses>
        <platforms jcr:primaryType="nt:unstructured">
            <_x0039_8
                jcr:primaryType="nt:unstructured"
                countries="[AE,AT,AU,BE,BH,BN,CA,CH,CN,DE,DK,ES,FI,FR,GB,HK,ID,IE,IL,IT,LI,LU,MO,MT,MY,NL,NO,NZ,PG,PH,PT,SA,SE,SG,TH,TW,US,XX,ZA]"
                regions="[19,4,22,1,5,18,2,3,21]"
                sortOrder="{Long}700"
                title="Fixed Income Platform"/>
        </platforms>
    </externalMetadata>
</jcr:root>
