<?xml version="1.0" encoding="UTF-8"?>
<jcr:root xmlns:jcr="http://www.jcp.org/jcr/1.0" xmlns:nt="http://www.jcp.org/jcr/nt/1.0" xmlns:cq="http://www.day.com/jcr/cq/1.0" xmlns:sling="http://sling.apache.org/jcr/sling/1.0"
    jcr:primaryType="cq:Page">
    <jcr:content
        cq:lastModified="{Date}2024-07-15T20:43:00.481Z"
        cq:lastModifiedBy="products-service-user"
        cq:template="/conf/lam/settings/wcm/templates/fund-detail"
        jcr:primaryType="cq:PageContent"
        jcr:title="Lazard Global Convertibles"
        sling:resourceType="lam/components/page"
        productType="Fund">
        <root
            jcr:primaryType="nt:unstructured"
            sling:resourceType="lam/components/container"
            layout="responsiveGrid">
            <container
                jcr:primaryType="nt:unstructured"
                sling:resourceType="lam/components/container"
                layout="responsiveGrid"/>
        </root>
    </jcr:content>
    <productData
        jcr:primaryType="nt:unstructured"
        title="Lazard Global Convertibles"
        type="Fund"/>
    <externalMetadata
        jcr:primaryType="nt:unstructured"
        assetClasses="[Fixed Income]"
        availableOnInvestmentPlatform="{Boolean}false"
        category="Fixed Income"
        categorySortOrder="{Long}300"
        hasSMAonly="{Boolean}false"
        languages="[da-dk,de-at,de-ch,de-de,en-au,en-de,en-gb,en-us,es-es,fii-fi,fr-be,fr-ca,fr-fr,it-de,it-it,ja-jp,nb-no,nl-nl,pt-pt,sv-se]"
        pmTeamMembers="[]"
        sortOrderWithinCategory="{Long}680"
        strategyId="{Long}216"
        subStrategyId="{Long}491"
        suppressBenchmarks="{Boolean}false"
        umbrellaNumDigitsDividend="{Long}4"
        umbrellaNumDigitsNav="{Long}4">
        <productLanguages jcr:primaryType="nt:unstructured">
            <en-us
                jcr:primaryType="nt:unstructured"
                shortDesc="Lazard Global Convertibles seeks to outperform the Thomson Reuters Convertible Global Focus Index over an extended time frame. The investment team employs a fundamental, bottom-up approach that utilizes rigorous qualitative and quantitative analysis to drive security selection, complemented by a top-down process that guides tactical positioning. The portfolio will primarily consist of global convertible bonds, with a maximum 10% equity position reflecting bond conversions and typically holds between 60 and 75 securities, selected from a universe of 900 to 1000 convertible bonds. The investment team may employ futures contracts to adjust the strategy's overall exposures to currencies, interest rates, and equities and may use currency forwards, primarily for hedging purposes. No leverage is employed in the management of this strategy."/>
            <de-de
                jcr:primaryType="nt:unstructured"
                longDesc="Die Lazard Global Convertibles-Strategie zielt darauf ab, den FTSE Global Focus Convertible EUR Index nachhaltig zu übertreffen.  Das Investmentteam verfolgt einen fundamentalen Bottom-up-Ansatz, der eine gründliche qualitative und quantitative Analyse verfolgt, um die Auswahl der Wertpapiere zu optimieren, und durch einen Top-Down-Prozess ergänzt wird, der die taktische Positionierung steuert. Das Portfolio besteht hauptsächlich aus globalen Wandelanleihen mit einer maximalen Aktienquote von 10 % aufgrund von Anleihewandlungen und besteht typischerweise aus 60 bis 75 Wertpapieren, die aus einem Universum von 900 bis 1000 Wandelanleihen ausgewählt werden. Das Investmentteam kann Futures-Kontrakte abschließen, um das Gesamtrisiko der Strategie gegenüber Währungen, Zinssätzen und Aktien anzupassen, und Währungs-Forwards insbesondere zu Sicherungszwecken einsetzen. Das Management der Strategie erfolgt ohne Hebel (Leverage)."/>
            <ja-jp
                jcr:primaryType="nt:unstructured"
                strategyTitle="グローバル転換社債"/>
        </productLanguages>
        <defaultShareClass jcr:primaryType="nt:unstructured"/>
        <shareClasses jcr:primaryType="nt:unstructured">
            <_x0035_033
                jcr:primaryType="nt:unstructured"
                countries="[AE,AT,AU,BE,BH,BN,BS,CA,CH,CN,DE,DK,ES,FI,FR,GB,HK,ID,IE,IL,IT,JP,LI,LU,MO,MT,MY,NL,NO,NZ,PG,PH,PT,SA,SE,SG,TH,TW,US,XX,ZA,XX]"
                fundId="{Long}2133"
                fundingStatus="Open"
                isAuthorizedPending="{Boolean}false"
                isGLIF="{Boolean}false"
                isSMA="{Boolean}false"
                minimumInvestment="EUR 40,000,000"
                primaryBenchmark="Refinitiv Convertible Global Focus"
                vehicleId="{Long}1"
                vehicleName="Separate Account">
                <professionalOnlyCountries jcr:primaryType="nt:unstructured"/>
            </_x0035_033>
        </shareClasses>
        <platforms jcr:primaryType="nt:unstructured">
            <_x0039_8
                jcr:primaryType="nt:unstructured"
                countries="[AE,AU,BE,BH,BN,CN,DK,ES,FI,FR,GB,HK,ID,IE,IL,JP,LU,MO,MT,MY,NL,NO,NZ,PG,PH,PT,SA,SE,SG,TH,TW,XX,ZA]"
                regions="[19,22,5,16,2,3]"
                sortOrder="{Long}700"
                title="Fixed Income Platform"/>
            <_x0031_00
                jcr:primaryType="nt:unstructured"
                countries="[AE,BH,DK,ES,FI,IE,IL,LU,MT,NL,NO,SA,SE,XX,ZA]"
                regions="[3]"
                sortOrder="{Long}1000"
                title="Alternative Investments Platform"/>
            <_x0033_9865
                jcr:primaryType="nt:unstructured"
                countries="[AE,AT,BE,BH,CA,CH,DE,DK,ES,FI,FR,IE,IL,IT,JP,LI,LU,MT,NL,NO,PT,SA,SE,US,XX,ZA]"
                regions="[16,22,18,1,4,3,21]"
                sortOrder="{Long}650"
                title="Convertibles Platform"/>
        </platforms>
    </externalMetadata>
</jcr:root>
