<?xml version="1.0" encoding="UTF-8"?>
<jcr:root xmlns:jcr="http://www.jcp.org/jcr/1.0" xmlns:nt="http://www.jcp.org/jcr/nt/1.0" xmlns:cq="http://www.day.com/jcr/cq/1.0" xmlns:sling="http://sling.apache.org/jcr/sling/1.0"
    jcr:primaryType="cq:Page">
    <jcr:content
        cq:lastModified="{Date}2024-09-17T20:55:35.176Z"
        cq:lastModifiedBy="products-service-user"
        cq:template="/conf/lam/settings/wcm/templates/strategy-detail"
        jcr:primaryType="cq:PageContent"
        jcr:title="Scandinavian High Quality"
        sling:resourceType="lam/components/page"
        assetClass="assetClass0"
        hideInNav="true"
        linkType="internal"
        pageProductData="fund-listing"
        productType="Strategy"
        pwaCachestrategy="staleWhileRevalidate"
        pwaDisplay="standalone"
        pwaOrientation="any">
        <root
            jcr:primaryType="nt:unstructured"
            sling:resourceType="lam/components/container"
            layout="responsiveGrid">
            <container
                jcr:primaryType="nt:unstructured"
                sling:resourceType="lam/components/container"
                layout="responsiveGrid"/>
        </root>
        <cq:featuredimage
            jcr:lastModified="{Date}2024-07-30T18:29:02.466Z"
            jcr:lastModifiedBy="bassel.eladas@lazard.com"
            jcr:primaryType="nt:unstructured"
            sling:resourceType="core/wcm/components/image/v3/image"
            altValueFromDAM="true"/>
    </jcr:content>
    <productData
        jcr:primaryType="nt:unstructured"
        title="Scandinavian High Quality"
        type="Strategy"/>
    <externalMetadata
        jcr:primaryType="nt:unstructured"
        assetClasses="[Fixed Income]"
        aumCurrency="USD"
        aumCurrencySymbol="US$"
        isEMD="{Boolean}false"
        isSMA="{Boolean}false"
        languages="[da-dk,de-at,de-ch,de-de,en-au,en-de,en-gb,en-us,es-es,fii-fi,fr-be,fr-ca,fr-fr,it-de,it-it,ja-jp,ko-kr,nb-no,nl-nl,sv-se]"
        pmTeamAsOfDate="2024-06-30"
        shareClassIds="[6921]">
        <productLanguages jcr:primaryType="nt:unstructured">
            <en-us
                jcr:primaryType="nt:unstructured"
                strategyDesc="The Lazard Scandinavian High Quality strategy is a diversified bond portfolio and invests in all bond segments. The investment universe comprises Scandinavian issuers issuing in local or hard currency and global issuers issuing in Scandinavian local currencies. The strategy combines a bottom-up fundamental analysis and security selection with a top-down asset allocation. An in-depth security analysis based on quantitative and qualitative factors seeks to identify investment opportunities. The strategy aims to produce attractive medium-term to long-term investment returns while maintaining a very high credit rating profile."
                tagline="Seeks to deliver attractive risk adjusted returns through high-quality bond investments in Scandinavia"/>
            <de-de
                jcr:primaryType="nt:unstructured"
                germanyFundObjective="Langfristiges Kapitalwachstum durch die Anlage in&#xd;&#xa;skandinavische Anleihen"
                strategyDesc="Die Lazard Scandinavian High Quality Strategie ist ein diversifiziertes Anleihenportfolio und investiert in alle Anleihensegmente. Das Anlageuniversum umfasst skandinavische Emittenten, die in lokaler oder harter Währung emittieren, sowie globale Emittenten, die in skandinavischen lokalen Währungen emittieren. Die Strategie kombiniert eine Bottom-up Fundamentanalyse und Einzeltitelauswahl mit einer Top-down Asset-Allokation. Eine detaillierte Einzeltitelanalyse, die auf quantitativen und qualitativen Faktoren basiert, zielt darauf ab, geeignete Anlagemöglichkeiten zu identifizieren. Ziel der Strategie ist es, mittel- bis langfristig attraktive Anlageerträge zu erzielen und gleichzeitig ein sehr hohes Bonitätsprofil zu wahren."/>
        </productLanguages>
        <platforms jcr:primaryType="nt:unstructured">
            <_x0039_8
                jcr:primaryType="nt:unstructured"
                countries="[AT,BM,CA,DE,IT,US]"
                regions="[4,1,18,20]"
                sortOrder="{Long}700"
                title="Fixed Income Platform"/>
        </platforms>
        <pmTeamMembers jcr:primaryType="nt:unstructured">
            <_x0030_
                jcr:primaryType="nt:unstructured"
                bioId="{Long}365"
                firstName="Jan"
                isLead="{Boolean}true"
                lastName="Schopen"
                sortOrder="{Long}1"/>
            <_x0031_
                jcr:primaryType="nt:unstructured"
                bioId="{Long}99"
                firstName="Benjamin"
                isLead="{Boolean}false"
                lastName="Dietrich"
                sortOrder="{Long}2"/>
            <_x0032_
                jcr:primaryType="nt:unstructured"
                bioId="{Long}484"
                firstName="Daniel"
                isLead="{Boolean}false"
                lastName="Herdt"
                sortOrder="{Long}2"/>
            <_x0033_
                jcr:primaryType="nt:unstructured"
                bioId="{Long}350"
                firstName="Thomas"
                isLead="{Boolean}false"
                lastName="Roos"
                sortOrder="{Long}2"/>
            <_x0034_
                jcr:primaryType="nt:unstructured"
                bioId="{Long}443"
                firstName="Michael"
                isLead="{Boolean}false"
                lastName="Weidner"
                sortOrder="{Long}2"/>
        </pmTeamMembers>
        <webClassifications jcr:primaryType="nt:unstructured">
            <_x0030_
                jcr:primaryType="nt:unstructured"
                type="Geography"
                value="European"/>
            <_x0031_
                jcr:primaryType="nt:unstructured"
                type="Sector"
                value="Multi-sector"/>
            <_x0032_
                jcr:primaryType="nt:unstructured"
                type="Duration"
                value="Short"/>
            <_x0033_
                jcr:primaryType="nt:unstructured"
                type="Credit Quality"
                value="Investment Grade"/>
        </webClassifications>
        <subStrategies jcr:primaryType="nt:unstructured">
            <_x0035_95
                jcr:primaryType="nt:unstructured"
                defaultShareClass="{Long}6921"
                title="Scandinavian High Qty - Short Duration"/>
        </subStrategies>
    </externalMetadata>
    <disclaimerMappings jcr:primaryType="nt:unstructured">
        <DisclaimerLabel
            jcr:primaryType="nt:unstructured"
            approvedLanguages="[en_us]"
            disclaimerPaths="[]"
            isGlobalProductMapping="{Boolean}true"
            placeholderKeys="[]"
            type="DisclaimerLabel"/>
    </disclaimerMappings>
</jcr:root>
