<?xml version="1.0" encoding="UTF-8"?>
<jcr:root xmlns:jcr="http://www.jcp.org/jcr/1.0" xmlns:nt="http://www.jcp.org/jcr/nt/1.0" xmlns:cq="http://www.day.com/jcr/cq/1.0" xmlns:sling="http://sling.apache.org/jcr/sling/1.0"
    jcr:primaryType="cq:Page">
    <jcr:content
        cq:lastModified="{Date}2024-07-15T20:11:48.503Z"
        cq:lastModifiedBy="products-service-user"
        cq:template="/conf/lam/settings/wcm/templates/fund-detail"
        jcr:primaryType="cq:PageContent"
        jcr:title="Lazard International Discounted Assets"
        sling:resourceType="lam/components/page"
        productType="Fund">
        <root
            jcr:primaryType="nt:unstructured"
            sling:resourceType="lam/components/container"
            layout="responsiveGrid">
            <container
                jcr:primaryType="nt:unstructured"
                sling:resourceType="lam/components/container"
                layout="responsiveGrid"/>
        </root>
    </jcr:content>
    <productData
        jcr:primaryType="nt:unstructured"
        title="Lazard International Discounted Assets"
        type="Fund"/>
    <externalMetadata
        jcr:primaryType="nt:unstructured"
        assetClasses="[Equity]"
        availableOnInvestmentPlatform="{Boolean}false"
        category="Equity"
        categorySortOrder="{Long}100"
        hasSMAonly="{Boolean}false"
        languages="[en-au,en-de,en-gb,en-us,fr-ca]"
        pmTeamMembers="[]"
        sortOrderWithinCategory="{Long}225"
        strategyId="{Long}35"
        subStrategyId="{Long}214"
        suppressBenchmarks="{Boolean}false"
        umbrellaNumDigitsDividend="{Long}4"
        umbrellaNumDigitsNav="{Long}4">
        <productLanguages jcr:primaryType="nt:unstructured">
            <en-us
                jcr:primaryType="nt:unstructured"
                productHighlight="Pioneer investment team based in NY and London&#xd;&#xa;Access to often untapped universe of discounted assets-experienced team in narrowing the discount&#xd;&#xa;Differentiated investment approach seeks to provide a diversifying performance profile"
                shortDesc="Lazard International Discounted Assets seeks long-term capital appreciation by investing in companies trading at a discount to their estimated net asset value, sum of the parts valuation, underlying investments/businesses, etc. These companies include closed-end funds, investment trusts, holding companies, and special situations, which also own attractively priced underlying holdings, investments, or businesses. The strategy utilizes a corporate governance approach to seek to reduce or eliminate these discounts. It is managed using a bottom-up investment process and is benchmark unaware."/>
        </productLanguages>
        <defaultShareClass jcr:primaryType="nt:unstructured"/>
        <shareClasses jcr:primaryType="nt:unstructured">
            <_x0038_0
                jcr:primaryType="nt:unstructured"
                countries="[BS,CA,US,XX]"
                currency="USD"
                fundId="{Long}52"
                fundingStatus="Open"
                inceptionDate="1984-03-31"
                isAuthorizedPending="{Boolean}false"
                isGLIF="{Boolean}false"
                isSMA="{Boolean}false"
                minimumInvestment="10 000 000 USD"
                primaryBenchmark="MSCI All Country World ex-US Index"
                vehicleId="{Long}1"
                vehicleName="Separate Account">
                <professionalOnlyCountries jcr:primaryType="nt:unstructured"/>
            </_x0038_0>
        </shareClasses>
        <platforms jcr:primaryType="nt:unstructured">
            <_x0039_3
                jcr:primaryType="nt:unstructured"
                countries="[CA,US]"
                regions="[1]"
                sortOrder="{Long}200"
                title="International Equity Platform"/>
        </platforms>
    </externalMetadata>
</jcr:root>
