<?xml version="1.0" encoding="UTF-8"?>
<jcr:root xmlns:jcr="http://www.jcp.org/jcr/1.0" xmlns:nt="http://www.jcp.org/jcr/nt/1.0" xmlns:cq="http://www.day.com/jcr/cq/1.0" xmlns:sling="http://sling.apache.org/jcr/sling/1.0"
    jcr:primaryType="cq:Page">
    <jcr:content
        cq:lastModified="{Date}2024-06-10T18:02:34.833Z"
        cq:lastModifiedBy="bassel.eladas@lazard.com"
        cq:template="/conf/lam/settings/wcm/templates/home-page"
        jcr:primaryType="cq:PageContent"
        jcr:title="de"
        sling:resourceType="lam/components/page"
        category="strategy"
        headerTheme="dark"
        linkType="internal"
        nodesMoved="{Boolean}true"
        pageProductData="fund-listing">
        <root
            jcr:primaryType="nt:unstructured"
            sling:resourceType="lam/components/container"
            layout="responsiveGrid">
            <container
                jcr:primaryType="nt:unstructured"
                sling:resourceType="lam/components/container"
                layout="responsiveGrid">
                <container
                    jcr:primaryType="nt:unstructured"
                    sling:resourceType="lam/components/container"
                    layout="responsiveGrid"/>
            </container>
        </root>
    </jcr:content>
    <home/>
    <investment-solutions/>
    <research-insights/>
    <sustainable-investment/>
    <about/>
    <contact/>
    <global-disclosure/>
    <cookie-policy/>
    <complaint-management/>
    <mandatory-publications/>
    <notice/>
    <privacy-policy/>
    <terms-of-use/>
    <sfdr-offenlegung/>
    <doc/>
</jcr:root>
