<?xml version="1.0" encoding="UTF-8"?>
<jcr:root xmlns:jcr="http://www.jcp.org/jcr/1.0" xmlns:nt="http://www.jcp.org/jcr/nt/1.0" xmlns:mix="http://www.jcp.org/jcr/mix/1.0" xmlns:cq="http://www.day.com/jcr/cq/1.0" xmlns:sling="http://sling.apache.org/jcr/sling/1.0"
    jcr:primaryType="cq:Page">
    <jcr:content
        cq:isDelivered="{Boolean}false"
        cq:lastModified="{Date}2024-09-17T20:55:53.952Z"
        cq:lastModifiedBy="products-service-user"
        cq:lastReplicated="{Date}2024-08-20T14:40:34.772Z"
        cq:lastReplicated_publish="{Date}2024-08-20T14:40:34.772Z"
        cq:lastReplicatedBy="sophia.ponce@lazard.com"
        cq:lastReplicatedBy_publish="sophia.ponce@lazard.com"
        cq:lastReplicationAction="Activate"
        cq:lastReplicationAction_publish="Activate"
        cq:template="/conf/lam/settings/wcm/templates/strategy-detail"
        jcr:isCheckedOut="{Boolean}true"
        jcr:mixinTypes="[cq:ReplicationStatus2,mix:versionable]"
        jcr:primaryType="cq:PageContent"
        jcr:title="Euro Covered Bonds"
        jcr:uuid="b4d1e0c3-aea9-44f2-ac05-8bfb7c6476d1"
        sling:resourceType="lam/components/page"
        productType="Strategy">
        <root
            jcr:primaryType="nt:unstructured"
            sling:resourceType="lam/components/container"
            layout="responsiveGrid">
            <container
                jcr:primaryType="nt:unstructured"
                sling:resourceType="lam/components/container"
                layout="responsiveGrid"/>
        </root>
    </jcr:content>
    <productData
        jcr:primaryType="nt:unstructured"
        title="Euro Covered Bonds"
        type="Strategy"/>
    <externalMetadata
        jcr:primaryType="nt:unstructured"
        assetClasses="[Fixed Income]"
        aumCurrency="USD"
        aumCurrencySymbol="US$"
        isEMD="{Boolean}false"
        isSMA="{Boolean}false"
        languages="[de-at,de-ch,de-de,en-au,en-de,en-gb,en-us,fr-ca]"
        pmTeamAsOfDate="2024-06-30"
        shareClassIds="[616]">
        <productLanguages jcr:primaryType="nt:unstructured">
            <de-de
                jcr:primaryType="nt:unstructured"
                shortDesc="Die Strategie Lazard Euro Covered Bonds Fixed Income basiert auf einem fundamental orientierten Bottom-up-Ansatz, der in alle Segmente und Emittenten des weiter wachsenden Euro-denominierten Covered-Bond-Marktes investiert. Die Strategie verfolgt das Ziel marktinhärente Ineffizienzen zur Erzielung einer aktiven Rendite auszunutzen. Im Laufe des Research-Prozess werden alle relevanten Elemente von Covered Bonds gründlich analysiert: Länderrisiko, länderspezifische Gesetzgebung zu Covered Bonds, Emittentenrisiken sowie der zugrundeliegende Deckungsstock, der den Anlegern einen zusätzlichen Schutz vor Forderungsausfällen bietet. Die Strategie hat einen expliziten Qualitätsfokus (high grade, AAA-A) und bietet europäischen und globalen Anlegern ein attraktives Risiko/Ertrags-Verhältnis und deutliche Zusatzrenditen im Vergleich zu Staatsanleihen bei zusätzlichem Schutz vor Zahlungsausfällen. "/>
            <en-us
                jcr:primaryType="nt:unstructured"
                shortDesc="Lazard's Euro Covered Bonds Fixed Income strategy follows a fundamental oriented bottom-up approach that invests across all segments and issuers within the growing euro-denominated covered bond market. The strategy seeks to exploit inherent market inefficiencies in order to outperform the Euro covered bond benchmark. Our covered bonds research process combines a thorough analysis of all relevant elements of covered bonds: Country risk, national covered bond legislation, financial corporate credit and the underlying segregated cover pool representing additional protection to investors. The Lazard Euro Covered Bond Fixed Income strategy has a distinct high-grade focus (AAA-A) and offers European and global investors an attractive risk/return profile while offering a substantial yield premium vs government bonds."
                tagline="Seeks to outperform the Euro covered bond index by leveraging inefficiencies in the global universe"/>
        </productLanguages>
        <platforms jcr:primaryType="nt:unstructured">
            <_x0039_8
                jcr:primaryType="nt:unstructured"
                countries="[AT,CA,DE,US]"
                regions="[4,1]"
                sortOrder="{Long}700"
                title="Fixed Income Platform"/>
        </platforms>
        <pmTeamMembers jcr:primaryType="nt:unstructured">
            <_x0030_
                jcr:primaryType="nt:unstructured"
                bioId="{Long}99"
                firstName="Benjamin"
                isLead="{Boolean}true"
                lastName="Dietrich"
                sortOrder="{Long}1"/>
            <_x0031_
                jcr:primaryType="nt:unstructured"
                bioId="{Long}443"
                firstName="Michael"
                isLead="{Boolean}true"
                lastName="Weidner"
                sortOrder="{Long}1"/>
            <_x0032_
                jcr:primaryType="nt:unstructured"
                bioId="{Long}1195"
                firstName="Michal"
                isLead="{Boolean}false"
                lastName="Chrobot"
                sortOrder="{Long}2"/>
            <_x0033_
                jcr:primaryType="nt:unstructured"
                bioId="{Long}484"
                firstName="Daniel"
                isLead="{Boolean}false"
                lastName="Herdt"
                sortOrder="{Long}2"/>
            <_x0034_
                jcr:primaryType="nt:unstructured"
                bioId="{Long}365"
                firstName="Jan"
                isLead="{Boolean}false"
                lastName="Schopen"
                sortOrder="{Long}2"/>
        </pmTeamMembers>
        <webClassifications jcr:primaryType="nt:unstructured">
            <_x0030_
                jcr:primaryType="nt:unstructured"
                type="Geography"
                value="Global"/>
            <_x0031_
                jcr:primaryType="nt:unstructured"
                type="Sector"
                value="Securitized"/>
            <_x0032_
                jcr:primaryType="nt:unstructured"
                type="Duration"
                value="Intermediate"/>
            <_x0033_
                jcr:primaryType="nt:unstructured"
                type="Credit Quality"
                value="Investment Grade"/>
        </webClassifications>
        <subStrategies jcr:primaryType="nt:unstructured">
            <_x0034_31
                jcr:primaryType="nt:unstructured"
                defaultShareClass="{Long}616"
                primaryBenchmark="iBoxx EUR Covered Index"
                title="Euro Covered Bonds"/>
        </subStrategies>
    </externalMetadata>
    <disclaimerMappings jcr:primaryType="nt:unstructured">
        <DisclaimerLabel
            jcr:primaryType="nt:unstructured"
            approvedLanguages="[en_us]"
            disclaimerPaths="[]"
            isGlobalProductMapping="{Boolean}true"
            placeholderKeys="[]"
            type="DisclaimerLabel"/>
    </disclaimerMappings>
</jcr:root>
