<?xml version="1.0" encoding="UTF-8"?>
<jcr:root xmlns:jcr="http://www.jcp.org/jcr/1.0" xmlns:nt="http://www.jcp.org/jcr/nt/1.0" xmlns:cq="http://www.day.com/jcr/cq/1.0" xmlns:sling="http://sling.apache.org/jcr/sling/1.0"
    jcr:primaryType="cq:Page">
    <jcr:content
        cq:lastModified="{Date}2024-10-25T15:07:02.856Z"
        cq:lastModifiedBy="products-service-user"
        cq:template="/conf/lam/settings/wcm/templates/fund-detail"
        jcr:primaryType="cq:PageContent"
        jcr:title="Lazard Opportunistic Strategies"
        sling:resourceType="lam/components/page"
        productType="Fund">
        <root
            jcr:primaryType="nt:unstructured"
            sling:resourceType="lam/components/container"
            layout="responsiveGrid">
            <container
                jcr:primaryType="nt:unstructured"
                sling:resourceType="lam/components/container"
                layout="responsiveGrid"/>
        </root>
    </jcr:content>
    <productData
        jcr:primaryType="nt:unstructured"
        title="Lazard Opportunistic Strategies"
        type="Fund"/>
    <disclaimerMappings jcr:primaryType="nt:unstructured">
        <DisclaimerLabel
            jcr:primaryType="nt:unstructured"
            approvedLanguages="[en_us]"
            disclaimerPaths="[/content/dam/lazard-asset-management/disclaimers/en_us/2078031161]"
            isGlobalProductMapping="{Boolean}true"
            type="DisclaimerLabel"/>
        <DisclaimerCharacteristics
            jcr:primaryType="nt:unstructured"
            approvedLanguages="[en_be,en_ch,en_es,en_fi,en_fr,en_gb,en_ie,en_it,en_li,en_lu,en_nl,en_no,en_pt,en_se]"
            disclaimerPaths="[/content/dam/lazard-asset-management/disclaimers/en_us/860061669]"
            isGlobalProductMapping="{Boolean}false"
            type="DisclaimerCharacteristics"/>
    </disclaimerMappings>
    <externalMetadata
        jcr:primaryType="nt:unstructured"
        assetClasses="[Multi-Asset]"
        availableOnInvestmentPlatform="{Boolean}false"
        benchmarkName="60% MSCI World Index/ 40% Bloomberg US Aggregate Index"
        category="Asset Allocation"
        categorySortOrder="{Long}700"
        hasSMAonly="{Boolean}false"
        languages="[da-dk,de-de,en-au,en-de,en-gb,en-us,es-es,fii-fi,fr-be,fr-ca,fr-fr,nb-no,nl-nl,pt-pt,sv-se]"
        pmTeamAsOfDate="2024-09-30"
        pmTeamMembers="[]"
        publishByCountry="{Boolean}false"
        sortOrderWithinCategory="{Long}810"
        strategyId="{Long}51"
        subStrategyId="{Long}271"
        suppressBenchmarks="{Boolean}false"
        umbrellaNumDigitsDividend="{Long}4"
        umbrellaNumDigitsNav="{Long}4">
        <productLanguages jcr:primaryType="nt:unstructured">
            <en-us
                jcr:primaryType="nt:unstructured"
                productHighlight="Aims to provide diversification benefits through tactical allocation changes&#xd;&#xa;Implements a tactical allocation using open architecture (ETFs, closed-end funds and custom baskets)&#xd;&#xa;Investments are typically unconstrained to allow for global tactical allocation and are classified along Trending, Contrarian, and Diversifying categories"
                shortDesc="Lazard Opportunistic Strategies specialize in investments in global capital markets that offer unique investment characteristics, outsized opportunity for excess return, and correlation or risk benefits. These investments can be in equity, debt, commodity, real assets, currency, or market hedging instruments. Typically, these investments are not clearly defined by asset allocation limitations and are unconstrained by region, size, or style."/>
            <en-gb
                jcr:primaryType="nt:unstructured"
                productHighlight="Aims to provide diversification benefits through tactical allocation changes&#xd;&#xa;Implements a tactical allocation using open architecture (ETFs, closed-end funds and custom baskets)&#xd;&#xa;Investments are typically unconstrained to allow for global tactical allocation and are classified along Trending, Contrarian, and Diversifying categories"
                shortDesc="Lazard Opportunistic Strategies specialize in investments in global capital markets that offer unique investment characteristics, outsized opportunity for excess return, and correlation or risk benefits. These investments can be in equity, debt, commodity, real assets, currency, or market hedging instruments. Typically, these investments are not clearly defined by asset allocation limitations and are unconstrained by region, size, or style."/>
        </productLanguages>
        <defaultShareClass jcr:primaryType="nt:unstructured"/>
        <shareClasses jcr:primaryType="nt:unstructured">
            <_x0038_6
                jcr:primaryType="nt:unstructured"
                countries="[AE,BE,BH,BS,CA,DK,ES,FI,FR,GB,IE,IL,LU,MT,NL,NO,PT,SA,SE,US,XX,ZA]"
                currency="USD"
                currencySymbol="US$"
                fundId="{Long}58"
                fundingStatus="Open"
                inceptionDate="2005-09-01"
                isAuthorizedPending="{Boolean}false"
                isGLIF="{Boolean}false"
                isSMA="{Boolean}false"
                primaryBenchmark="60% MSCI World Index/ 40% Bloomberg US Aggregate Index"
                vehicleId="{Long}1"
                vehicleName="Separate Account">
                <professionalOnlyCountries jcr:primaryType="nt:unstructured"/>
            </_x0038_6>
            <_x0031_31
                jcr:primaryType="nt:unstructured"
                countries="[AE,BE,BH,BS,CA,DK,ES,FI,FR,GB,IE,IL,LU,MT,NL,NO,PT,SA,SE,US,XX,ZA]"
                fundId="{Long}58"
                fundingStatus="Authorized/Pending"
                isAuthorizedPending="{Boolean}true"
                isGLIF="{Boolean}false"
                isSMA="{Boolean}true"
                minimumInvestment="US$100,000"
                primaryBenchmark="60% MSCI World Index/ 40% Bloomberg US Aggregate Index"
                title="SMA"
                vehicleId="{Long}1"
                vehicleName="Separate Account">
                <professionalOnlyCountries jcr:primaryType="nt:unstructured"/>
            </_x0031_31>
        </shareClasses>
        <platforms jcr:primaryType="nt:unstructured">
            <_x0031_01
                jcr:primaryType="nt:unstructured"
                countries="[AE,BE,BH,CA,DK,ES,FI,FR,GB,IE,IL,LU,MT,NL,NO,PT,SA,SE,US,XX,ZA]"
                regions="[1,22,3,2]"
                sortOrder="{Long}1100"
                title="Multi-Asset/Asset Allocation Platform"/>
        </platforms>
    </externalMetadata>
</jcr:root>
