<?xml version="1.0" encoding="UTF-8"?>
<jcr:root xmlns:jcr="http://www.jcp.org/jcr/1.0" xmlns:nt="http://www.jcp.org/jcr/nt/1.0" xmlns:cq="http://www.day.com/jcr/cq/1.0" xmlns:sling="http://sling.apache.org/jcr/sling/1.0"
    jcr:primaryType="cq:Page">
    <jcr:content
        cq:lastModified="{Date}2024-09-17T20:55:11.065Z"
        cq:lastModifiedBy="products-service-user"
        cq:template="/conf/lam/settings/wcm/templates/fund-detail"
        jcr:primaryType="cq:PageContent"
        jcr:title="Lazard Global Listed Infrastructure Portfolio"
        sling:resourceType="lam/components/page"
        productType="Fund">
        <root
            jcr:primaryType="nt:unstructured"
            sling:resourceType="lam/components/container"
            layout="responsiveGrid">
            <container
                jcr:primaryType="nt:unstructured"
                sling:resourceType="lam/components/container"
                layout="responsiveGrid"/>
        </root>
    </jcr:content>
    <productData
        jcr:primaryType="nt:unstructured"
        title="Lazard Global Listed Infrastructure Portfolio"
        type="Fund"/>
    <externalMetadata
        jcr:primaryType="nt:unstructured"
        assetClasses="[Equity]"
        availableOnInvestmentPlatform="{Boolean}false"
        benchmarkName="FTSE Developed Core Infrastructure 50/50 Index"
        category="Real Assets"
        categorySortOrder="{Long}400"
        distributionDate="Quarterly (March, June, September, December)"
        hasSMAonly="{Boolean}false"
        languages="[en-au,en-de,en-gb,en-us]"
        pmTeamAsOfDate="2024-06-30"
        sortOrderWithinCategory="{Long}720"
        strategyId="{Long}29"
        subStrategyId="{Long}353"
        suppressBenchmarks="{Boolean}false"
        umbrellaName="LFI"
        umbrellaNumDigitsDividend="{Long}10"
        umbrellaNumDigitsNav="{Long}2">
        <productLanguages jcr:primaryType="nt:unstructured">
            <en-us
                jcr:primaryType="nt:unstructured"
                shortDesc="The Lazard Global Listed Infrastructure Portfolio seeks total return by investing in a select universe of &quot;Preferred Infrastructure&quot; companies. The team believes that these companies have the potential to achieve lower volatility returns that exceed inflation and that a portfolio of Preferred Infrastructure companies presents a potential diversification opportunity. The Portfolio may be a powerful complement to real assets, private equity infrastructure, and global equity allocations."/>
        </productLanguages>
        <defaultShareClass
            jcr:primaryType="nt:unstructured"
            US="{Long}434"/>
        <pmTeamMembers jcr:primaryType="nt:unstructured">
            <_x0030_
                jcr:primaryType="nt:unstructured"
                bioId="{Long}76"
                displayName="Bertrand Cliquet, CFA"
                firstName="Bertrand"
                isLead="{Boolean}true"
                lastName="Cliquet"
                sortOrder="{Long}0"/>
            <_x0031_
                jcr:primaryType="nt:unstructured"
                bioId="{Long}216"
                displayName="Matthew Landy"
                firstName="Matthew"
                isLead="{Boolean}false"
                lastName="Landy"
                sortOrder="{Long}1"/>
            <_x0032_
                jcr:primaryType="nt:unstructured"
                bioId="{Long}273"
                displayName="John Mulquiney, CFA"
                firstName="John"
                isLead="{Boolean}false"
                lastName="Mulquiney"
                sortOrder="{Long}2"/>
            <_x0033_
                jcr:primaryType="nt:unstructured"
                bioId="{Long}339"
                displayName="Warryn Robertson"
                firstName="Warryn"
                isLead="{Boolean}false"
                lastName="Robertson"
                sortOrder="{Long}3"/>
        </pmTeamMembers>
        <shareClasses jcr:primaryType="nt:unstructured">
            <_x0034_34
                jcr:primaryType="nt:unstructured"
                countries="[US,XX]"
                currency="USD"
                currencySymbol="US$"
                cusip="52106N459"
                fundId="{Long}265"
                fundingStatus="Open"
                inceptionDate="2009-12-30"
                isAuthorizedPending="{Boolean}false"
                isGLIF="{Boolean}true"
                isin="US52106N4593"
                isSMA="{Boolean}false"
                minimumInvestment="$10,000"
                primaryBenchmark="MSCI World Core Infrastructure (Hedged USD)"
                ticker="GLIFX"
                title="Institutional"
                vehicleId="{Long}2"
                vehicleName="40 Act Registered Mutual Fund">
                <professionalOnlyCountries
                    jcr:primaryType="nt:unstructured"
                    US="{Boolean}false"/>
            </_x0034_34>
            <_x0034_35
                jcr:primaryType="nt:unstructured"
                countries="[US,XX]"
                currency="USD"
                currencySymbol="US$"
                cusip="52106N442"
                fundId="{Long}265"
                fundingStatus="Open"
                inceptionDate="2009-12-30"
                isAuthorizedPending="{Boolean}false"
                isGLIF="{Boolean}true"
                isin="US52106N4429"
                isSMA="{Boolean}false"
                minimumInvestment="$2,500"
                primaryBenchmark="MSCI World Core Infrastructure (Hedged USD)"
                ticker="GLFOX"
                title="Open"
                vehicleId="{Long}2"
                vehicleName="40 Act Registered Mutual Fund">
                <professionalOnlyCountries
                    jcr:primaryType="nt:unstructured"
                    US="{Boolean}false"/>
            </_x0034_35>
        </shareClasses>
        <platforms jcr:primaryType="nt:unstructured">
            <_x0039_2
                jcr:primaryType="nt:unstructured"
                countries="[AE,AU,BE,BH,BM,CA,DK,ES,FI,FR,GB,IE,IL,LU,MT,NL,NO,NZ,PG,PT,SA,SE,US,XX,ZA]"
                regions="[3,20,5,22,2,1]"
                sortOrder="{Long}100"
                title="Global Equity Platform"/>
            <_x0033_0856
                jcr:primaryType="nt:unstructured"
                countries="[AE,BE,BH,CA,DK,ES,FI,FR,GB,IE,IL,LU,MT,NL,NO,PT,SA,SE,US,XX,ZA]"
                regions="[22,3,2,1]"
                sortOrder="{Long}8900"
                title="Real Assets Platform"/>
        </platforms>
    </externalMetadata>
</jcr:root>
