<?xml version="1.0" encoding="UTF-8"?>
<jcr:root xmlns:jcr="http://www.jcp.org/jcr/1.0" xmlns:nt="http://www.jcp.org/jcr/nt/1.0" xmlns:cq="http://www.day.com/jcr/cq/1.0" xmlns:sling="http://sling.apache.org/jcr/sling/1.0"
    jcr:primaryType="cq:Page">
    <jcr:content
        cq:lastModified="{Date}2024-10-25T16:51:15.178Z"
        cq:lastModifiedBy="products-service-user"
        cq:template="/conf/lam/settings/wcm/templates/fund-detail"
        jcr:primaryType="cq:PageContent"
        jcr:title="Lazard Asia ex-Japan Equity"
        sling:resourceType="lam/components/page"
        productType="Fund">
        <root
            jcr:primaryType="nt:unstructured"
            sling:resourceType="lam/components/container"
            layout="responsiveGrid">
            <container
                jcr:primaryType="nt:unstructured"
                sling:resourceType="lam/components/container"
                layout="responsiveGrid"/>
        </root>
    </jcr:content>
    <productData
        jcr:primaryType="nt:unstructured"
        title="Lazard Asia ex-Japan Equity"
        type="Fund"/>
    <disclaimerMappings jcr:primaryType="nt:unstructured">
        <DisclaimerLabel
            jcr:primaryType="nt:unstructured"
            approvedLanguages="[en_us]"
            disclaimerPaths="[/content/dam/lazard-asset-management/disclaimers/en_us/2078031161]"
            isGlobalProductMapping="{Boolean}true"
            type="DisclaimerLabel"/>
        <DisclaimerCharacteristics
            jcr:primaryType="nt:unstructured"
            approvedLanguages="[en_be,en_ch,en_es,en_fi,en_fr,en_gb,en_ie,en_it,en_li,en_lu,en_nl,en_no,en_pt,en_se]"
            disclaimerPaths="[/content/dam/lazard-asset-management/disclaimers/en_us/860061669]"
            isGlobalProductMapping="{Boolean}false"
            type="DisclaimerCharacteristics"/>
    </disclaimerMappings>
    <externalMetadata
        jcr:primaryType="nt:unstructured"
        assetClasses="[Equity]"
        availableOnInvestmentPlatform="{Boolean}false"
        benchmarkName="MSCI All Country Asia ex-Japan Index"
        categorySortOrder="{Long}999999"
        hasSMAonly="{Boolean}false"
        languages="[da-dk,de-de,en-au,en-de,en-gb,en-us,es-es,fii-fi,fr-be,fr-ca,fr-fr,ja-jp,nb-no,nl-nl,pt-pt,sv-se]"
        pmTeamAsOfDate="2024-09-30"
        pmTeamMembers="[]"
        publishByCountry="{Boolean}false"
        sortOrderWithinCategory="{Long}99999"
        strategyId="{Long}173"
        subStrategyId="{Long}440"
        suppressBenchmarks="{Boolean}false"
        umbrellaNumDigitsDividend="{Long}4"
        umbrellaNumDigitsNav="{Long}4">
        <productLanguages jcr:primaryType="nt:unstructured">
            <en-us
                jcr:primaryType="nt:unstructured"
                shortDesc="Lazard Asia ex-Japan Equity seeks to achieve total annual returns (includes income and capital appreciation and before the deduction of fees and taxes) that exceed those of the MSCI Asia (ex-Japan) Index by 3% over a complete market cycle. The strategy is driven by stock-selection based on fundamental research and analysis, and is unconstrained by style. The number of holdings range from 75-100 across the full market capitalization spectrum."/>
            <ja-jp
                jcr:primaryType="nt:unstructured"
                strategyTitle="アジア（除く日本）株式"/>
            <en-gb
                jcr:primaryType="nt:unstructured"
                shortDesc="Lazard Asia ex-Japan Equity seeks to achieve total annual returns (includes income and capital appreciation and before the deduction of fees and taxes) that exceed those of the MSCI Asia (ex-Japan) Index by 3% over a complete market cycle. The strategy is driven by stock-selection based on fundamental research and analysis, and is unconstrained by style. The number of holdings range from 75-100 across the full market capitalization spectrum."/>
        </productLanguages>
        <defaultShareClass jcr:primaryType="nt:unstructured"/>
        <shareClasses jcr:primaryType="nt:unstructured">
            <_x0037_61
                jcr:primaryType="nt:unstructured"
                countries="[AE,AU,BE,BH,BS,CA,DK,ES,FI,FR,IE,IL,JP,LU,MT,NL,NO,NZ,PG,PT,SA,SE,US,XX,ZA]"
                currency="USD"
                currencySymbol="US$"
                fundId="{Long}413"
                fundingStatus="Open"
                inceptionDate="2013-03-01"
                isAuthorizedPending="{Boolean}false"
                isGLIF="{Boolean}false"
                isSMA="{Boolean}false"
                minimumInvestment="US$ 25,000,000"
                primaryBenchmark="MSCI All Country Asia ex-Japan Index"
                vehicleId="{Long}1"
                vehicleName="Separate Account">
                <professionalOnlyCountries jcr:primaryType="nt:unstructured"/>
            </_x0037_61>
        </shareClasses>
        <platforms jcr:primaryType="nt:unstructured">
            <_x0039_4
                jcr:primaryType="nt:unstructured"
                countries="[AU,CA,JP,NZ,PG,US]"
                regions="[16,1,5]"
                sortOrder="{Long}600"
                title="Emerging Markets Platform"/>
            <_x0039_7
                jcr:primaryType="nt:unstructured"
                countries="[AE,BE,BH,DK,ES,FI,FR,IE,IL,LU,MT,NL,NO,PT,SA,SE,XX,ZA]"
                regions="[3,22]"
                sortOrder="{Long}500"
                title="Asia-Pacific Equity Platform"/>
        </platforms>
    </externalMetadata>
</jcr:root>
