<?xml version="1.0" encoding="UTF-8"?>
<jcr:root xmlns:jcr="http://www.jcp.org/jcr/1.0" xmlns:nt="http://www.jcp.org/jcr/nt/1.0" xmlns:cq="http://www.day.com/jcr/cq/1.0" xmlns:sling="http://sling.apache.org/jcr/sling/1.0"
    jcr:primaryType="cq:Page">
    <jcr:content
        cq:lastModified="{Date}2024-09-17T21:03:56.645Z"
        cq:lastModifiedBy="products-service-user"
        cq:template="/conf/lam/settings/wcm/templates/fund-detail"
        jcr:primaryType="cq:PageContent"
        jcr:title="Lazard US Small Cap Equity Fund"
        sling:resourceType="lam/components/page"
        productType="Fund">
        <root
            jcr:primaryType="nt:unstructured"
            sling:resourceType="lam/components/container"
            layout="responsiveGrid">
            <container
                jcr:primaryType="nt:unstructured"
                sling:resourceType="lam/components/container"
                layout="responsiveGrid"/>
        </root>
    </jcr:content>
    <productData
        jcr:primaryType="nt:unstructured"
        title="Lazard US Small Cap Equity Fund"
        type="Fund"/>
    <externalMetadata
        jcr:primaryType="nt:unstructured"
        assetClasses="[Equity]"
        availableOnInvestmentPlatform="{Boolean}true"
        categorySortOrder="{Long}999999"
        distributionDate="April and October"
        hasSMAonly="{Boolean}false"
        languages="[de-at,de-ch,de-de,en-au,en-de,en-gb,en-us,es-es,fii-fi,fr-be,fr-ca,fr-fr,it-de,it-it,nb-no,nl-nl,pt-pt,sv-se]"
        pmTeamAsOfDate="2024-06-30"
        sfdrCategory="{Long}8"
        sortOrderWithinCategory="{Long}99999"
        strategyId="{Long}261"
        subStrategyId="{Long}609"
        suppressBenchmarks="{Boolean}false"
        umbrellaName="LGAF"
        umbrellaNumDigitsDividend="{Long}9"
        umbrellaNumDigitsNav="{Long}4">
        <investmentPlatforms jcr:primaryType="nt:unstructured">
            <_x0031_
                jcr:primaryType="nt:unstructured"
                countries="[CA,US]"
                name="Morgan Stanley"/>
            <_x0032_
                jcr:primaryType="nt:unstructured"
                countries="[CA,US]"
                name="Pershing"/>
        </investmentPlatforms>
        <productLanguages jcr:primaryType="nt:unstructured">
            <de-de
                jcr:primaryType="nt:unstructured"
                shortDesc="Der Lazard US Small Cap Equity Fund ist ein aktiv verwaltetes, gut diversifiziertes Long-only-Portfolio, das hauptsächlich aus Aktien und aktienbezogenen Wertpapieren kleinerer US-Unternehmen besteht. Typischerweise liegt die Marktkapitalisierung der Unternehmen, in die der Fonds investiert, zwischen $250 Millionen und $10 Milliarden. Die Wertentwicklung des Fonds wird an der Entwicklung des Russell 2000 Total Return Index gemessen. Die Wertpapiere, in die der Fonds investieren wird, werden in erster Linie an geregelten Märkten in den USA angeboten oder gehandelt. Der Fonds kann auch in Aktien und aktienbezogenen Wertpapieren von Unternehmen anlegen, die nicht in den USA ansässig, eingetragen oder börsennotiert sind, wobei derartige Anlagen in der Regel 10 % des Nettoinventarwerts des Fonds nicht überschreiten dürfen."/>
            <en-us
                jcr:primaryType="nt:unstructured"
                shortDesc="The Lazard US Small Cap Equity Fund is an actively managed, well diversified, long-only portfolio comprised primarily of equities and equity-related securities of or relating to smaller US companies. Typically, the market capitalization of the companies in which the Fund will invest will range between $250 million and $10 billion. The Fund's performance is measured against the performance of the Russell 2000 Total Return Index. The securities in which the Fund will invest will primarily be quoted or traded on Regulated Markets in the United States. The Fund may also invest in equities and equity-related securities of companies that are non-US domiciled, incorporated or listed – typically such investment shall not exceed 10% of the Fund’s Net Asset Value."/>
        </productLanguages>
        <defaultShareClass
            jcr:primaryType="nt:unstructured"
            AT="{Long}14454"
            CH="{Long}14449"
            DE="{Long}13595"
            ES="{Long}14449"
            FI="{Long}14449"
            FR="{Long}14449"
            GB="{Long}14450"
            IE="{Long}13611"
            IT="{Long}14449"
            NL="{Long}14449"
            NO="{Long}14449"
            PT="{Long}14449"
            SE="{Long}14449"/>
        <pmTeamMembers jcr:primaryType="nt:unstructured">
            <_x0030_
                jcr:primaryType="nt:unstructured"
                bioId="{Long}927"
                firstName="Oren"
                isLead="{Boolean}true"
                lastName="Shiran"
                sortOrder="{Long}1"/>
            <_x0031_
                jcr:primaryType="nt:unstructured"
                bioId="{Long}926"
                firstName="Stefan"
                isLead="{Boolean}false"
                lastName="Tang"
                sortOrder="{Long}2"/>
            <_x0032_
                jcr:primaryType="nt:unstructured"
                bioId="{Long}929"
                firstName="Seavan"
                isLead="{Boolean}false"
                lastName="Sternheim"
                sortOrder="{Long}3"/>
        </pmTeamMembers>
        <shareClasses jcr:primaryType="nt:unstructured">
            <_x0031_3524
                jcr:primaryType="nt:unstructured"
                countries="[AT,DE,IE,XX]"
                currency="EUR"
                currencySymbol="€"
                fundId="{Long}5322"
                fundingStatus="Authorized/Pending"
                initialCharge="3.00%"
                isAuthorizedPending="{Boolean}true"
                isGLIF="{Boolean}false"
                isin="IE000NDI8ZA9"
                isSMA="{Boolean}false"
                minimumInvestment="250 000 USD"
                primaryBenchmark="Russell 2000 Total Return Index"
                sedol="BNK9BR1"
                ticker="LASCEAH ID"
                title="A Dist EUR Hedged"
                valoren="134774004"
                vehicleId="{Long}17"
                vehicleName="UCITS (Ireland)"
                wknCd="A40JGJ">
                <professionalOnlyCountries
                    jcr:primaryType="nt:unstructured"
                    AT="{Boolean}false"
                    DE="{Boolean}false"
                    IE="{Boolean}false"/>
            </_x0031_3524>
            <_x0031_3527
                jcr:primaryType="nt:unstructured"
                countries="[AT,DE,IE,XX]"
                currency="EUR"
                currencySymbol="€"
                fundId="{Long}5322"
                fundingStatus="Open"
                inceptionDate="2024-04-25"
                initialCharge="5.00%"
                isAuthorizedPending="{Boolean}false"
                isGLIF="{Boolean}false"
                isin="IE00048G8MG2"
                isSMA="{Boolean}false"
                minimumInvestment="500 USD"
                primaryBenchmark="Russell 2000 Total Return Index"
                sedol="BNK9BS2"
                ticker="LASCBPH ID"
                title="BP Dist EUR Hedged"
                valoren="134774364"
                vehicleId="{Long}17"
                vehicleName="UCITS (Ireland)"
                wknCd="A40JGE">
                <professionalOnlyCountries
                    jcr:primaryType="nt:unstructured"
                    AT="{Boolean}false"
                    DE="{Boolean}false"
                    IE="{Boolean}false"/>
            </_x0031_3527>
            <_x0031_3530
                jcr:primaryType="nt:unstructured"
                countries="[AT,DE,IE,XX]"
                currency="EUR"
                currencySymbol="€"
                fundId="{Long}5322"
                fundingStatus="Authorized/Pending"
                initialCharge="3.00%"
                isAuthorizedPending="{Boolean}true"
                isGLIF="{Boolean}false"
                isin="IE000KP63OI9"
                isSMA="{Boolean}false"
                minimumInvestment="500 USD"
                primaryBenchmark="Russell 2000 Total Return Index"
                sedol="BNK9BT3"
                ticker="LASCEAE ID"
                title="EA Dist EUR Hedged"
                valoren="134774418"
                vehicleId="{Long}17"
                vehicleName="UCITS (Ireland)"
                wknCd="A40JGG">
                <professionalOnlyCountries
                    jcr:primaryType="nt:unstructured"
                    AT="{Boolean}false"
                    DE="{Boolean}false"
                    IE="{Boolean}false"/>
            </_x0031_3530>
            <_x0031_3589
                jcr:primaryType="nt:unstructured"
                countries="[AT,DE,ES,FI,IE,NL,NO,PT,SE,XX]"
                currency="EUR"
                currencySymbol="€"
                fundId="{Long}5322"
                fundingStatus="Open"
                inceptionDate="2024-04-25"
                initialCharge="3.00%"
                isAuthorizedPending="{Boolean}false"
                isGLIF="{Boolean}false"
                isin="IE000FS7MRA5"
                isSMA="{Boolean}false"
                minimumInvestment="250 000 USD"
                primaryBenchmark="Russell 2000 Total Return Index"
                sedol="BNK9BP9"
                ticker="LASCAAE ID"
                title="A Acc EUR"
                valoren="134774021"
                vehicleId="{Long}17"
                vehicleName="UCITS (Ireland)"
                wknCd="A40JGF">
                <professionalOnlyCountries
                    jcr:primaryType="nt:unstructured"
                    AT="{Boolean}false"
                    DE="{Boolean}false"
                    ES="{Boolean}false"
                    FI="{Boolean}false"
                    IE="{Boolean}false"
                    NL="{Boolean}false"
                    NO="{Boolean}false"
                    PT="{Boolean}false"
                    SE="{Boolean}false"/>
            </_x0031_3589>
            <_x0031_3592
                jcr:primaryType="nt:unstructured"
                countries="[ES,IE,PT,XX]"
                currency="EUR"
                currencySymbol="€"
                fundId="{Long}5322"
                fundingStatus="Authorized/Pending"
                initialCharge="5.00%"
                isAuthorizedPending="{Boolean}true"
                isGLIF="{Boolean}false"
                isin="IE000K3S9DW4"
                isSMA="{Boolean}false"
                minimumInvestment="500 USD"
                sedol="BRJZ2D1"
                ticker="LAZUMBP ID"
                title="BP Acc EUR"
                valoren="135706036"
                vehicleId="{Long}17"
                vehicleName="UCITS (Ireland)">
                <professionalOnlyCountries
                    jcr:primaryType="nt:unstructured"
                    ES="{Boolean}false"
                    IE="{Boolean}false"
                    PT="{Boolean}false"/>
            </_x0031_3592>
            <_x0031_3593
                jcr:primaryType="nt:unstructured"
                countries="[ES,IE,PT,XX]"
                currency="EUR"
                currencySymbol="€"
                fundId="{Long}5322"
                fundingStatus="Authorized/Pending"
                initialCharge="3.00%"
                isAuthorizedPending="{Boolean}true"
                isGLIF="{Boolean}false"
                isin="IE000VAFGF69"
                isSMA="{Boolean}false"
                minimumInvestment="500 USD"
                sedol="BRJZ2J7"
                ticker="LAZUMCA ID"
                title="C Acc EUR"
                valoren="135706194"
                vehicleId="{Long}17"
                vehicleName="UCITS (Ireland)">
                <professionalOnlyCountries
                    jcr:primaryType="nt:unstructured"
                    ES="{Boolean}false"
                    IE="{Boolean}false"
                    PT="{Boolean}false"/>
            </_x0031_3593>
            <_x0031_3597
                jcr:primaryType="nt:unstructured"
                countries="[AT,DE,ES,FI,IE,NL,NO,PT,SE,XX]"
                currency="EUR"
                currencySymbol="€"
                fundId="{Long}5322"
                fundingStatus="Open"
                inceptionDate="2024-04-25"
                initialCharge="3.00%"
                isAuthorizedPending="{Boolean}false"
                isGLIF="{Boolean}false"
                isin="IE000N4RROS5"
                isSMA="{Boolean}false"
                minimumInvestment="250 000 USD"
                primaryBenchmark="Russell 2000 Total Return Index"
                sedol="BNK9BQ0"
                ticker="LASCAEH ID"
                title="A Acc EUR Hedged"
                valoren="134774290"
                vehicleId="{Long}17"
                vehicleName="UCITS (Ireland)"
                wknCd="A40JGH">
                <professionalOnlyCountries
                    jcr:primaryType="nt:unstructured"
                    AT="{Boolean}false"
                    DE="{Boolean}false"
                    ES="{Boolean}false"
                    FI="{Boolean}false"
                    IE="{Boolean}false"
                    NL="{Boolean}false"
                    NO="{Boolean}false"
                    PT="{Boolean}false"
                    SE="{Boolean}false"/>
            </_x0031_3597>
            <_x0031_3600
                jcr:primaryType="nt:unstructured"
                countries="[ES,FR,IE,PT,XX]"
                currency="EUR"
                currencySymbol="€"
                fundId="{Long}5322"
                fundingStatus="Authorized/Pending"
                initialCharge="5.00%"
                isAuthorizedPending="{Boolean}true"
                isGLIF="{Boolean}false"
                isin="IE0009FUD0M1"
                isSMA="{Boolean}false"
                minimumInvestment="500 USD"
                sedol="BRJZ2F3"
                ticker="LAZUSBP ID"
                title="BP Acc EUR Hedged"
                valoren="135712755"
                vehicleId="{Long}17"
                vehicleName="UCITS (Ireland)">
                <professionalOnlyCountries
                    jcr:primaryType="nt:unstructured"
                    ES="{Boolean}false"
                    FR="{Boolean}false"
                    IE="{Boolean}false"
                    PT="{Boolean}false"/>
            </_x0031_3600>
            <_x0031_3601
                jcr:primaryType="nt:unstructured"
                countries="[ES,FR,IE,PT,XX]"
                currency="EUR"
                currencySymbol="€"
                fundId="{Long}5322"
                fundingStatus="Authorized/Pending"
                initialCharge="3.00%"
                isAuthorizedPending="{Boolean}true"
                isGLIF="{Boolean}false"
                isin="IE0009XQIVD0"
                isSMA="{Boolean}false"
                minimumInvestment="500 USD"
                sedol="BRJZ2G4"
                ticker="LAZUSCC ID"
                title="C Acc EUR Hedged"
                valoren="135713997"
                vehicleId="{Long}17"
                vehicleName="UCITS (Ireland)">
                <professionalOnlyCountries
                    jcr:primaryType="nt:unstructured"
                    ES="{Boolean}false"
                    FR="{Boolean}false"
                    IE="{Boolean}false"
                    PT="{Boolean}false"/>
            </_x0031_3601>
            <_x0031_4441
                jcr:primaryType="nt:unstructured"
                countries="[GB,IE,XX]"
                currency="GBP"
                currencySymbol="£"
                fundId="{Long}5322"
                fundingStatus="Open"
                inceptionDate="2024-04-25"
                initialCharge="3.00%"
                isAuthorizedPending="{Boolean}false"
                isGLIF="{Boolean}false"
                isin="IE000BSHBCL4"
                isSMA="{Boolean}false"
                minimumInvestment="500 USD"
                primaryBenchmark="Russell 2000 Total Return Index"
                sedol="BS3BQM9"
                ticker="LZUSEGH ID"
                title="EA Acc GBP Hedged"
                vehicleId="{Long}17"
                vehicleName="UCITS (Ireland)">
                <professionalOnlyCountries
                    jcr:primaryType="nt:unstructured"
                    GB="{Boolean}false"
                    IE="{Boolean}false"/>
            </_x0031_4441>
            <_x0031_4447
                jcr:primaryType="nt:unstructured"
                countries="[GB,IE,XX]"
                currency="GBP"
                currencySymbol="£"
                fundId="{Long}5322"
                fundingStatus="Open"
                inceptionDate="2024-04-25"
                initialCharge="3.00%"
                isAuthorizedPending="{Boolean}false"
                isGLIF="{Boolean}false"
                isin="IE000OI5K1E6"
                isSMA="{Boolean}false"
                minimumInvestment="250 000 USD"
                primaryBenchmark="Russell 2000 Total Return Index"
                sedol="BQWSS32"
                ticker="LZUSCGH ID"
                title="A Acc GBP"
                vehicleId="{Long}17"
                vehicleName="UCITS (Ireland)">
                <professionalOnlyCountries
                    jcr:primaryType="nt:unstructured"
                    GB="{Boolean}false"
                    IE="{Boolean}false"/>
            </_x0031_4447>
            <_x0031_4449
                jcr:primaryType="nt:unstructured"
                countries="[AT,CH,DE,FI,GB,IE,NL,NO,SE,XX,US]"
                currency="USD"
                currencySymbol="US$"
                fundId="{Long}5322"
                fundingStatus="Open"
                inceptionDate="2024-04-25"
                initialCharge="3.00%"
                isAuthorizedPending="{Boolean}false"
                isGLIF="{Boolean}false"
                isin="IE000O3OTKA5"
                isSMA="{Boolean}false"
                minimumInvestment="250 000 USD"
                primaryBenchmark="Russell 2000 Total Return Index"
                ticker="LAZUSAU ID"
                title="A Acc USD"
                valoren="134862059"
                vehicleId="{Long}17"
                vehicleName="UCITS (Ireland)"
                wknCd="A40JGK">
                <professionalOnlyCountries
                    jcr:primaryType="nt:unstructured"
                    AT="{Boolean}false"
                    CH="{Boolean}false"
                    DE="{Boolean}false"
                    FI="{Boolean}false"
                    GB="{Boolean}false"
                    IE="{Boolean}false"
                    NL="{Boolean}false"
                    NO="{Boolean}false"
                    SE="{Boolean}false"/>
                <investmentPlatforms jcr:primaryType="nt:unstructured">
                    <_x0031_
                        jcr:primaryType="nt:unstructured"
                        countries="[CA,US]"
                        name="Morgan Stanley"/>
                    <_x0032_
                        jcr:primaryType="nt:unstructured"
                        countries="[CA,US]"
                        name="Pershing"/>
                </investmentPlatforms>
            </_x0031_4449>
            <_x0031_4450
                jcr:primaryType="nt:unstructured"
                countries="[GB,IE,XX]"
                currency="GBP"
                currencySymbol="£"
                fundId="{Long}5322"
                fundingStatus="Open"
                inceptionDate="2024-04-25"
                initialCharge="3.00%"
                isAuthorizedPending="{Boolean}false"
                isGLIF="{Boolean}false"
                isin="IE000JAOTAS2"
                isSMA="{Boolean}false"
                minimumInvestment="500 USD"
                primaryBenchmark="Russell 2000 Total Return Index"
                sedol="BRPT4C0"
                ticker=" LZUSEAG ID"
                title="EA Acc GBP"
                valoren="134862240"
                vehicleId="{Long}17"
                vehicleName="UCITS (Ireland)">
                <professionalOnlyCountries
                    jcr:primaryType="nt:unstructured"
                    GB="{Boolean}false"
                    IE="{Boolean}false"/>
            </_x0031_4450>
            <_x0031_4453
                jcr:primaryType="nt:unstructured"
                countries="[GB,IE,XX]"
                currency="GBP"
                currencySymbol="£"
                fundId="{Long}5322"
                fundingStatus="Open"
                inceptionDate="2024-04-25"
                initialCharge="3.00%"
                isAuthorizedPending="{Boolean}false"
                isGLIF="{Boolean}false"
                isin="IE0001S5GR81"
                isSMA="{Boolean}false"
                minimumInvestment="500 USD"
                primaryBenchmark="Russell 2000 Total Return Index"
                sedol="BRPT4G4"
                ticker="LAZUSCA ID"
                title="C Acc GBP"
                valoren="134862182"
                vehicleId="{Long}17"
                vehicleName="UCITS (Ireland)">
                <professionalOnlyCountries
                    jcr:primaryType="nt:unstructured"
                    GB="{Boolean}false"
                    IE="{Boolean}false"/>
            </_x0031_4453>
            <_x0031_4454
                jcr:primaryType="nt:unstructured"
                countries="[AT,DE,ES,FI,IE,IT,NL,NO,PT,SE,XX]"
                currency="EUR"
                currencySymbol="€"
                fundId="{Long}5322"
                fundingStatus="Open"
                inceptionDate="2024-04-25"
                initialCharge="3.00%"
                isAuthorizedPending="{Boolean}false"
                isGLIF="{Boolean}false"
                isin="IE0006ZU4VE9"
                isSMA="{Boolean}false"
                minimumInvestment="500 USD"
                primaryBenchmark="Russell 2000 Total Return Index"
                sedol="BRPT4H5"
                ticker="LAZUSEA ID"
                title="EA Acc EUR"
                valoren="134862227"
                vehicleId="{Long}17"
                vehicleName="UCITS (Ireland)">
                <professionalOnlyCountries
                    jcr:primaryType="nt:unstructured"
                    AT="{Boolean}false"
                    DE="{Boolean}false"
                    ES="{Boolean}false"
                    FI="{Boolean}false"
                    IE="{Boolean}false"
                    IT="{Boolean}false"
                    NL="{Boolean}false"
                    NO="{Boolean}false"
                    PT="{Boolean}false"
                    SE="{Boolean}false"/>
            </_x0031_4454>
            <_x0031_4455
                jcr:primaryType="nt:unstructured"
                countries="[AT,DE,ES,FI,FR,IE,IT,NL,NO,PT,SE,XX]"
                currency="EUR"
                currencySymbol="€"
                fundId="{Long}5322"
                fundingStatus="Open"
                inceptionDate="2024-04-25"
                initialCharge="3.00%"
                isAuthorizedPending="{Boolean}false"
                isGLIF="{Boolean}false"
                isin="IE000ZCBVAU3"
                isSMA="{Boolean}false"
                minimumInvestment="500 USD"
                primaryBenchmark="Russell 2000 Total Return Index"
                sedol="BRPT4J7"
                ticker="LZUSEAH ID"
                title="EA ACC EUR Hedged"
                valoren="134862229"
                vehicleId="{Long}17"
                vehicleName="UCITS (Ireland)"
                wknCd="A40JGM">
                <professionalOnlyCountries
                    jcr:primaryType="nt:unstructured"
                    AT="{Boolean}false"
                    DE="{Boolean}false"
                    ES="{Boolean}false"
                    FI="{Boolean}false"
                    FR="{Boolean}false"
                    IE="{Boolean}false"
                    IT="{Boolean}false"
                    NL="{Boolean}false"
                    NO="{Boolean}false"
                    PT="{Boolean}false"
                    SE="{Boolean}false"/>
            </_x0031_4455>
            <_x0031_4456
                jcr:primaryType="nt:unstructured"
                countries="[AT,CH,DE,ES,FI,FR,GB,IE,IT,NL,NO,PT,SE,XX]"
                currency="USD"
                currencySymbol="US$"
                fundId="{Long}5322"
                fundingStatus="Open"
                inceptionDate="2024-04-25"
                initialCharge="3.00%"
                isAuthorizedPending="{Boolean}false"
                isGLIF="{Boolean}false"
                isin="IE000OU03BU9"
                isSMA="{Boolean}false"
                minimumInvestment="500 USD"
                primaryBenchmark="Russell 2000 Total Return Index"
                sedol="BRPT4K8"
                ticker="LZUSEAU ID"
                title="EA Acc USD"
                valoren="134861431"
                vehicleId="{Long}17"
                vehicleName="UCITS (Ireland)"
                wknCd="A40JGL">
                <professionalOnlyCountries
                    jcr:primaryType="nt:unstructured"
                    AT="{Boolean}false"
                    CH="{Boolean}false"
                    DE="{Boolean}false"
                    ES="{Boolean}false"
                    FI="{Boolean}false"
                    FR="{Boolean}false"
                    GB="{Boolean}false"
                    IE="{Boolean}false"
                    IT="{Boolean}false"
                    NL="{Boolean}false"
                    NO="{Boolean}false"
                    PT="{Boolean}false"
                    SE="{Boolean}false"/>
            </_x0031_4456>
            <_x0031_4457
                jcr:primaryType="nt:unstructured"
                countries="[CH,FR,IE,XX]"
                currency="USD"
                currencySymbol="US$"
                fundId="{Long}5322"
                fundingStatus="Authorized/Pending"
                inceptionDate="03/12/2024"
                initialCharge="5.00%"
                isAuthorizedPending="{Boolean}true"
                isGLIF="{Boolean}false"
                isin="IE000A9SNU82"
                isSMA="{Boolean}false"
                minimumInvestment="500 USD"
                primaryBenchmark="Russell 2000 Total Return Index"
                sedol="BRPT4L9"
                ticker="LZUSBAU ID"
                title="BP Acc USD"
                vehicleId="{Long}17"
                vehicleName="UCITS (Ireland)">
                <professionalOnlyCountries
                    jcr:primaryType="nt:unstructured"
                    CH="{Boolean}false"
                    FR="{Boolean}false"
                    IE="{Boolean}false"/>
            </_x0031_4457>
            <_x0031_4458
                jcr:primaryType="nt:unstructured"
                countries="[CH,FR,IE,XX]"
                currency="USD"
                currencySymbol="US$"
                fundId="{Long}5322"
                fundingStatus="Open"
                inceptionDate="2024-04-25"
                initialCharge="3.00%"
                isAuthorizedPending="{Boolean}false"
                isGLIF="{Boolean}false"
                isin="IE000KC4H1Y1"
                isSMA="{Boolean}false"
                minimumInvestment="500 USD"
                primaryBenchmark="Russell 2000 Total Return Index"
                sedol="BRPT4M0"
                ticker="LZUSCAU ID"
                title="C Acc USD"
                valoren="134862055"
                vehicleId="{Long}17"
                vehicleName="UCITS (Ireland)">
                <professionalOnlyCountries
                    jcr:primaryType="nt:unstructured"
                    CH="{Boolean}false"
                    FR="{Boolean}false"
                    IE="{Boolean}false"/>
            </_x0031_4458>
            <_x0031_4460
                jcr:primaryType="nt:unstructured"
                countries="[GB,IE,XX]"
                currency="GBP"
                currencySymbol="£"
                fundId="{Long}5322"
                fundingStatus="Open"
                inceptionDate="2024-04-25"
                initialCharge="3.00%"
                isAuthorizedPending="{Boolean}false"
                isGLIF="{Boolean}false"
                isin="IE0007IVAPG7"
                isSMA="{Boolean}false"
                minimumInvestment="150 000 000 USD"
                primaryBenchmark="Russell 2000 Total Return Index"
                sedol="BRPT4N1"
                ticker="LAZUSWW ID"
                title="WW Dist GBP"
                valoren="134861430"
                vehicleId="{Long}17"
                vehicleName="UCITS (Ireland)">
                <professionalOnlyCountries
                    jcr:primaryType="nt:unstructured"
                    GB="{Boolean}false"
                    IE="{Boolean}false"/>
            </_x0031_4460>
            <_x0031_4461
                jcr:primaryType="nt:unstructured"
                countries="[GB,IE,XX]"
                currency="EUR"
                currencySymbol="€"
                fundId="{Long}5322"
                fundingStatus="Open"
                inceptionDate="2024-04-25"
                initialCharge="3.00%"
                isAuthorizedPending="{Boolean}false"
                isGLIF="{Boolean}false"
                isin="IE0005OVUC04"
                isSMA="{Boolean}false"
                minimumInvestment="150 000 000 USD"
                primaryBenchmark="Russell 2000 Total Return Index"
                sedol="BRPT4P3"
                ticker="LZUSCWE ID"
                title="WW Dist EUR"
                valoren="134862219"
                vehicleId="{Long}17"
                vehicleName="UCITS (Ireland)">
                <professionalOnlyCountries
                    jcr:primaryType="nt:unstructured"
                    GB="{Boolean}false"
                    IE="{Boolean}false"/>
            </_x0031_4461>
            <_x0031_4641
                jcr:primaryType="nt:unstructured"
                countries="[ES,IE,PT,XX]"
                currency="USD"
                currencySymbol="US$"
                fundId="{Long}5322"
                fundingStatus="Authorized/Pending"
                initialCharge="3.00%"
                isAuthorizedPending="{Boolean}true"
                isGLIF="{Boolean}false"
                isin="IE000OZ9SPB0"
                isSMA="{Boolean}false"
                minimumInvestment="25 000 000 USD"
                primaryBenchmark="Russell 2000 Total Return Index"
                sedol="BRJZ2M0"
                ticker="LAZUSSA ID"
                title="S Acc USD"
                valoren="135706158"
                vehicleId="{Long}17"
                vehicleName="UCITS (Ireland)">
                <professionalOnlyCountries
                    jcr:primaryType="nt:unstructured"
                    ES="{Boolean}false"
                    IE="{Boolean}false"
                    PT="{Boolean}false"/>
            </_x0031_4641>
            <_x0031_4642
                jcr:primaryType="nt:unstructured"
                countries="[ES,IE,PT,XX]"
                currency="EUR"
                currencySymbol="€"
                fundId="{Long}5322"
                fundingStatus="Authorized/Pending"
                initialCharge="3.00%"
                isAuthorizedPending="{Boolean}true"
                isGLIF="{Boolean}false"
                isin="IE000V3VIQD5"
                isSMA="{Boolean}false"
                minimumInvestment="25 000 000 USD"
                primaryBenchmark="Russell 2000 Total Return Index"
                sedol="BRJZ2L9"
                ticker="LAZUSSE ID"
                title="S Acc EUR Hedged"
                valoren="135706188"
                vehicleId="{Long}17"
                vehicleName="UCITS (Ireland)">
                <professionalOnlyCountries
                    jcr:primaryType="nt:unstructured"
                    ES="{Boolean}false"
                    IE="{Boolean}false"
                    PT="{Boolean}false"/>
            </_x0031_4642>
        </shareClasses>
        <platforms jcr:primaryType="nt:unstructured">
            <_x0039_5
                jcr:primaryType="nt:unstructured"
                countries="[CA,US]"
                regions="[1]"
                sortOrder="{Long}300"
                title="US Equity Platform"/>
            <_x0033_5745
                jcr:primaryType="nt:unstructured"
                countries="[AT,DE]"
                regions="[4]"
                sortOrder="{Long}9700"
                title="Equity Platform"/>
        </platforms>
    </externalMetadata>
</jcr:root>
