<?xml version="1.0" encoding="UTF-8"?>
<jcr:root xmlns:jcr="http://www.jcp.org/jcr/1.0" xmlns:nt="http://www.jcp.org/jcr/nt/1.0" xmlns:cq="http://www.day.com/jcr/cq/1.0" xmlns:sling="http://sling.apache.org/jcr/sling/1.0"
    jcr:primaryType="cq:Page">
    <jcr:content
        cq:lastModified="{Date}2024-07-15T20:13:29.703Z"
        cq:lastModifiedBy="products-service-user"
        cq:template="/conf/lam/settings/wcm/templates/fund-detail"
        jcr:primaryType="cq:PageContent"
        jcr:title="Lazard ACW ex-US Equity Advantage"
        sling:resourceType="lam/components/page"
        productType="Fund">
        <root
            jcr:primaryType="nt:unstructured"
            sling:resourceType="lam/components/container"
            layout="responsiveGrid">
            <container
                jcr:primaryType="nt:unstructured"
                sling:resourceType="lam/components/container"
                layout="responsiveGrid"/>
        </root>
    </jcr:content>
    <productData
        jcr:primaryType="nt:unstructured"
        title="Lazard ACW ex-US Equity Advantage"
        type="Fund"/>
    <externalMetadata
        jcr:primaryType="nt:unstructured"
        assetClasses="[Equity]"
        availableOnInvestmentPlatform="{Boolean}false"
        benchmarkName="MSCI All Country World ex-US Index"
        category="Equity"
        categorySortOrder="{Long}100"
        hasSMAonly="{Boolean}false"
        languages="[en-au,en-de,en-gb,en-us,fr-ca,ja-jp]"
        pmTeamMembers="[]"
        sortOrderWithinCategory="{Long}380"
        strategyId="{Long}93"
        subStrategyId="{Long}310"
        suppressBenchmarks="{Boolean}false"
        umbrellaNumDigitsDividend="{Long}4"
        umbrellaNumDigitsNav="{Long}4">
        <productLanguages jcr:primaryType="nt:unstructured">
            <en-us
                jcr:primaryType="nt:unstructured"
                productHighlight="The portfolio aims to deliver consistent outperformance versus its benchmark through stable and balanced exposure across four factor families: Value, Growth, Quality &amp; Sentiment.&#xd;&#xa;Risk exposures are managed to be similar to the benchmark, which allows active stock selection to drive relative results without reliance on specific macro trends for successful outcomes.&#xd;&#xa;Managed by a team of seasoned professionals who have been managing similar equity portfolios together in excess of two decades"
                shortDesc="Lazard ACW ex-US Equity Advantage seeks to outperform the MSCI ACWI ex-US Index. The portfolio seeks consistency throughout market cycles and relies on a core, bottom-up stock selection approach while avoiding unwanted top-down or macro exposures to achieve this objective. The investment universe consists of approximately 6,000 developed and emerging-market stocks using an active, quantitatively based investment process that evaluates each company's growth potential, valuation, market sentiment and financial quality on a daily basis relative to global peers. Portfolio risks are managed independently by maintaining exposures that are similar to the benchmark including region, industry, country, capitalization and beta."/>
        </productLanguages>
        <defaultShareClass jcr:primaryType="nt:unstructured"/>
        <shareClasses jcr:primaryType="nt:unstructured">
            <_x0031_39
                jcr:primaryType="nt:unstructured"
                countries="[BN,BS,CA,CN,HK,ID,JP,MO,MY,PH,SG,TH,TW,US,XX]"
                currency="USD"
                fundId="{Long}107"
                fundingStatus="Open"
                inceptionDate="2008-12-31"
                isAuthorizedPending="{Boolean}false"
                isGLIF="{Boolean}false"
                isSMA="{Boolean}false"
                minimumInvestment="25 000 000 USD"
                primaryBenchmark="MSCI All Country World ex-US Index"
                vehicleId="{Long}1"
                vehicleName="Separate Account">
                <professionalOnlyCountries jcr:primaryType="nt:unstructured"/>
            </_x0031_39>
        </shareClasses>
        <platforms jcr:primaryType="nt:unstructured">
            <_x0039_3
                jcr:primaryType="nt:unstructured"
                countries="[CA,US]"
                regions="[1]"
                sortOrder="{Long}200"
                title="International Equity Platform"/>
            <_x0039_9
                jcr:primaryType="nt:unstructured"
                countries="[BN,CA,CN,HK,ID,JP,MO,MY,PH,SG,TH,TW,US]"
                regions="[19,1,16]"
                sortOrder="{Long}900"
                title="Quantitative Equity Platform"/>
        </platforms>
    </externalMetadata>
</jcr:root>
