<?xml version="1.0" encoding="UTF-8"?>
<jcr:root xmlns:jcr="http://www.jcp.org/jcr/1.0" xmlns:nt="http://www.jcp.org/jcr/nt/1.0" xmlns:mix="http://www.jcp.org/jcr/mix/1.0" xmlns:cq="http://www.day.com/jcr/cq/1.0" xmlns:sling="http://sling.apache.org/jcr/sling/1.0"
    jcr:primaryType="cq:Page">
    <jcr:content
        cq:isDelivered="{Boolean}false"
        cq:lastModified="{Date}2024-09-17T20:52:55.704Z"
        cq:lastModifiedBy="products-service-user"
        cq:lastReplicated="{Date}2024-07-30T02:36:40.016Z"
        cq:lastReplicated_publish="{Date}2024-07-30T02:36:40.016Z"
        cq:lastReplicatedBy="anna.herbst@lazard.com"
        cq:lastReplicatedBy_publish="anna.herbst@lazard.com"
        cq:lastReplicationAction="Activate"
        cq:lastReplicationAction_publish="Activate"
        cq:template="/conf/lam/settings/wcm/templates/strategy-detail"
        jcr:isCheckedOut="{Boolean}true"
        jcr:mixinTypes="[cq:ReplicationStatus2,mix:versionable]"
        jcr:primaryType="cq:PageContent"
        jcr:title="Global Equity Income"
        jcr:uuid="1362074d-5756-4fb1-b6a3-1702bc15a549"
        sling:resourceType="lam/components/page"
        category="strategy"
        hideInNav="true"
        linkType="internal"
        pageProductData="fund-listing"
        productType="Strategy"
        pwaCachestrategy="staleWhileRevalidate"
        pwaDisplay="standalone"
        pwaOrientation="any">
        <root
            jcr:primaryType="nt:unstructured"
            sling:resourceType="lam/components/container"
            layout="responsiveGrid">
            <container
                jcr:primaryType="nt:unstructured"
                sling:resourceType="lam/components/container"
                layout="responsiveGrid"/>
        </root>
        <cq:featuredimage
            jcr:lastModified="{Date}2024-07-16T14:20:25.716Z"
            jcr:lastModifiedBy="bassel.eladas@lazard.com"
            jcr:primaryType="nt:unstructured"
            sling:resourceType="core/wcm/components/image/v3/image"
            altValueFromDAM="true"/>
    </jcr:content>
    <productData
        jcr:primaryType="nt:unstructured"
        title="Global Equity Income"
        type="Strategy"/>
    <externalMetadata
        jcr:primaryType="nt:unstructured"
        assetClasses="[Equity]"
        aumCurrency="USD"
        aumCurrencySymbol="US$"
        isEMD="{Boolean}false"
        isSMA="{Boolean}true"
        languages="[da-dk,de-at,de-ch,de-de,en-au,en-de,en-gb,en-us,es-es,fii-fi,fr-be,fr-ca,fr-fr,it-de,it-it,ja-jp,ko-kr,nb-no,nl-nl,pt-pt,sv-se]"
        pmTeamAsOfDate="2024-06-30"
        shareClassIds="[128,134]">
        <productLanguages jcr:primaryType="nt:unstructured">
            <en-us
                jcr:primaryType="nt:unstructured"
                productHighlight="Focus on high-yielding stocks-the strategy has an overall target yield of 5%--that also have capital appreciation potential.&#xd;&#xa;Invests in securities we believe will generate cash flows strong enough to pay robust dividends and fund reinvestment back into the underlying businesses.&#xd;&#xa;Diversified exposure across both sectors and geographies."
                shortDesc="The Lazard Global Equity Income strategy seeks to outperform its benchmark while generating high current yield by investing in dividend-paying equity securities, broadly diversified across sectors (both cyclical and defensive) in both developed and emerging markets and from across the market cap spectrum.  The strategy typically invests in 60-100 securities and is benchmarked to the MSCI ACW Value Net Index.  The strategy is available in both an ordinary share and an ADR version."
                tagline="Seeks to beat the MSCI ACW Value Net Index by Investing in dividend paying developed and EM equity Securities."/>
        </productLanguages>
        <platforms jcr:primaryType="nt:unstructured">
            <_x0039_2
                jcr:primaryType="nt:unstructured"
                countries="[AE,AU,BE,BH,BM,BN,CA,CN,DK,ES,FI,FR,GB,HK,ID,IE,IL,JP,LU,MO,MT,MY,NL,NO,NZ,PG,PH,PT,SA,SE,SG,TH,TW,US,XX,ZA]"
                regions="[16,3,20,5,2,22,1,19]"
                sortOrder="{Long}100"
                title="Global Equity Platform"/>
        </platforms>
        <pmTeamMembers jcr:primaryType="nt:unstructured">
            <_x0030_
                jcr:primaryType="nt:unstructured"
                bioId="{Long}656"
                firstName="Jimmie"
                isLead="{Boolean}true"
                lastName="Bork"
                sortOrder="{Long}1"/>
            <_x0031_
                jcr:primaryType="nt:unstructured"
                bioId="{Long}395"
                firstName="Nicholas"
                isLead="{Boolean}true"
                lastName="Sordoni"
                sortOrder="{Long}1"/>
            <_x0032_
                jcr:primaryType="nt:unstructured"
                bioId="{Long}436"
                firstName="Kyle"
                isLead="{Boolean}false"
                lastName="Waldhauer"
                sortOrder="{Long}2"/>
        </pmTeamMembers>
        <webClassifications jcr:primaryType="nt:unstructured">
            <_x0030_
                jcr:primaryType="nt:unstructured"
                type="Geography"
                value="Global"/>
        </webClassifications>
        <subStrategies jcr:primaryType="nt:unstructured">
            <_x0032_51
                jcr:primaryType="nt:unstructured"
                defaultShareClass="{Long}128"
                inceptionDate="2005-08-01"
                primaryBenchmark="MSCI All Country World Value Index"
                title="Global Equity Income"/>
            <_x0032_82
                jcr:primaryType="nt:unstructured"
                defaultShareClass="{Long}134"
                inceptionDate="2007-08-01"
                primaryBenchmark="MSCI All Country World Value Index"
                title="Global Equity Income ADR"/>
        </subStrategies>
    </externalMetadata>
    <disclaimerMappings jcr:primaryType="nt:unstructured">
        <DisclaimerLabel
            jcr:primaryType="nt:unstructured"
            approvedLanguages="[en_us]"
            disclaimerPaths="[]"
            isGlobalProductMapping="{Boolean}true"
            placeholderKeys="[]"
            type="DisclaimerLabel"/>
        <StrategyDisclaimerOverride
            jcr:primaryType="nt:unstructured"
            approvedLanguages="[en_us]"
            disclaimerPaths="[]"
            isGlobalProductMapping="{Boolean}false"
            placeholderKeys="[]"
            type="StrategyDisclaimerOverride"/>
    </disclaimerMappings>
</jcr:root>
