<?xml version="1.0" encoding="UTF-8"?>
<jcr:root xmlns:jcr="http://www.jcp.org/jcr/1.0" xmlns:nt="http://www.jcp.org/jcr/nt/1.0" xmlns:cq="http://www.day.com/jcr/cq/1.0" xmlns:sling="http://sling.apache.org/jcr/sling/1.0"
    jcr:primaryType="cq:Page">
    <jcr:content
        cq:isDelivered="{Boolean}false"
        cq:lastModified="{Date}2024-10-18T17:25:50.676Z"
        cq:lastModifiedBy="products-service-user"
        cq:template="/conf/lam/settings/wcm/templates/fund-detail"
        jcr:mixinTypes="[cq:ReplicationStatus2]"
        jcr:primaryType="cq:PageContent"
        jcr:title="Lazard Global Listed Infrastructure (Unhedged)"
        sling:resourceType="lam/components/page"
        productType="Fund">
        <root
            jcr:primaryType="nt:unstructured"
            sling:resourceType="lam/components/container"
            layout="responsiveGrid">
            <container
                jcr:primaryType="nt:unstructured"
                sling:resourceType="lam/components/container"
                layout="responsiveGrid"/>
        </root>
    </jcr:content>
    <productData
        jcr:primaryType="nt:unstructured"
        title="Lazard Global Listed Infrastructure (Unhedged)"
        type="Fund"/>
    <externalMetadata
        jcr:primaryType="nt:unstructured"
        assetClasses="[Equity]"
        availableOnInvestmentPlatform="{Boolean}false"
        category="Real Assets"
        categorySortOrder="{Long}400"
        hasSMAonly="{Boolean}false"
        languages="[da-dk,de-at,de-ch,de-de,en-au,en-de,en-gb,en-us,es-es,fii-fi,fr-be,fr-ca,fr-fr,it-de,it-it,ja-jp,ko-kr,nb-no,nl-nl,pt-pt,sv-se]"
        pmTeamAsOfDate="2024-09-30"
        pmTeamMembers="[]"
        sortOrderWithinCategory="{Long}720"
        strategyId="{Long}29"
        subStrategyId="{Long}356"
        suppressBenchmarks="{Boolean}false"
        umbrellaNumDigitsDividend="{Long}4"
        umbrellaNumDigitsNav="{Long}4">
        <productLanguages jcr:primaryType="nt:unstructured">
            <en-us
                jcr:primaryType="nt:unstructured"
                productHighlight="Seeks to invest in physical assets that society requires to facilitate orderly operation (i.e., airports, toll roads, transmission/distribution grid, water utilities)&#xd;&#xa;Seeks long-term real assets with high visibility of future cash flows, low risk of capital loss and inflation protected revenues&#xd;&#xa;The listed market typically represents the largest infrastructure opportunity set (~ $2.5 trillion market cap) and private investors are increasingly looking for exposure&#xd;&#xa;"
                shortDesc="Lazard Global Listed Infrastructure (unhedged) seeks long-term, defensive, low-volatility returns that exceed inflation by investing in a range of companies around the world that Lazard considers to be &quot;Preferred Infrastructure&quot; (monopoly-like, explicit/implicit inflation pass-through, quality regulatory/political environment). We seek to build a portfolio of 25-50 equity securities that aims to provide our investors with returns of inflation +5% per annum over rolling five-year periods. The strategy is closed to new investors."/>
            <en-gb
                jcr:primaryType="nt:unstructured"
                productHighlight="Seeks to invest in physical assets that society requires to facilitate orderly operation (i.e., airports, toll roads, transmission/distribution grid, water utilities)&#xd;&#xa;Seeks long-term real assets with high visibility of future cash flows, low risk of capital loss and inflation protected revenues&#xd;&#xa;The listed market typically represents the largest infrastructure opportunity set (~ $2.5 trillion market cap) and private investors are increasingly looking for exposure&#xd;&#xa;"
                shortDesc="Lazard Global Listed Infrastructure (unhedged) seeks long-term, defensive, low-volatility returns that exceed inflation by investing in a range of companies around the world that Lazard considers to be &quot;Preferred Infrastructure&quot; (monopoly-like, explicit/implicit inflation pass-through, quality regulatory/political environment). We seek to build a portfolio of 25-50 equity securities that aims to provide our investors with returns of inflation +5% per annum over rolling five-year periods. The strategy is closed to new investors."/>
        </productLanguages>
        <defaultShareClass jcr:primaryType="nt:unstructured"/>
        <shareClasses jcr:primaryType="nt:unstructured">
            <_x0035_16
                jcr:primaryType="nt:unstructured"
                countries="[AE,AU,BE,BH,BM,BN,BS,CA,CN,DK,ES,FI,FR,GB,HK,ID,IE,IL,JP,LU,MO,MT,MY,NL,NO,NZ,PG,PH,PT,SA,SE,SG,TH,TW,US,XX,ZA,XX]"
                currency="USD"
                currencySymbol="US$"
                fundId="{Long}303"
                fundingStatus="Soft-Closed"
                isAuthorizedPending="{Boolean}false"
                isGLIF="{Boolean}true"
                isSMA="{Boolean}false"
                minimumInvestment="US$ 70,000,000"
                vehicleId="{Long}1"
                vehicleName="Separate Account">
                <professionalOnlyCountries jcr:primaryType="nt:unstructured"/>
            </_x0035_16>
        </shareClasses>
        <platforms jcr:primaryType="nt:unstructured">
            <_x0039_2
                jcr:primaryType="nt:unstructured"
                countries="[AE,AU,BE,BH,BM,BN,CA,CN,DK,ES,FI,FR,GB,HK,ID,IE,IL,JP,LU,MO,MT,MY,NL,NO,NZ,PG,PH,PT,SA,SE,SG,TH,TW,US,XX,ZA]"
                regions="[16,3,20,5,22,2,19,1]"
                sortOrder="{Long}100"
                title="Global Equity Platform"/>
            <_x0033_0856
                jcr:primaryType="nt:unstructured"
                countries="[AE,BE,BH,CA,DK,ES,FI,FR,GB,IE,IL,LU,MT,NL,NO,PT,SA,SE,US,XX,ZA]"
                regions="[22,3,2,1]"
                sortOrder="{Long}8900"
                title="Real Assets Platform"/>
        </platforms>
    </externalMetadata>
    <disclaimerMappings jcr:primaryType="nt:unstructured">
        <DisclaimerLabel
            jcr:primaryType="nt:unstructured"
            approvedLanguages="[en_us]"
            disclaimerPaths="[/content/dam/lazard-asset-management/disclaimers/en_us/2078031161/jcr:content/indexedData/master]"
            isGlobalProductMapping="{Boolean}true"
            placeholderKeys="[]"
            type="DisclaimerLabel"/>
        <StatPro_NY-P_GLI_UNH
            jcr:primaryType="nt:unstructured"
            approvedLanguages="[en_us]"
            disclaimerPaths="[/content/dam/lazard-asset-management/disclaimers/en_us/1817256554]"
            isGlobalProductMapping="{Boolean}false"
            placeholderKeys="[]"
            type="StatPro_NY-P_GLI_UNH"/>
    </disclaimerMappings>
</jcr:root>
