<?xml version="1.0" encoding="UTF-8"?>
<jcr:root xmlns:jcr="http://www.jcp.org/jcr/1.0" xmlns:nt="http://www.jcp.org/jcr/nt/1.0" xmlns:cq="http://www.day.com/jcr/cq/1.0" xmlns:sling="http://sling.apache.org/jcr/sling/1.0"
    jcr:primaryType="cq:Page">
    <jcr:content
        cq:isDelivered="{Boolean}false"
        cq:lastModified="{Date}2024-10-18T17:25:34.937Z"
        cq:lastModifiedBy="products-service-user"
        cq:template="/conf/lam/settings/wcm/templates/fund-detail"
        jcr:mixinTypes="[cq:ReplicationStatus2]"
        jcr:primaryType="cq:PageContent"
        jcr:title="Lazard Emerging Markets Equity Advantage"
        sling:resourceType="lam/components/page"
        productType="Fund">
        <root
            jcr:primaryType="nt:unstructured"
            sling:resourceType="lam/components/container"
            layout="responsiveGrid">
            <container
                jcr:primaryType="nt:unstructured"
                sling:resourceType="lam/components/container"
                layout="responsiveGrid"/>
        </root>
    </jcr:content>
    <productData
        jcr:primaryType="nt:unstructured"
        title="Lazard Emerging Markets Equity Advantage"
        type="Fund"/>
    <externalMetadata
        jcr:primaryType="nt:unstructured"
        assetClasses="[Equity]"
        availableOnInvestmentPlatform="{Boolean}false"
        benchmarkName="MSCI Emerging Markets Index"
        category="Emerging Markets"
        categorySortOrder="{Long}200"
        hasSMAonly="{Boolean}false"
        languages="[da-dk,de-at,de-ch,de-de,en-au,en-de,en-gb,en-us,es-es,fii-fi,fr-be,fr-ca,fr-fr,it-de,it-it,ja-jp,nb-no,nl-nl,pt-pt,sv-se]"
        pmTeamAsOfDate="2024-09-30"
        pmTeamMembers="[]"
        sortOrderWithinCategory="{Long}510"
        strategyId="{Long}146"
        subStrategyId="{Long}383"
        suppressBenchmarks="{Boolean}false"
        umbrellaNumDigitsDividend="{Long}4"
        umbrellaNumDigitsNav="{Long}4">
        <productLanguages jcr:primaryType="nt:unstructured">
            <en-us
                jcr:primaryType="nt:unstructured"
                productHighlight="The strategy aims to deliver consistent outperformance versus its benchmark through stable and balanced exposure across four factor families: Value, Growth, Quality &amp; Sentiment.&#xd;&#xa;Risk exposures are managed to be similar to the benchmark, a process that seeks to allow active stock selection to drive relative results without reliance on specific macro trends for successful outcomes.&#xd;&#xa;Managed by a team of seasoned professionals who have been managing similar equity portfolios together in excess of two decades."
                shortDesc="Lazard Emerging Markets Equity Advantage seeks to outperform the MSCI Emerging Markets Index. The portfolio seeks consistency throughout market cycles and relies on a core, bottom-up stock selection approach while avoiding unwanted top-down or macro exposures to achieve this objective. The investment universe consists of approximately 3,600 emerging market stocks using an active, quantitatively based investment process that evaluates each company's growth potential, valuation, market sentiment and financial quality on a daily basis relative to global peers.  Portfolio risks are managed independently by maintaining exposures that are similar to the benchmark including region, industry, country, capitalization and beta."/>
            <en-gb
                jcr:primaryType="nt:unstructured"
                productHighlight="The strategy aims to deliver consistent outperformance versus its benchmark through stable and balanced exposure across four factor families: Value, Growth, Quality &amp; Sentiment.&#xd;&#xa;Risk exposures are managed to be similar to the benchmark, a process that seeks to allow active stock selection to drive relative results without reliance on specific macro trends for successful outcomes.&#xd;&#xa;Managed by a team of seasoned professionals who have been managing similar equity portfolios together in excess of two decades."
                shortDesc="Lazard Emerging Markets Equity Advantage seeks to outperform the MSCI Emerging Markets Index. The portfolio seeks consistency throughout market cycles and relies on a core, bottom-up stock selection approach while avoiding unwanted top-down or macro exposures to achieve this objective. The investment universe consists of approximately 3,600 emerging market stocks using an active, quantitatively based investment process that evaluates each company's growth potential, valuation, market sentiment and financial quality on a daily basis relative to global peers.  Portfolio risks are managed independently by maintaining exposures that are similar to the benchmark including region, industry, country, capitalization and beta."/>
        </productLanguages>
        <defaultShareClass jcr:primaryType="nt:unstructured"/>
        <shareClasses jcr:primaryType="nt:unstructured">
            <_x0034_87
                jcr:primaryType="nt:unstructured"
                countries="[AE,AT,AU,BE,BH,BN,BS,CA,CH,CN,DE,DK,ES,FI,FR,GB,HK,ID,IE,IL,IT,JP,LI,LU,MO,MT,MY,NL,NO,NZ,PG,PH,PT,SA,SE,SG,TH,TW,US,XX,ZA,XX]"
                currency="USD"
                currencySymbol="US$"
                fundId="{Long}285"
                fundingStatus="Open"
                inceptionDate="2010-12-21"
                isAuthorizedPending="{Boolean}false"
                isGLIF="{Boolean}false"
                isSMA="{Boolean}false"
                minimumInvestment="US$ 25,000,000"
                primaryBenchmark="MSCI Emerging Markets Index"
                vehicleId="{Long}1"
                vehicleName="Separate Account">
                <professionalOnlyCountries jcr:primaryType="nt:unstructured"/>
            </_x0034_87>
        </shareClasses>
        <platforms jcr:primaryType="nt:unstructured">
            <_x0039_4
                jcr:primaryType="nt:unstructured"
                countries="[AE,AU,BE,BH,BN,CA,CN,DK,ES,FI,FR,GB,HK,ID,IE,IL,JP,LU,MO,MT,MY,NL,NO,NZ,PG,PH,PT,SA,SE,SG,TH,TW,US,XX,ZA]"
                regions="[16,22,19,2,1,3,5]"
                sortOrder="{Long}600"
                title="Emerging Markets Platform"/>
            <_x0039_9
                jcr:primaryType="nt:unstructured"
                countries="[AE,AU,BE,BH,BN,CA,CN,DK,ES,FI,FR,GB,HK,ID,IE,IL,JP,LU,MO,MT,MY,NL,NO,NZ,PG,PH,PT,SA,SE,SG,TH,TW,US,XX,ZA]"
                regions="[22,2,5,19,1,16,3]"
                sortOrder="{Long}900"
                title="Quantitative Equity Platform"/>
            <_x0033_5745
                jcr:primaryType="nt:unstructured"
                countries="[AT,CH,DE,IT,LI]"
                regions="[18,4,21]"
                sortOrder="{Long}9700"
                title="Equity Platform"/>
        </platforms>
    </externalMetadata>
    <disclaimerMappings jcr:primaryType="nt:unstructured">
        <DisclaimerLabel
            jcr:primaryType="nt:unstructured"
            approvedLanguages="[en_us]"
            disclaimerPaths="[/content/dam/lazard-asset-management/disclaimers/en_us/2078031161/jcr:content/indexedData/master]"
            isGlobalProductMapping="{Boolean}true"
            placeholderKeys="[]"
            type="DisclaimerLabel"/>
        <StatPro_NY-P_LQE_EM_ADVAN
            jcr:primaryType="nt:unstructured"
            approvedLanguages="[en_us]"
            disclaimerPaths="[/content/dam/lazard-asset-management/disclaimers/en_us/2134256490]"
            isGlobalProductMapping="{Boolean}false"
            placeholderKeys="[]"
            type="StatPro_NY-P_LQE_EM_ADVAN"/>
    </disclaimerMappings>
</jcr:root>
