<?xml version="1.0" encoding="UTF-8"?>
<jcr:root xmlns:jcr="http://www.jcp.org/jcr/1.0" xmlns:nt="http://www.jcp.org/jcr/nt/1.0" xmlns:cq="http://www.day.com/jcr/cq/1.0" xmlns:sling="http://sling.apache.org/jcr/sling/1.0"
    jcr:primaryType="cq:Page">
    <jcr:content
        cq:lastModified="{Date}2024-10-23T15:20:03.569Z"
        cq:lastModifiedBy="disclaimer-service-user"
        cq:template="/conf/lam/settings/wcm/templates/fund-detail"
        jcr:primaryType="cq:PageContent"
        jcr:title="Lazard Global Convertibles Recovery"
        sling:resourceType="lam/components/page"
        productType="Fund">
        <root
            jcr:primaryType="nt:unstructured"
            sling:resourceType="lam/components/container"
            layout="responsiveGrid">
            <container
                jcr:primaryType="nt:unstructured"
                sling:resourceType="lam/components/container"
                layout="responsiveGrid"/>
        </root>
    </jcr:content>
    <productData
        jcr:primaryType="nt:unstructured"
        title="Lazard Global Convertibles Recovery"
        type="Fund"/>
    <externalMetadata
        jcr:primaryType="nt:unstructured"
        assetClasses="[Fixed Income]"
        availableOnInvestmentPlatform="{Boolean}false"
        category="Fixed Income"
        categorySortOrder="{Long}300"
        hasSMAonly="{Boolean}false"
        languages="[da-dk,de-at,de-ch,de-de,en-au,en-de,en-gb,en-us,es-es,fii-fi,fr-be,fr-ca,fr-fr,it-de,it-it,ja-jp,nb-no,nl-nl,pt-pt,sv-se]"
        pmTeamAsOfDate="2024-09-30"
        pmTeamMembers="[]"
        sortOrderWithinCategory="{Long}99999"
        strategyId="{Long}274"
        subStrategyId="{Long}625"
        suppressBenchmarks="{Boolean}false"
        umbrellaNumDigitsDividend="{Long}4"
        umbrellaNumDigitsNav="{Long}4">
        <productLanguages jcr:primaryType="nt:unstructured">
            <en-us
                jcr:primaryType="nt:unstructured"
                productHighlight="The strategy utilizes  bottom-up fundamental analysis and active management enabling the team to  identify potential opportunities beyond the benchmark.&#xd;&#xa;The structure of a convertible security sets it apart — it is a bond that gives its holder the option to convert it into equity at a predetermined price.&#xd;&#xa;The combination of bond-like downside protection with an option on upside equity participation has historically made convertibles one of the most dependable investments.&#xd;&#xa;The convertible’s equity option makes it one of the few investments that can potentially come out ahead of volatility."
                shortDesc="Lazard Global Convertibles Recovery seeks to benefit from market anomalies, and will invest in an actively managed long-only portfolio targeting 70 to 90 holdings of convertible securities deemed to be temporarily undervalued or generally deemed to be offering high upside potential. Target volatility is between 7% and 10%, with potential for superior risk-adjusted returns. The strategy does not use leverage. High-conviction security selection is expected to be the main performance driver of the strategy."/>
            <ja-jp
                jcr:primaryType="nt:unstructured"
                strategyTitle="グローバル転換社債リカバリー"/>
            <en-gb
                jcr:primaryType="nt:unstructured"
                productHighlight="The strategy utilizes  bottom-up fundamental analysis and active management enabling the team to  identify potential opportunities beyond the benchmark.&#xd;&#xa;The structure of a convertible security sets it apart — it is a bond that gives its holder the option to convert it into equity at a predetermined price.&#xd;&#xa;The combination of bond-like downside protection with an option on upside equity participation has historically made convertibles one of the most dependable investments.&#xd;&#xa;The convertible’s equity option makes it one of the few investments that can potentially come out ahead of volatility."
                shortDesc="Lazard Global Convertibles Recovery seeks to benefit from market anomalies, and will invest in an actively managed long-only portfolio targeting 70 to 90 holdings of convertible securities deemed to be temporarily undervalued or generally deemed to be offering high upside potential. Target volatility is between 7% and 10%, with potential for superior risk-adjusted returns. The strategy does not use leverage. High-conviction security selection is expected to be the main performance driver of the strategy."/>
        </productLanguages>
        <defaultShareClass jcr:primaryType="nt:unstructured"/>
        <shareClasses jcr:primaryType="nt:unstructured">
            <_x0039_441
                jcr:primaryType="nt:unstructured"
                countries="[AE,AT,AU,BE,BH,BS,CA,CH,DE,DK,ES,FI,FR,IE,IL,IT,JP,LI,LU,MT,NL,NO,NZ,PG,PT,SA,SE,US,XX,ZA,XX]"
                currency="USD"
                currencySymbol="US$"
                fundId="{Long}3481"
                fundingStatus="Open"
                isAuthorizedPending="{Boolean}false"
                isGLIF="{Boolean}false"
                isSMA="{Boolean}false"
                vehicleId="{Long}1"
                vehicleName="Separate Account">
                <professionalOnlyCountries jcr:primaryType="nt:unstructured"/>
            </_x0039_441>
        </shareClasses>
        <platforms jcr:primaryType="nt:unstructured">
            <_x0039_8
                jcr:primaryType="nt:unstructured"
                countries="[AU,NZ,PG]"
                regions="[5]"
                sortOrder="{Long}700"
                title="Fixed Income Platform"/>
            <_x0033_9865
                jcr:primaryType="nt:unstructured"
                countries="[AE,AT,BE,BH,CA,CH,DE,DK,ES,FI,FR,IE,IL,IT,JP,LI,LU,MT,NL,NO,PT,SA,SE,US,XX,ZA]"
                regions="[16,22,18,1,4,21,3]"
                sortOrder="{Long}650"
                title="Convertibles Platform"/>
        </platforms>
    </externalMetadata>
    <disclaimerMappings jcr:primaryType="nt:unstructured">
        <DisclaimerLabel
            jcr:primaryType="nt:unstructured"
            approvedLanguages="[en_us]"
            disclaimerPaths="[/content/dam/lazard-asset-management/disclaimers/en_us/2078031161]"
            isGlobalProductMapping="{Boolean}true"
            type="DisclaimerLabel"/>
        <DisclaimerCharacteristics
            jcr:primaryType="nt:unstructured"
            approvedLanguages="[en_be,en_ch,en_es,en_fi,en_fr,en_gb,en_ie,en_it,en_li,en_lu,en_nl,en_no,en_pt,en_se]"
            disclaimerPaths="[/content/dam/lazard-asset-management/disclaimers/en_us/860061669]"
            isGlobalProductMapping="{Boolean}false"
            type="DisclaimerCharacteristics"/>
    </disclaimerMappings>
</jcr:root>
