<?xml version="1.0" encoding="UTF-8"?>
<jcr:root xmlns:jcr="http://www.jcp.org/jcr/1.0" xmlns:nt="http://www.jcp.org/jcr/nt/1.0" xmlns:cq="http://www.day.com/jcr/cq/1.0" xmlns:sling="http://sling.apache.org/jcr/sling/1.0"
    jcr:primaryType="cq:Page">
    <jcr:content
        cq:lastModified="{Date}2024-07-15T20:25:37.213Z"
        cq:lastModifiedBy="products-service-user"
        cq:template="/conf/lam/settings/wcm/templates/fund-detail"
        jcr:primaryType="cq:PageContent"
        jcr:title="Lazard Global Managed Volatility (USD Hedge)"
        sling:resourceType="lam/components/page"
        productType="Fund">
        <root
            jcr:primaryType="nt:unstructured"
            sling:resourceType="lam/components/container"
            layout="responsiveGrid">
            <container
                jcr:primaryType="nt:unstructured"
                sling:resourceType="lam/components/container"
                layout="responsiveGrid"/>
        </root>
    </jcr:content>
    <productData
        jcr:primaryType="nt:unstructured"
        title="Lazard Global Managed Volatility (USD Hedge)"
        type="Fund"/>
    <externalMetadata
        jcr:primaryType="nt:unstructured"
        assetClasses="[Equity]"
        availableOnInvestmentPlatform="{Boolean}false"
        benchmarkName="MSCI World Index (Hedged USD)"
        category="Equity"
        categorySortOrder="{Long}100"
        hasSMAonly="{Boolean}false"
        languages="[da-dk,de-at,de-ch,de-de,en-au,en-de,en-gb,en-us,es-es,fii-fi,fr-be,fr-ca,fr-fr,it-de,it-it,nb-no,nl-nl,pt-pt,sv-se]"
        pmTeamMembers="[]"
        sortOrderWithinCategory="{Long}450"
        strategyId="{Long}112"
        subStrategyId="{Long}418"
        suppressBenchmarks="{Boolean}false"
        umbrellaNumDigitsDividend="{Long}4"
        umbrellaNumDigitsNav="{Long}4">
        <productLanguages jcr:primaryType="nt:unstructured">
            <en-us
                jcr:primaryType="nt:unstructured"
                shortDesc="The Lazard Global Managed Volatility strategy is a diversified global equity strategy that seeks to produce stable, equity returns with total risk well below market levels. The consistent emphasis of the strategy is on the creation of a low volatility equity portfolio that is expected to exceed market-cap returns over a market cycle while realizing 20% to 40% lower risk as measured by the standard deviation of total returns. Stocks are selected for the portfolio using a proprietary, quantitatively-based, multi-factor investment process that favors stocks with fundamental attractiveness and below average risk characteristics. The portfolio is well diversified across economic sectors without adherence to a traditional market capitalization weighted benchmark. Expected annual turnover is between 60%-120%. Portfolio holdings range between 150-250 securities."/>
        </productLanguages>
        <defaultShareClass jcr:primaryType="nt:unstructured"/>
        <shareClasses jcr:primaryType="nt:unstructured">
            <_x0035_94
                jcr:primaryType="nt:unstructured"
                countries="[AE,AT,BE,BH,BS,CA,CH,DE,DK,ES,FI,FR,IE,IL,IT,LI,LU,MT,NL,NO,PT,SA,SE,US,XX,ZA,XX]"
                currency="USD"
                fundId="{Long}362"
                fundingStatus="Open"
                inceptionDate="2008-12-31"
                isAuthorizedPending="{Boolean}false"
                isGLIF="{Boolean}false"
                isSMA="{Boolean}false"
                minimumInvestment="25 000 000 USD"
                primaryBenchmark="MSCI World Index (Hedged USD)"
                vehicleId="{Long}1"
                vehicleName="Separate Account">
                <professionalOnlyCountries jcr:primaryType="nt:unstructured"/>
            </_x0035_94>
        </shareClasses>
        <platforms jcr:primaryType="nt:unstructured">
            <_x0039_2
                jcr:primaryType="nt:unstructured"
                countries="[CA,US]"
                regions="[1]"
                sortOrder="{Long}100"
                title="Global Equity Platform"/>
            <_x0039_9
                jcr:primaryType="nt:unstructured"
                countries="[AE,BE,BH,CA,DK,ES,FI,FR,IE,IL,LU,MT,NL,NO,PT,SA,SE,US,XX,ZA]"
                regions="[22,1,3]"
                sortOrder="{Long}900"
                title="Quantitative Equity Platform"/>
            <_x0033_5745
                jcr:primaryType="nt:unstructured"
                countries="[AT,CH,DE,IT,LI]"
                regions="[18,4,21]"
                sortOrder="{Long}9700"
                title="Equity Platform"/>
        </platforms>
    </externalMetadata>
</jcr:root>
