<?xml version="1.0" encoding="UTF-8"?>
<jcr:root xmlns:jcr="http://www.jcp.org/jcr/1.0" xmlns:nt="http://www.jcp.org/jcr/nt/1.0" xmlns:mix="http://www.jcp.org/jcr/mix/1.0" xmlns:cq="http://www.day.com/jcr/cq/1.0" xmlns:sling="http://sling.apache.org/jcr/sling/1.0"
    jcr:primaryType="cq:Page">
    <jcr:content
        cq:isDelivered="{Boolean}false"
        cq:lastModified="{Date}2024-10-18T17:33:49.887Z"
        cq:lastModifiedBy="products-service-user"
        cq:template="/conf/lam/settings/wcm/templates/fund-detail"
        jcr:isCheckedOut="{Boolean}true"
        jcr:mixinTypes="[cq:ReplicationStatus2,mix:versionable]"
        jcr:primaryType="cq:PageContent"
        jcr:title="Lazard Emerging Markets Debt Unrestricted Blend Fund"
        jcr:uuid="514872c3-1d5b-4f1f-b8b8-8acb324c91e3"
        sling:resourceType="lam/components/page"
        productType="Fund">
        <root
            jcr:primaryType="nt:unstructured"
            sling:resourceType="lam/components/container"
            layout="responsiveGrid">
            <container
                jcr:primaryType="nt:unstructured"
                sling:resourceType="lam/components/container"
                layout="responsiveGrid"/>
        </root>
    </jcr:content>
    <productData
        jcr:primaryType="nt:unstructured"
        title="Lazard Emerging Markets Debt Unrestricted Blend Fund"
        type="Fund"/>
    <externalMetadata
        jcr:primaryType="nt:unstructured"
        assetClasses="[Fixed Income]"
        availableOnInvestmentPlatform="{Boolean}true"
        benchmarkName="50% JPM EMBI Global Diversified Index/50% JPM GBI-EM Global Diversified Index"
        category="Emerging Markets"
        categorySortOrder="{Long}200"
        distributionDate="April and October"
        hasSMAonly="{Boolean}false"
        languages="[de-at,de-ch,de-de,en-au,en-de,en-gb,en-us,es-es,fr-be,fr-ca,fr-fr,it-de,it-it,nl-nl,pt-pt]"
        pmTeamAsOfDate="2024-09-30"
        sfdrCategory="{Long}8"
        sortOrderWithinCategory="{Long}540"
        strategyId="{Long}138"
        subStrategyId="{Long}388"
        suppressBenchmarks="{Boolean}false"
        umbrellaName="LGIF"
        umbrellaNumDigitsDividend="{Long}4"
        umbrellaNumDigitsNav="{Long}4">
        <investmentPlatforms jcr:primaryType="nt:unstructured">
            <_x0032_
                jcr:primaryType="nt:unstructured"
                countries="[CA,US]"
                name="Pershing"/>
            <_x0033_
                jcr:primaryType="nt:unstructured"
                countries="[GB]"
                name="Allfunds"/>
        </investmentPlatforms>
        <productLanguages jcr:primaryType="nt:unstructured">
            <en-us
                jcr:primaryType="nt:unstructured"
                shortDesc="Lazard's Emerging Markets Debt Unrestricted Blend Fund seeks to enhance returns over developing market fixed income by outperforming a blended benchmark of hard and local currency emerging market debt over a market cycle."/>
            <fr-fr
                jcr:primaryType="nt:unstructured"
                shortDesc="Lazard Emerging Markets Debt Blend Fund vise à accroître les rendements sur les revenus fixes des marchés développés en surperformant un indice de référence composé de titres de créance de marchés émergents en devises fortes et locales au cours d’un cycle de marché. Il est conforme à la norme VAG."/>
            <de-de
                jcr:primaryType="nt:unstructured"
                shortDesc="Der Lazard Emerging Markets Debt Unrestricted Blend Fund zielt darauf ab, höhere Erträge im Vergleich zu festverzinslichen Anlagen in den entwickelten Märkten zu generieren, indem er eine gemischte Benchmark aus Schwellenländeranleihen in Hartwährungen und Lokalwährungen über einen Marktzyklus übertrifft."/>
            <en-gb
                jcr:primaryType="nt:unstructured"
                shortDesc="Lazard's Emerging Markets Debt Unrestricted Blend Fund seeks to enhance returns over developing market fixed income by outperforming a blended benchmark of hard and local currency emerging market debt over a market cycle."/>
        </productLanguages>
        <defaultShareClass
            jcr:primaryType="nt:unstructured"
            AT="{Long}3264"
            BE="{Long}3261"
            CH="{Long}3261"
            DE="{Long}3782"
            ES="{Long}3261"
            FR="{Long}3261"
            GB="{Long}3261"
            IE="{Long}3261"
            IT="{Long}3261"
            LI="{Long}3261"
            LU="{Long}3261"
            NL="{Long}3266"
            PT="{Long}3261"
            SG="{Long}3261"/>
        <pmTeamMembers jcr:primaryType="nt:unstructured">
            <_x0030_
                jcr:primaryType="nt:unstructured"
                bioId="{Long}181"
                firstName="Arif"
                isLead="{Boolean}true"
                lastName="Joshi"
                sortOrder="{Long}1"/>
            <_x0031_
                jcr:primaryType="nt:unstructured"
                bioId="{Long}383"
                firstName="Denise"
                isLead="{Boolean}true"
                lastName="Simon"
                sortOrder="{Long}1"/>
            <_x0032_
                jcr:primaryType="nt:unstructured"
                bioId="{Long}644"
                firstName="Adam"
                isLead="{Boolean}false"
                lastName="Borneleit"
                sortOrder="{Long}2"/>
            <_x0033_
                jcr:primaryType="nt:unstructured"
                bioId="{Long}309"
                firstName="Felipe"
                isLead="{Boolean}false"
                lastName="Pianetti"
                sortOrder="{Long}2"/>
            <_x0034_
                jcr:primaryType="nt:unstructured"
                bioId="{Long}425"
                firstName="Sergio"
                isLead="{Boolean}false"
                lastName="Valderrama"
                sortOrder="{Long}2"/>
        </pmTeamMembers>
        <shareClasses jcr:primaryType="nt:unstructured">
            <_x0033_261
                jcr:primaryType="nt:unstructured"
                annualManagementCharge="0.80%"
                countries="[BE,CH,FR,GB,IE,LI,LU,XX,US]"
                currency="USD"
                currencySymbol="US$"
                fundId="{Long}1361"
                fundingStatus="Open"
                inceptionDate="2015-12-09"
                initialCharge="3.00%"
                isAuthorizedPending="{Boolean}false"
                isGLIF="{Boolean}false"
                isin="IE00BYZ9ZV57"
                isSMA="{Boolean}false"
                minimumInvestment="US$ 250,000"
                primaryBenchmark="50% JPM EMBI Global Diversified Index/50% JPM GBI-EM Global Diversified Index"
                sedol="BYZ9ZV5"
                ticker="LZEDUIA ID"
                title="A Acc USD"
                valoren="30793587"
                vehicleId="{Long}17"
                vehicleName="UCITS (Ireland)"
                wknCd="A2ABF3">
                <professionalOnlyCountries
                    jcr:primaryType="nt:unstructured"
                    BE="{Boolean}false"
                    CH="{Boolean}false"
                    FR="{Boolean}false"
                    GB="{Boolean}false"
                    IE="{Boolean}false"
                    LI="{Boolean}false"
                    LU="{Boolean}false"/>
                <investmentPlatforms jcr:primaryType="nt:unstructured">
                    <_x0032_
                        jcr:primaryType="nt:unstructured"
                        countries="[CA,US]"
                        name="Pershing"/>
                    <_x0033_
                        jcr:primaryType="nt:unstructured"
                        countries="[GB]"
                        name="Allfunds"/>
                </investmentPlatforms>
            </_x0033_261>
            <_x0033_263
                jcr:primaryType="nt:unstructured"
                annualManagementCharge="0.00%"
                countries="[GB,IE,XX]"
                currency="USD"
                currencySymbol="US$"
                fundId="{Long}1361"
                fundingStatus="Open"
                inceptionDate="2024-03-21"
                initialCharge="0.00%"
                isAuthorizedPending="{Boolean}false"
                isGLIF="{Boolean}false"
                isin="IE00BYZ9ZW64"
                isSMA="{Boolean}false"
                minimumInvestment="US$ 1,000,000"
                primaryBenchmark="50% JPM EMBI Global Diversified Index/50% JPM GBI-EM Global Diversified Index"
                sedol="BYZ9ZW6"
                ticker="LZEDUMG ID"
                title="M Acc USD"
                valoren="50121700"
                vehicleId="{Long}17"
                vehicleName="UCITS (Ireland)"
                wknCd="A2ABF4">
                <professionalOnlyCountries
                    jcr:primaryType="nt:unstructured"
                    GB="{Boolean}false"
                    IE="{Boolean}false"/>
                <investmentPlatforms jcr:primaryType="nt:unstructured">
                    <_x0033_
                        jcr:primaryType="nt:unstructured"
                        countries="[GB]"
                        name="Allfunds"/>
                </investmentPlatforms>
            </_x0033_263>
            <_x0033_264
                jcr:primaryType="nt:unstructured"
                annualManagementCharge="0.80%"
                countries="[AT,CH,DE,ES,GB,IE,PT,XX]"
                currency="EUR"
                currencySymbol="€"
                fundId="{Long}1361"
                fundingStatus="Authorized/Pending"
                initialCharge="3.00%"
                isAuthorizedPending="{Boolean}true"
                isGLIF="{Boolean}false"
                isin="IE00BYZ9ZX71"
                isSMA="{Boolean}false"
                minimumInvestment="US$ 250,000"
                primaryBenchmark="50% JPM EMBI Global Diversified Index/50% JPM GBI-EM Global Diversified Index"
                sedol="BYZ9ZX7"
                ticker="LZEMHIA ID"
                title="A Acc EUR Hedged"
                valoren="32195708"
                vehicleId="{Long}17"
                vehicleName="UCITS (Ireland)"
                wknCd="A2ABF5">
                <professionalOnlyCountries
                    jcr:primaryType="nt:unstructured"
                    AT="{Boolean}false"
                    CH="{Boolean}false"
                    DE="{Boolean}false"
                    ES="{Boolean}false"
                    GB="{Boolean}false"
                    IE="{Boolean}false"
                    PT="{Boolean}false"/>
                <investmentPlatforms jcr:primaryType="nt:unstructured">
                    <_x0033_
                        jcr:primaryType="nt:unstructured"
                        countries="[GB]"
                        name="Allfunds"/>
                </investmentPlatforms>
            </_x0033_264>
            <_x0033_272
                jcr:primaryType="nt:unstructured"
                annualManagementCharge="0.80%"
                countries="[CH,GB,IE,LI,XX]"
                currency="CHF"
                fundId="{Long}1361"
                fundingStatus="Open"
                inceptionDate="2016-02-17"
                initialCharge="3.00%"
                isAuthorizedPending="{Boolean}false"
                isGLIF="{Boolean}false"
                isin="IE00BYZB0270"
                isSMA="{Boolean}false"
                minimumInvestment="US$ 250,000"
                primaryBenchmark="50% JPM EMBI Global Diversified Index/50% JPM GBI-EM Global Diversified Index"
                sedol="BYZB027"
                ticker="LZECHIA ID"
                title="A Acc CHF Hedged"
                valoren="31611694"
                vehicleId="{Long}17"
                vehicleName="UCITS (Ireland)"
                wknCd="A2ABGA">
                <professionalOnlyCountries
                    jcr:primaryType="nt:unstructured"
                    CH="{Boolean}false"
                    GB="{Boolean}false"
                    IE="{Boolean}false"
                    LI="{Boolean}false"/>
                <investmentPlatforms jcr:primaryType="nt:unstructured">
                    <_x0033_
                        jcr:primaryType="nt:unstructured"
                        countries="[GB]"
                        name="Allfunds"/>
                </investmentPlatforms>
            </_x0033_272>
            <_x0033_321
                jcr:primaryType="nt:unstructured"
                annualManagementCharge="0.00%"
                countries="[AT,IE,LI,XX]"
                currency="USD"
                currencySymbol="US$"
                fundId="{Long}1361"
                fundingStatus="Open"
                inceptionDate="2016-03-24"
                initialCharge="0.00%"
                isAuthorizedPending="{Boolean}false"
                isGLIF="{Boolean}false"
                isin="IE00BYTQ6S62"
                isSMA="{Boolean}false"
                minimumInvestment="US$ 1,000,000"
                primaryBenchmark="50% JPM EMBI Global Diversified Index/50% JPM GBI-EM Global Diversified Index"
                sedol="BYTQ6S6"
                ticker="LZEMUXA ID"
                title="X Acc USD"
                valoren="32067658"
                vehicleId="{Long}17"
                vehicleName="UCITS (Ireland)"
                wknCd="A2ABF2">
                <professionalOnlyCountries
                    jcr:primaryType="nt:unstructured"
                    AT="{Boolean}false"
                    IE="{Boolean}false"
                    LI="{Boolean}false"/>
                <investmentPlatforms jcr:primaryType="nt:unstructured">
                    <_x0033_
                        jcr:primaryType="nt:unstructured"
                        countries="[GB]"
                        name="Allfunds"/>
                </investmentPlatforms>
            </_x0033_321>
            <_x0034_397
                jcr:primaryType="nt:unstructured"
                annualManagementCharge="1.50%"
                countries="[CH,ES,IE,IT,XX]"
                currency="EUR"
                currencySymbol="€"
                fundId="{Long}1361"
                fundingStatus="Authorized/Pending"
                initialCharge="5.00%"
                isAuthorizedPending="{Boolean}true"
                isGLIF="{Boolean}false"
                isin="IE00BK58CM40"
                isSMA="{Boolean}false"
                minimumInvestment="US$ 500"
                primaryBenchmark="50% JPM EMBI Global Diversified Index/50% JPM GBI-EM Global Diversified Index"
                sedol="BK58CM4"
                ticker="LZEMBEA ID"
                title="B Acc EUR Hedged"
                valoren="50123067"
                vehicleId="{Long}17"
                vehicleName="UCITS (Ireland)">
                <professionalOnlyCountries
                    jcr:primaryType="nt:unstructured"
                    CH="{Boolean}false"
                    ES="{Boolean}false"
                    IE="{Boolean}false"
                    IT="{Boolean}false"/>
                <investmentPlatforms jcr:primaryType="nt:unstructured">
                    <_x0033_
                        jcr:primaryType="nt:unstructured"
                        countries="[GB]"
                        name="Allfunds"/>
                </investmentPlatforms>
            </_x0034_397>
            <_x0035_972
                jcr:primaryType="nt:unstructured"
                annualManagementCharge="0.70%"
                countries="[IE,XX]"
                currency="GBP"
                currencySymbol="£"
                fundId="{Long}1361"
                fundingStatus="Authorized/Pending"
                initialCharge="3.00%"
                isAuthorizedPending="{Boolean}true"
                isGLIF="{Boolean}false"
                isin="IE00BLR79920"
                isSMA="{Boolean}false"
                minimumInvestment="US$ 250,000"
                primaryBenchmark="50% JPM EMBI Global Diversified Index/50% JPM GBI-EM Global Diversified Index"
                sedol="BLR7992"
                ticker="LADUBCH ID"
                title="C Acc GBP Hedged"
                valoren="111462237"
                vehicleId="{Long}17"
                vehicleName="UCITS (Ireland)">
                <professionalOnlyCountries
                    jcr:primaryType="nt:unstructured"
                    IE="{Boolean}false"/>
                <investmentPlatforms jcr:primaryType="nt:unstructured">
                    <_x0033_
                        jcr:primaryType="nt:unstructured"
                        countries="[GB]"
                        name="Allfunds"/>
                </investmentPlatforms>
            </_x0035_972>
            <_x0038_381
                jcr:primaryType="nt:unstructured"
                annualManagementCharge="0.75%"
                countries="[AT,CH,DE,GB,IE,IT,LU,XX]"
                currency="CHF"
                fundId="{Long}1361"
                fundingStatus="Authorized/Pending"
                initialCharge="3.00%"
                isAuthorizedPending="{Boolean}true"
                isGLIF="{Boolean}false"
                isin="IE00BJGV5S20"
                isSMA="{Boolean}false"
                minimumInvestment="US$ 100,000,000"
                primaryBenchmark="50% JPM EMBI Global Diversified Index/50% JPM GBI-EM Global Diversified Index"
                sedol="BJGV5S2"
                ticker="LZECHEC ID"
                title="E Acc CHF Hedged"
                valoren="49690675"
                vehicleId="{Long}17"
                vehicleName="UCITS (Ireland)"
                wknCd="A2PS6C">
                <professionalOnlyCountries
                    jcr:primaryType="nt:unstructured"
                    AT="{Boolean}false"
                    CH="{Boolean}false"
                    DE="{Boolean}false"
                    GB="{Boolean}false"
                    IE="{Boolean}false"
                    IT="{Boolean}false"
                    LU="{Boolean}false"/>
            </_x0038_381>
            <_x0038_382
                jcr:primaryType="nt:unstructured"
                annualManagementCharge="0.75%"
                countries="[AT,CH,DE,GB,IE,IT,LU,PT,XX]"
                currency="EUR"
                currencySymbol="€"
                fundId="{Long}1361"
                fundingStatus="Authorized/Pending"
                inceptionDate="2020-04-02"
                initialCharge="3.00%"
                isAuthorizedPending="{Boolean}true"
                isGLIF="{Boolean}false"
                isin="IE00BJGV5T37"
                isSMA="{Boolean}false"
                minimumInvestment="US$ 100,000,000"
                primaryBenchmark="50% JPM EMBI Global Diversified Index/50% JPM GBI-EM Global Diversified Index"
                sedol="BJGV5T3"
                ticker="LZECHEH ID"
                title="E Acc EUR Hedged"
                valoren="49690685"
                vehicleId="{Long}17"
                vehicleName="UCITS (Ireland)"
                wknCd="A2PS6D">
                <professionalOnlyCountries
                    jcr:primaryType="nt:unstructured"
                    AT="{Boolean}false"
                    CH="{Boolean}false"
                    DE="{Boolean}false"
                    GB="{Boolean}false"
                    IE="{Boolean}false"
                    IT="{Boolean}false"
                    LU="{Boolean}false"
                    PT="{Boolean}false"/>
            </_x0038_382>
            <_x0038_385
                jcr:primaryType="nt:unstructured"
                annualManagementCharge="0.75%"
                countries="[AT,CH,DE,GB,IE,IT,LU,XX]"
                currency="GBP"
                currencySymbol="£"
                fundId="{Long}1361"
                fundingStatus="Authorized/Pending"
                initialCharge="3.00%"
                isAuthorizedPending="{Boolean}true"
                isGLIF="{Boolean}false"
                isin="IE00BJGV5X72"
                isSMA="{Boolean}false"
                minimumInvestment="US$ 100,000,000"
                primaryBenchmark="50% JPM EMBI Global Diversified Index/50% JPM GBI-EM Global Diversified Index"
                sedol="BJGV5X7"
                ticker="LZECHED ID"
                title="E Dist GBP"
                valoren="49687351"
                vehicleId="{Long}17"
                vehicleName="UCITS (Ireland)"
                wknCd="A2PS6G">
                <professionalOnlyCountries
                    jcr:primaryType="nt:unstructured"
                    AT="{Boolean}false"
                    CH="{Boolean}false"
                    DE="{Boolean}false"
                    GB="{Boolean}false"
                    IE="{Boolean}false"
                    IT="{Boolean}false"
                    LU="{Boolean}false"/>
            </_x0038_385>
            <_x0038_386
                jcr:primaryType="nt:unstructured"
                annualManagementCharge="0.75%"
                countries="[AT,CH,DE,GB,IE,IT,LU,XX]"
                currency="USD"
                currencySymbol="US$"
                fundId="{Long}1361"
                fundingStatus="Authorized/Pending"
                initialCharge="3.00%"
                isAuthorizedPending="{Boolean}true"
                isGLIF="{Boolean}false"
                isin="IE00BJGV5Y89"
                isSMA="{Boolean}false"
                minimumInvestment="US$ 100,000,000"
                primaryBenchmark="50% JPM EMBI Global Diversified Index/50% JPM GBI-EM Global Diversified Index"
                sedol="BJGV5Y8"
                ticker="LZECHEU ID"
                title="E Dist USD"
                valoren="49688359"
                vehicleId="{Long}17"
                vehicleName="UCITS (Ireland)"
                wknCd="A2PS6H">
                <professionalOnlyCountries
                    jcr:primaryType="nt:unstructured"
                    AT="{Boolean}false"
                    CH="{Boolean}false"
                    DE="{Boolean}false"
                    GB="{Boolean}false"
                    IE="{Boolean}false"
                    IT="{Boolean}false"
                    LU="{Boolean}false"/>
            </_x0038_386>
        </shareClasses>
        <platforms jcr:primaryType="nt:unstructured">
            <_x0039_4
                jcr:primaryType="nt:unstructured"
                countries="[AE,AU,BE,BH,BN,CA,CN,DK,ES,FI,FR,GB,HK,ID,IE,IL,JP,LU,MO,MT,MY,NL,NO,NZ,PG,PH,PT,SA,SE,SG,TH,TW,US,XX,ZA]"
                regions="[22,16,19,2,1,3,5]"
                sortOrder="{Long}600"
                title="Emerging Markets Platform"/>
            <_x0039_8
                jcr:primaryType="nt:unstructured"
                countries="[AE,AT,AU,BE,BH,BN,CA,CH,CN,DE,DK,ES,FI,FR,GB,HK,ID,IE,IL,IT,JP,LI,LU,MO,MT,MY,NL,NO,NZ,PG,PH,PT,SA,SE,SG,TH,TW,US,XX,ZA]"
                regions="[4,19,22,18,5,1,16,2,21,3]"
                sortOrder="{Long}700"
                title="Fixed Income Platform"/>
        </platforms>
    </externalMetadata>
    <disclaimerMappings jcr:primaryType="nt:unstructured">
        <DisclaimerLabel
            jcr:primaryType="nt:unstructured"
            approvedLanguages="[en_us]"
            disclaimerPaths="[/content/dam/lazard-asset-management/disclaimers/en_us/2078031161/jcr:content/indexedData/master]"
            isGlobalProductMapping="{Boolean}true"
            placeholderKeys="[]"
            type="DisclaimerLabel"/>
        <DisclaimerOverride
            jcr:primaryType="nt:unstructured"
            approvedLanguages="[de_de,en_at,en_ch,en_de,en_fr,en_gb,en_it,en_us]"
            disclaimerPaths="[/content/dam/lazard-asset-management/disclaimers/en_us/1200193228]"
            isGlobalProductMapping="{Boolean}false"
            placeholderKeys="[]"
            type="DisclaimerOverride"/>
        <DisclaimerPerformanceReview
            jcr:primaryType="nt:unstructured"
            approvedLanguages="[en_us]"
            disclaimerPaths="[/content/dam/lazard-asset-management/disclaimers/en_us/237001957]"
            isGlobalProductMapping="{Boolean}false"
            placeholderKeys="[]"
            type="DisclaimerPerformanceReview"/>
        <DisclaimerPerformanceReview_tcm-65-157818
            jcr:primaryType="nt:unstructured"
            approvedLanguages="[en_us]"
            disclaimerPaths="[/content/dam/lazard-asset-management/disclaimers/en_us/1505085627]"
            isGlobalProductMapping="{Boolean}false"
            placeholderKeys="[]"
            type="DisclaimerPerformanceReview_tcm-65-157818"/>
        <DisclaimerPerformanceReview_tcm-67-157818
            jcr:primaryType="nt:unstructured"
            approvedLanguages="[en_us]"
            disclaimerPaths="[/content/dam/lazard-asset-management/disclaimers/en_us/237001957]"
            isGlobalProductMapping="{Boolean}false"
            placeholderKeys="[]"
            type="DisclaimerPerformanceReview_tcm-67-157818"/>
        <DisclaimerPerformanceReview_tcm-70-157818
            jcr:primaryType="nt:unstructured"
            approvedLanguages="[en_us]"
            disclaimerPaths="[/content/dam/lazard-asset-management/disclaimers/en_us/1161889373]"
            isGlobalProductMapping="{Boolean}false"
            placeholderKeys="[]"
            type="DisclaimerPerformanceReview_tcm-70-157818"/>
        <DisclaimerTop10Holdings
            jcr:primaryType="nt:unstructured"
            approvedLanguages="[en_us]"
            disclaimerPaths="[/content/dam/lazard-asset-management/disclaimers/en_us/1901248468]"
            isGlobalProductMapping="{Boolean}false"
            placeholderKeys="[]"
            type="DisclaimerTop10Holdings"/>
        <DisclaimerCharacteristics
            jcr:primaryType="nt:unstructured"
            approvedLanguages="[en_us]"
            disclaimerPaths="[/content/dam/lazard-asset-management/disclaimers/en_us/1658872192]"
            isGlobalProductMapping="{Boolean}false"
            placeholderKeys="[]"
            type="DisclaimerCharacteristics"/>
    </disclaimerMappings>
</jcr:root>
