<?xml version="1.0" encoding="UTF-8"?>
<jcr:root xmlns:jcr="http://www.jcp.org/jcr/1.0" xmlns:nt="http://www.jcp.org/jcr/nt/1.0" xmlns:cq="http://www.day.com/jcr/cq/1.0" xmlns:sling="http://sling.apache.org/jcr/sling/1.0"
    jcr:primaryType="cq:Page">
    <jcr:content
        cq:lastModified="{Date}2024-10-25T15:11:08.017Z"
        cq:lastModifiedBy="products-service-user"
        cq:template="/conf/lam/settings/wcm/templates/fund-detail"
        jcr:primaryType="cq:PageContent"
        jcr:title="Lazard Continental European Equity Alpha"
        sling:resourceType="lam/components/page"
        productType="Fund">
        <root
            jcr:primaryType="nt:unstructured"
            sling:resourceType="lam/components/container"
            layout="responsiveGrid">
            <container
                jcr:primaryType="nt:unstructured"
                sling:resourceType="lam/components/container"
                layout="responsiveGrid"/>
        </root>
    </jcr:content>
    <productData
        jcr:primaryType="nt:unstructured"
        title="Lazard Continental European Equity Alpha"
        type="Fund"/>
    <disclaimerMappings jcr:primaryType="nt:unstructured">
        <DisclaimerLabel
            jcr:primaryType="nt:unstructured"
            approvedLanguages="[en_us]"
            disclaimerPaths="[/content/dam/lazard-asset-management/disclaimers/en_us/2078031161]"
            isGlobalProductMapping="{Boolean}true"
            type="DisclaimerLabel"/>
        <DisclaimerCharacteristics
            jcr:primaryType="nt:unstructured"
            approvedLanguages="[en_be,en_ch,en_es,en_fi,en_fr,en_gb,en_ie,en_it,en_li,en_lu,en_nl,en_no,en_pt,en_se]"
            disclaimerPaths="[/content/dam/lazard-asset-management/disclaimers/en_us/860061669]"
            isGlobalProductMapping="{Boolean}false"
            type="DisclaimerCharacteristics"/>
    </disclaimerMappings>
    <externalMetadata
        jcr:primaryType="nt:unstructured"
        assetClasses="[Equity]"
        availableOnInvestmentPlatform="{Boolean}false"
        benchmarkName="FTSE World Europe ex-UK Index"
        category="Equity"
        categorySortOrder="{Long}100"
        hasSMAonly="{Boolean}false"
        languages="[da-dk,de-at,de-ch,de-de,en-au,en-de,en-gb,en-us,es-es,fii-fi,fr-be,fr-ca,fr-fr,it-de,it-it,nb-no,nl-nl,pt-pt,sv-se]"
        pmTeamAsOfDate="2024-09-30"
        pmTeamMembers="[]"
        publishByCountry="{Boolean}false"
        sortOrderWithinCategory="{Long}280"
        strategyId="{Long}89"
        subStrategyId="{Long}225"
        suppressBenchmarks="{Boolean}false"
        umbrellaNumDigitsDividend="{Long}4"
        umbrellaNumDigitsNav="{Long}4">
        <productLanguages jcr:primaryType="nt:unstructured">
            <en-us
                jcr:primaryType="nt:unstructured"
                shortDesc="The Lazard Continental European Equity Alpha strategy seeks to outperform the FTSE World Europe ex-UK Index over a full market cycle of 3 to 5 years. The strategy primarily invests in companies domiciled in those countries that comprise the FTSE World Europe ex-UK Index. The strategy is constructed on a bottom-up basis. The basic tenet of its bottom-up investment philosophy is the focus on companies with high or rising sustainable financial productivity and the trade-off between that and valuation. The expertise of our portfolio managers and analysts is in the bottom-up analysis of companies. We seek to ensure that stock specific factors drive the risk and return in the portfolio through a rigorous risk control process. The strategy typically invests in 45-60 securities."/>
            <en-gb
                jcr:primaryType="nt:unstructured"
                shortDesc="The Lazard Continental European Equity Alpha strategy seeks to outperform the FTSE World Europe ex-UK Index over a full market cycle of 3 to 5 years. The strategy primarily invests in companies domiciled in those countries that comprise the FTSE World Europe ex-UK Index. The strategy is constructed on a bottom-up basis. The basic tenet of its bottom-up investment philosophy is the focus on companies with high or rising sustainable financial productivity and the trade-off between that and valuation. The expertise of our portfolio managers and analysts is in the bottom-up analysis of companies. We seek to ensure that stock specific factors drive the risk and return in the portfolio through a rigorous risk control process. The strategy typically invests in 45-60 securities."/>
        </productLanguages>
        <defaultShareClass jcr:primaryType="nt:unstructured"/>
        <shareClasses jcr:primaryType="nt:unstructured">
            <_x0031_85
                jcr:primaryType="nt:unstructured"
                countries="[AE,AT,AU,BE,BH,BN,BS,CA,CN,DE,DK,ES,FI,FR,GB,HK,ID,IE,IL,IT,LU,MO,MT,MY,NL,NO,NZ,PG,PH,PT,SA,SE,SG,TH,TW,US,XX,ZA]"
                currency="EUR"
                currencySymbol="€"
                fundId="{Long}140"
                fundingStatus="Open"
                inceptionDate="1991-10-01"
                isAuthorizedPending="{Boolean}false"
                isGLIF="{Boolean}false"
                isSMA="{Boolean}false"
                minimumInvestment="US$ 30,000,000"
                primaryBenchmark="FTSE World Europe ex-UK Index"
                vehicleId="{Long}1"
                vehicleName="Separate Account">
                <professionalOnlyCountries jcr:primaryType="nt:unstructured"/>
            </_x0031_85>
        </shareClasses>
        <platforms jcr:primaryType="nt:unstructured">
            <_x0039_6
                jcr:primaryType="nt:unstructured"
                countries="[AE,BE,BH,CA,DK,ES,FI,FR,GB,IE,IL,LU,MT,NL,NO,PT,SA,SE,US,XX,ZA]"
                regions="[22,2,3,1]"
                sortOrder="{Long}400"
                title="European Equity Platform"/>
            <_x0033_1183
                jcr:primaryType="nt:unstructured"
                countries="[AU,NZ,PG]"
                regions="[5]"
                sortOrder="{Long}9300"
                title="Australian Regional Equities Platform"/>
            <_x0033_1185
                jcr:primaryType="nt:unstructured"
                countries="[BN,CN,HK,ID,MO,MY,PH,SG,TH,TW]"
                regions="[19]"
                sortOrder="{Long}9500"
                title="Singapore Regional Equities Platform"/>
            <_x0033_5745
                jcr:primaryType="nt:unstructured"
                countries="[AT,DE,IT]"
                regions="[18,4]"
                sortOrder="{Long}9700"
                title="Equity Platform"/>
        </platforms>
    </externalMetadata>
</jcr:root>
