<?xml version="1.0" encoding="UTF-8"?>
<jcr:root xmlns:jcr="http://www.jcp.org/jcr/1.0" xmlns:nt="http://www.jcp.org/jcr/nt/1.0" xmlns:mix="http://www.jcp.org/jcr/mix/1.0" xmlns:cq="http://www.day.com/jcr/cq/1.0" xmlns:sling="http://sling.apache.org/jcr/sling/1.0"
    jcr:primaryType="cq:Page">
    <jcr:content
        cq:isDelivered="{Boolean}false"
        cq:lastModified="{Date}2024-07-10T17:50:54.766Z"
        cq:lastModifiedBy="sophia.ponce@lazard.com"
        cq:lastReplicated="{Date}2024-09-13T09:54:16.717Z"
        cq:lastReplicated_publish="{Date}2024-09-13T09:54:16.717Z"
        cq:lastReplicated_scene7="{Date}2024-09-13T09:54:16.717Z"
        cq:lastReplicatedBy="priyanka.thakur@lazard.com"
        cq:lastReplicatedBy_publish="priyanka.thakur@lazard.com"
        cq:lastReplicatedBy_scene7="priyanka.thakur@lazard.com"
        cq:lastReplicationAction="Activate"
        cq:lastReplicationAction_publish="Activate"
        cq:lastReplicationAction_scene7="Activate"
        cq:lastRolledout="{Date}2024-07-19T14:54:41.614Z"
        cq:lastRolledoutBy="sophia.ponce@lazard.com"
        cq:tags="[experience-fragments:variation/web]"
        cq:template="/conf/lam/settings/wcm/templates/experience-fragment-template"
        cq:xfVariantType="web"
        jcr:isCheckedOut="{Boolean}true"
        jcr:mixinTypes="[cq:LiveRelationship,cq:ReplicationStatus2,mix:versionable]"
        jcr:primaryType="cq:PageContent"
        jcr:title="Behind the Headlines"
        jcr:uuid="5be8842f-0ab1-4126-9002-bbe669d8dc9e"
        sling:resourceType="lam/components/xfpagev2"
        nodesMoved="{Boolean}true">
        <root
            cq:lastRolledout="{Date}2024-07-10T17:50:54.764Z"
            cq:lastRolledoutBy="sophia.ponce@lazard.com"
            jcr:mixinTypes="[cq:LiveRelationship]"
            jcr:primaryType="nt:unstructured"
            sling:resourceType="lam/components/container"
            layout="responsiveGrid">
            <container
                cq:lastRolledout="{Date}2024-07-10T17:50:54.767Z"
                cq:lastRolledoutBy="sophia.ponce@lazard.com"
                jcr:mixinTypes="[cq:LiveRelationship]"
                jcr:primaryType="nt:unstructured"
                sling:resourceType="lam/components/container"
                layout="responsiveGrid"/>
        </root>
    </jcr:content>
    <march-4-2024/>
    <march-22-2024/>
    <march-18-2024/>
    <may-10-2024/>
    <may-3-2024/>
    <march-11-2024/>
    <january-16-2024/>
    <january-22-2024/>
    <january-29-2024/>
    <april-5-2024/>
    <april-12-2024/>
    <april-19-2024/>
    <april-26-2024/>
    <chief-market-strategist-insights/>
    <july-26-2024/>
</jcr:root>
