<?xml version="1.0" encoding="UTF-8"?>
<jcr:root xmlns:jcr="http://www.jcp.org/jcr/1.0" xmlns:nt="http://www.jcp.org/jcr/nt/1.0" xmlns:cq="http://www.day.com/jcr/cq/1.0" xmlns:sling="http://sling.apache.org/jcr/sling/1.0"
    jcr:primaryType="cq:Page">
    <jcr:content
        cq:lastModified="{Date}2024-10-25T15:05:11.425Z"
        cq:lastModifiedBy="products-service-user"
        cq:template="/conf/lam/settings/wcm/templates/fund-detail"
        jcr:primaryType="cq:PageContent"
        jcr:title="Lazard US Short Duration Fixed Income"
        sling:resourceType="lam/components/page"
        productType="Fund">
        <root
            jcr:primaryType="nt:unstructured"
            sling:resourceType="lam/components/container"
            layout="responsiveGrid">
            <container
                jcr:primaryType="nt:unstructured"
                sling:resourceType="lam/components/container"
                layout="responsiveGrid"/>
        </root>
    </jcr:content>
    <productData
        jcr:primaryType="nt:unstructured"
        title="Lazard US Short Duration Fixed Income"
        type="Fund"/>
    <disclaimerMappings jcr:primaryType="nt:unstructured">
        <DisclaimerLabel
            jcr:primaryType="nt:unstructured"
            approvedLanguages="[en_us]"
            disclaimerPaths="[/content/dam/lazard-asset-management/disclaimers/en_us/2078031161]"
            isGlobalProductMapping="{Boolean}true"
            type="DisclaimerLabel"/>
        <DisclaimerCharacteristics
            jcr:primaryType="nt:unstructured"
            approvedLanguages="[en_be,en_ch,en_es,en_fi,en_fr,en_gb,en_ie,en_it,en_li,en_lu,en_nl,en_no,en_pt,en_se]"
            disclaimerPaths="[/content/dam/lazard-asset-management/disclaimers/en_us/860061669]"
            isGlobalProductMapping="{Boolean}false"
            type="DisclaimerCharacteristics"/>
    </disclaimerMappings>
    <externalMetadata
        jcr:primaryType="nt:unstructured"
        assetClasses="[Fixed Income]"
        availableOnInvestmentPlatform="{Boolean}false"
        benchmarkName="ICE BofA 1-3 Year US Treasury Index"
        category="Fixed Income"
        categorySortOrder="{Long}300"
        hasSMAonly="{Boolean}false"
        languages="[da-dk,de-de,en-au,en-de,en-gb,en-us,es-es,fii-fi,fr-be,fr-ca,fr-fr,nb-no,nl-nl,pt-pt,sv-se]"
        pmTeamAsOfDate="2024-09-30"
        pmTeamMembers="[]"
        publishByCountry="{Boolean}false"
        sortOrderWithinCategory="{Long}620"
        strategyId="{Long}73"
        subStrategyId="{Long}141"
        suppressBenchmarks="{Boolean}false"
        umbrellaNumDigitsDividend="{Long}4"
        umbrellaNumDigitsNav="{Long}4">
        <productLanguages jcr:primaryType="nt:unstructured">
            <en-us
                jcr:primaryType="nt:unstructured"
                productHighlight="Seek to outperform risk-free cash over a calendar year.&#xd;&#xa;Preservation of capital is a key investment objective as we seek to avoid downside loss due to permanent impairment.&#xd;&#xa;Maintain mark-to-market liquidity.&#xd;&#xa;Rely on fundamental security selection and disciplined portfolio construction."
                shortDesc="Lazard US Short Duration Fixed Income is a mark-to-market strategy that seeks to outperform cash returns. Typical comparison benchmarks are the BofA Merrill Lynch 90-day T-Bill Index, BofA Merrill Lynch 1-3 Year US Treasury Index or other short duration indices. The primary objective of the strategy is to maintain on-demand settlement date liquidity. The strategy relies on fundamental security selection and disciplined portfolio construction as it seeks to generate excess returns from the combination of income and mark-to-market gains and losses. Maximum duration exposure is managed to be consistent with the expected total return volatility of the BofA Merrill Lynch 1-3 Year US Treasury Index."/>
            <en-gb
                jcr:primaryType="nt:unstructured"
                productHighlight="Seek to outperform risk-free cash over a calendar year.&#xd;&#xa;Preservation of capital is a key investment objective as we seek to avoid downside loss due to permanent impairment.&#xd;&#xa;Maintain mark-to-market liquidity.&#xd;&#xa;Rely on fundamental security selection and disciplined portfolio construction."
                shortDesc="Lazard US Short Duration Fixed Income is a mark-to-market strategy that seeks to outperform cash returns. Typical comparison benchmarks are the BofA Merrill Lynch 90-day T-Bill Index, BofA Merrill Lynch 1-3 Year US Treasury Index or other short duration indices. The primary objective of the strategy is to maintain on-demand settlement date liquidity. The strategy relies on fundamental security selection and disciplined portfolio construction as it seeks to generate excess returns from the combination of income and mark-to-market gains and losses. Maximum duration exposure is managed to be consistent with the expected total return volatility of the BofA Merrill Lynch 1-3 Year US Treasury Index."/>
        </productLanguages>
        <defaultShareClass jcr:primaryType="nt:unstructured"/>
        <shareClasses jcr:primaryType="nt:unstructured">
            <_x0035_7
                jcr:primaryType="nt:unstructured"
                countries="[AE,AU,BE,BH,BN,BS,CA,CN,DK,ES,FI,FR,GB,HK,ID,IE,IL,LU,MO,MT,MY,NL,NO,NZ,PG,PH,PT,SA,SE,SG,TH,TW,US,XX,ZA]"
                currency="USD"
                currencySymbol="US$"
                fundId="{Long}31"
                fundingStatus="Open"
                inceptionDate="2006-01-01"
                isAuthorizedPending="{Boolean}false"
                isGLIF="{Boolean}false"
                isSMA="{Boolean}false"
                minimumInvestment="US$ 100,000,000"
                primaryBenchmark="ICE BofA 1-3 Year US Treasury Index"
                vehicleId="{Long}1"
                vehicleName="Separate Account">
                <professionalOnlyCountries jcr:primaryType="nt:unstructured"/>
            </_x0035_7>
        </shareClasses>
        <platforms jcr:primaryType="nt:unstructured">
            <_x0039_8
                jcr:primaryType="nt:unstructured"
                countries="[AE,AU,BE,BH,BN,CA,CN,DK,ES,FI,FR,GB,HK,ID,IE,IL,LU,MO,MT,MY,NL,NO,NZ,PG,PH,PT,SA,SE,SG,TH,TW,US,XX,ZA]"
                regions="[19,22,5,1,2,3]"
                sortOrder="{Long}700"
                title="Fixed Income Platform"/>
        </platforms>
    </externalMetadata>
</jcr:root>
