<?xml version="1.0" encoding="UTF-8"?>
<jcr:root xmlns:jcr="http://www.jcp.org/jcr/1.0" xmlns:nt="http://www.jcp.org/jcr/nt/1.0" xmlns:cq="http://www.day.com/jcr/cq/1.0" xmlns:sling="http://sling.apache.org/jcr/sling/1.0"
    jcr:primaryType="cq:Page">
    <jcr:content
        cq:lastModified="{Date}2024-09-17T20:53:20.569Z"
        cq:lastModifiedBy="products-service-user"
        cq:template="/conf/lam/settings/wcm/templates/fund-detail"
        jcr:primaryType="cq:PageContent"
        jcr:title="Lazard Retirement US Small Cap Equity Select Portfolio"
        sling:resourceType="lam/components/page"
        productType="Fund">
        <root
            jcr:primaryType="nt:unstructured"
            sling:resourceType="lam/components/container"
            layout="responsiveGrid">
            <container
                jcr:primaryType="nt:unstructured"
                sling:resourceType="lam/components/container"
                layout="responsiveGrid"/>
        </root>
    </jcr:content>
    <productData
        jcr:primaryType="nt:unstructured"
        title="Lazard Retirement US Small Cap Equity Select Portfolio"
        type="Fund"/>
    <externalMetadata
        jcr:primaryType="nt:unstructured"
        assetClasses="[Equity]"
        availableOnInvestmentPlatform="{Boolean}false"
        benchmarkName="Russell 2500 Index"
        category="Equity"
        categorySortOrder="{Long}100"
        distributionDate="Annual - December / Spillback - August"
        hasSMAonly="{Boolean}false"
        languages="[en-au,en-de,en-gb,en-us]"
        pmTeamAsOfDate="2024-06-30"
        sortOrderWithinCategory="{Long}200"
        strategyId="{Long}79"
        subStrategyId="{Long}177"
        suppressBenchmarks="{Boolean}false"
        umbrellaName="LRS"
        umbrellaNumDigitsDividend="{Long}10"
        umbrellaNumDigitsNav="{Long}2">
        <productLanguages jcr:primaryType="nt:unstructured">
            <en-us
                jcr:primaryType="nt:unstructured"
                shortDesc="US Small Cap Equity Select Portfolio (the &quot;Portfolio&quot;) invests primarily in equity securities, principally common stocks, of all small cap, US Companies. The Portfolio focuses on a relative value approach, seeking long-term capital appreciation by investing in companies with strong and/or improving financial productivity at attractive valuations. Please consult the Portfolio's prospectus for details regarding investor eligibility."/>
        </productLanguages>
        <defaultShareClass
            jcr:primaryType="nt:unstructured"
            US="{Long}176"/>
        <pmTeamMembers jcr:primaryType="nt:unstructured">
            <_x0030_
                jcr:primaryType="nt:unstructured"
                bioId="{Long}1296"
                displayName="Scott Kolar, CFA"
                firstName="Scott"
                isLead="{Boolean}false"
                lastName="Kolar"
                sortOrder="{Long}0"/>
            <_x0031_
                jcr:primaryType="nt:unstructured"
                bioId="{Long}91"
                displayName="Michael DeBernardis"
                firstName="Michael"
                isLead="{Boolean}false"
                lastName="DeBernardis"
                sortOrder="{Long}2"/>
            <_x0032_
                jcr:primaryType="nt:unstructured"
                bioId="{Long}1297"
                displayName="Sean Gallagher"
                firstName="Sean"
                isLead="{Boolean}false"
                lastName="Gallagher"
                sortOrder="{Long}2"/>
            <_x0033_
                jcr:primaryType="nt:unstructured"
                bioId="{Long}119"
                displayName="Martin Flood"
                firstName="Martin"
                isLead="{Boolean}false"
                lastName="Flood"
                sortOrder="{Long}3"/>
        </pmTeamMembers>
        <shareClasses jcr:primaryType="nt:unstructured">
            <_x0031_76
                jcr:primaryType="nt:unstructured"
                countries="[US,XX]"
                currency="USD"
                currencySymbol="US$"
                cusip="521071803"
                fundId="{Long}136"
                fundingStatus="Open"
                inceptionDate="1997-11-03"
                isAuthorizedPending="{Boolean}false"
                isGLIF="{Boolean}false"
                isSMA="{Boolean}false"
                primaryBenchmark="Russell 2000 Index"
                title="Service"
                vehicleId="{Long}2"
                vehicleName="40 Act Registered Mutual Fund">
                <professionalOnlyCountries
                    jcr:primaryType="nt:unstructured"
                    US="{Boolean}false"/>
            </_x0031_76>
        </shareClasses>
        <platforms jcr:primaryType="nt:unstructured">
            <_x0039_5
                jcr:primaryType="nt:unstructured"
                countries="[AE,BE,BH,CA,DK,ES,FI,FR,GB,IE,IL,JP,LU,MT,NL,NO,PT,SA,SE,US,XX,ZA]"
                regions="[16,3,2,22,1]"
                sortOrder="{Long}300"
                title="US Equity Platform"/>
            <_x0033_1183
                jcr:primaryType="nt:unstructured"
                countries="[AU,NZ,PG]"
                regions="[5]"
                sortOrder="{Long}9300"
                title="Australian Regional Equities Platform"/>
            <_x0033_1185
                jcr:primaryType="nt:unstructured"
                countries="[BN,CN,HK,ID,MO,MY,PH,SG,TH,TW]"
                regions="[19]"
                sortOrder="{Long}9500"
                title="Singapore Regional Equities Platform"/>
            <_x0033_5745
                jcr:primaryType="nt:unstructured"
                countries="[AT,DE]"
                regions="[4]"
                sortOrder="{Long}9700"
                title="Equity Platform"/>
        </platforms>
    </externalMetadata>
</jcr:root>
