<?xml version="1.0" encoding="UTF-8"?>
<jcr:root xmlns:jcr="http://www.jcp.org/jcr/1.0" xmlns:nt="http://www.jcp.org/jcr/nt/1.0" xmlns:mix="http://www.jcp.org/jcr/mix/1.0" xmlns:cq="http://www.day.com/jcr/cq/1.0" xmlns:sling="http://sling.apache.org/jcr/sling/1.0"
    jcr:primaryType="cq:Page">
    <jcr:content
        cq:isManuallyCreated="{Boolean}true"
        cq:lastModified="{Date}2024-10-25T17:02:11.556Z"
        cq:lastModifiedBy="products-service-user"
        cq:template="/conf/lam/settings/wcm/templates/fund-detail"
        jcr:isCheckedOut="{Boolean}true"
        jcr:mixinTypes="[mix:versionable]"
        jcr:primaryType="cq:PageContent"
        jcr:title="Lazard Middle East North African Equity"
        jcr:uuid="88515498-8f83-4c00-9419-532c32e32b71"
        sling:resourceType="lam/components/page"
        productType="Fund">
        <root
            cq:isManuallyCreated="{Boolean}true"
            jcr:primaryType="nt:unstructured"
            sling:resourceType="lam/components/container"
            layout="responsiveGrid">
            <container
                cq:isManuallyCreated="{Boolean}true"
                jcr:primaryType="nt:unstructured"
                sling:resourceType="lam/components/container"
                layout="responsiveGrid"/>
        </root>
    </jcr:content>
    <productData
        cq:isManuallyCreated="{Boolean}true"
        jcr:primaryType="nt:unstructured"
        title="Lazard Middle East North African Equity"
        type="Fund"/>
    <disclaimerMappings jcr:primaryType="nt:unstructured">
        <DisclaimerLabel
            jcr:primaryType="nt:unstructured"
            approvedLanguages="[en_us]"
            disclaimerPaths="[/content/dam/lazard-asset-management/disclaimers/en_us/2078031161]"
            isGlobalProductMapping="{Boolean}true"
            type="DisclaimerLabel"/>
    </disclaimerMappings>
    <externalMetadata
        jcr:primaryType="nt:unstructured"
        assetClasses="[Equity]"
        availableOnInvestmentPlatform="{Boolean}false"
        benchmarkName="S&amp;P Pan Arab Composite Index"
        category="Emerging Markets"
        categorySortOrder="{Long}200"
        hasSMAonly="{Boolean}false"
        languages="[da-dk,de-at,de-ch,de-de,en-au,en-de,en-gb,en-us,es-es,fii-fi,fr-be,fr-ca,fr-fr,it-de,it-it,ja-jp,nb-no,nl-nl,pt-pt,sv-se]"
        pmTeamAsOfDate="2024-09-30"
        pmTeamMembers="[]"
        publishByCountry="{Boolean}false"
        sortOrderWithinCategory="{Long}480"
        strategyId="{Long}177"
        subStrategyId="{Long}439"
        suppressBenchmarks="{Boolean}false"
        umbrellaNumDigitsDividend="{Long}4"
        umbrellaNumDigitsNav="{Long}4">
        <productLanguages jcr:primaryType="nt:unstructured">
            <en-gb
                jcr:primaryType="nt:unstructured"
                productHighlight="Robust fundamental analysis aims to identify companies domiciled in the Middle East and North Africa that have sustainable, visible returns; superior management; and attractive valuations.&#xd;&#xa;Perform scenario analysis and stress testing on key valuation variables to reach a valuation upside-to-downside ratio for each company covered.&#xd;&#xa;The 25-45 securities in the portfolio represent the team's best investment ideas."
                shortDesc="Lazard MENA Equity seeks to outperform the S&amp;P Pan Arab Large Mid Cap NTR over a full market cycle of 5 years. The strategy primarily invests in companies domiciled in MENA countries and is constructed on a bottom-up basis. It seeks investment opportunities with attractive valuation levels with embedded future growth, strong management team and sustainable performance. The strategy typically invests in 25-45 securities. The team seeks to ensure that stock specific factors drive the risk and return in the portfolio through a rigorous risk control process. While we use the benchmark for reporting purpose, we consider the strategy benchmark unaware. As a result, tracking error is an outcome of our bottom up stock selection rather than an input into the portfolio construction."/>
            <en-us
                jcr:primaryType="nt:unstructured"
                productHighlight="Robust fundamental analysis aims to identify companies domiciled in the Middle East and North Africa that have sustainable, visible returns; superior management; and attractive valuations.&#xd;&#xa;Perform scenario analysis and stress testing on key valuation variables to reach a valuation upside-to-downside ratio for each company covered.&#xd;&#xa;The 25-45 securities in the portfolio represent the team's best investment ideas."/>
        </productLanguages>
        <defaultShareClass jcr:primaryType="nt:unstructured"/>
        <shareClasses jcr:primaryType="nt:unstructured">
            <_x0031_041
                jcr:primaryType="nt:unstructured"
                countries="[AE,AT,AU,BE,BH,BN,BS,CA,CH,CN,DE,DK,ES,FI,FR,GB,HK,ID,IE,IL,IT,JP,LI,LU,MO,MT,MY,NL,NO,NZ,PG,PH,PT,SA,SE,SG,TH,TW,US,XX,ZA]"
                currency="USD"
                currencySymbol="US$"
                fundId="{Long}435"
                fundingStatus="Open"
                inceptionDate="2014-05-31"
                isAuthorizedPending="{Boolean}false"
                isGLIF="{Boolean}false"
                isSMA="{Boolean}false"
                minimumInvestment="US$ 50,000,000"
                primaryBenchmark="S&amp;P Pan Arab Composite Index"
                vehicleId="{Long}1"
                vehicleName="Separate Account">
                <professionalOnlyCountries jcr:primaryType="nt:unstructured"/>
            </_x0031_041>
        </shareClasses>
        <platforms jcr:primaryType="nt:unstructured">
            <_x0039_4
                jcr:primaryType="nt:unstructured"
                countries="[AE,AU,BE,BH,BN,CA,CN,DK,ES,FI,FR,GB,HK,ID,IE,IL,JP,LU,MO,MT,MY,NL,NO,NZ,PG,PH,PT,SA,SE,SG,TH,TW,US,XX,ZA]"
                regions="[22,16,19,2,1,3,5]"
                sortOrder="{Long}600"
                title="Emerging Markets Platform"/>
            <_x0033_5745
                jcr:primaryType="nt:unstructured"
                countries="[AT,CH,DE,IT,LI]"
                regions="[18,4,21]"
                sortOrder="{Long}9700"
                title="Equity Platform"/>
        </platforms>
    </externalMetadata>
</jcr:root>
