<?xml version="1.0" encoding="UTF-8"?>
<jcr:root xmlns:jcr="http://www.jcp.org/jcr/1.0" xmlns:nt="http://www.jcp.org/jcr/nt/1.0" xmlns:mix="http://www.jcp.org/jcr/mix/1.0" xmlns:cq="http://www.day.com/jcr/cq/1.0" xmlns:sling="http://sling.apache.org/jcr/sling/1.0"
    jcr:primaryType="cq:Page">
    <jcr:content
        cq:isDelivered="{Boolean}false"
        cq:lastModified="{Date}2024-09-17T20:52:10.251Z"
        cq:lastModifiedBy="products-service-user"
        cq:lastReplicated="{Date}2024-07-30T02:36:40.016Z"
        cq:lastReplicated_publish="{Date}2024-07-30T02:36:40.016Z"
        cq:lastReplicatedBy="anna.herbst@lazard.com"
        cq:lastReplicatedBy_publish="anna.herbst@lazard.com"
        cq:lastReplicationAction="Activate"
        cq:lastReplicationAction_publish="Activate"
        cq:template="/conf/lam/settings/wcm/templates/strategy-detail"
        jcr:isCheckedOut="{Boolean}true"
        jcr:mixinTypes="[cq:ReplicationStatus2,mix:versionable]"
        jcr:primaryType="cq:PageContent"
        jcr:title="US Equity Value"
        jcr:uuid="50c45a05-3a10-479e-9839-9f08095d0579"
        sling:resourceType="lam/components/page"
        category="strategy"
        hideInNav="true"
        linkType="internal"
        pageProductData="fund-listing"
        productType="Strategy"
        pwaCachestrategy="staleWhileRevalidate"
        pwaDisplay="standalone"
        pwaOrientation="any">
        <root
            jcr:primaryType="nt:unstructured"
            sling:resourceType="lam/components/container"
            layout="responsiveGrid">
            <container
                jcr:primaryType="nt:unstructured"
                sling:resourceType="lam/components/container"
                layout="responsiveGrid"/>
        </root>
        <cq:featuredimage
            jcr:lastModified="{Date}2024-07-16T14:24:36.286Z"
            jcr:lastModifiedBy="bassel.eladas@lazard.com"
            jcr:primaryType="nt:unstructured"
            sling:resourceType="core/wcm/components/image/v3/image"
            altValueFromDAM="true"/>
    </jcr:content>
    <productData
        jcr:primaryType="nt:unstructured"
        title="US Equity Value"
        type="Strategy"/>
    <externalMetadata
        jcr:primaryType="nt:unstructured"
        assetClasses="[Equity]"
        aumCurrency="USD"
        aumCurrencySymbol="US$"
        isEMD="{Boolean}false"
        isSMA="{Boolean}true"
        languages="[en-au,en-de,en-gb,en-us,fr-ca,ja-jp]"
        pmTeamAsOfDate="2024-06-30"
        shareClassIds="[25]">
        <productLanguages jcr:primaryType="nt:unstructured">
            <en-us
                jcr:primaryType="nt:unstructured"
                productHighlight="A true value strategy that seeks to identify and invest in financially productive, yet undervalued companies.&#xd;&#xa;A disciplined, clearly defined, and repeatable investment process rooted in intensive fundamental analysis.&#xd;&#xa;Experienced portfolio management team supported by dedicated, highly experienced investment professionals."
                shortDesc="The Lazard US Equity Value strategy offers a diversified, style-pure large-cap value portfolio. The strategy invests in financially productive (e.g., high return on equity, free cash flow, cash flow return on investment) companies, employing intensive fundamental analysis and accounting validation to identify investment opportunities. It seeks to outperform the Russell 1000 Value Index with less volatility (standard deviation) over a full market cycle by investing in companies that compound earnings and capital and by taking advantage of valuation anomalies. The strategy typically invests in 60 to 90 companies with market capitalizations generally greater than $2 billion, or in the range of the Russell 1000 Value Index."
                tagline=" A diversified, style-pure value strategy focused on financially productivity and valuation anomalies."/>
        </productLanguages>
        <platforms jcr:primaryType="nt:unstructured">
            <_x0039_5
                jcr:primaryType="nt:unstructured"
                countries="[CA,JP,US]"
                regions="[16,1]"
                sortOrder="{Long}300"
                title="US Equity Platform"/>
            <_x0033_1183
                jcr:primaryType="nt:unstructured"
                countries="[AU,NZ,PG]"
                regions="[5]"
                sortOrder="{Long}9300"
                title="Australian Regional Equities Platform"/>
            <_x0033_1185
                jcr:primaryType="nt:unstructured"
                countries="[BN,CN,HK,ID,MO,MY,PH,SG,TH,TW]"
                regions="[19]"
                sortOrder="{Long}9500"
                title="Singapore Regional Equities Platform"/>
        </platforms>
        <pmTeamMembers jcr:primaryType="nt:unstructured">
            <_x0030_
                jcr:primaryType="nt:unstructured"
                bioId="{Long}424"
                firstName="Richard"
                isLead="{Boolean}true"
                lastName="Tutino"
                sortOrder="{Long}1"/>
            <_x0031_
                jcr:primaryType="nt:unstructured"
                bioId="{Long}119"
                firstName="Martin"
                isLead="{Boolean}false"
                lastName="Flood"
                sortOrder="{Long}2"/>
            <_x0032_
                jcr:primaryType="nt:unstructured"
                bioId="{Long}395"
                firstName="Nicholas"
                isLead="{Boolean}false"
                lastName="Sordoni"
                sortOrder="{Long}2"/>
        </pmTeamMembers>
        <webClassifications jcr:primaryType="nt:unstructured">
            <_x0030_
                jcr:primaryType="nt:unstructured"
                type="Geography"
                value="US"/>
            <_x0031_
                jcr:primaryType="nt:unstructured"
                type="Type"
                value="Fundamental"/>
            <_x0032_
                jcr:primaryType="nt:unstructured"
                type="Style"
                value="Relative Value"/>
        </webClassifications>
        <subStrategies jcr:primaryType="nt:unstructured">
            <_x0031_88
                jcr:primaryType="nt:unstructured"
                defaultShareClass="{Long}25"
                inceptionDate="2001-10-01"
                primaryBenchmark="Russell 1000 Value Index"
                title="US Equity Value"/>
        </subStrategies>
    </externalMetadata>
    <disclaimerMappings jcr:primaryType="nt:unstructured">
        <DisclaimerLabel
            jcr:primaryType="nt:unstructured"
            approvedLanguages="[en_us]"
            disclaimerPaths="[]"
            isGlobalProductMapping="{Boolean}true"
            placeholderKeys="[]"
            type="DisclaimerLabel"/>
        <StrategyDisclaimerOverride
            jcr:primaryType="nt:unstructured"
            approvedLanguages="[en_us]"
            disclaimerPaths="[]"
            isGlobalProductMapping="{Boolean}false"
            placeholderKeys="[]"
            type="StrategyDisclaimerOverride"/>
    </disclaimerMappings>
</jcr:root>
