<?xml version="1.0" encoding="UTF-8"?>
<jcr:root xmlns:jcr="http://www.jcp.org/jcr/1.0" xmlns:nt="http://www.jcp.org/jcr/nt/1.0" xmlns:sling="http://sling.apache.org/jcr/sling/1.0" xmlns:cq="http://www.day.com/jcr/cq/1.0"
    jcr:primaryType="sling:OrderedFolder"
    jcr:title="156">
    <footer-disclaimer/>
    <performance/>
    <general-facts/>
    <allocation/>
    <characteristics/>
    <top-holdings/>
    <extra-content/>
    <jcr:content
        cq:lastModified="{Date}2024-08-20T00:10:55.693Z"
        cq:lastModifiedBy="ilse.rivas@lazard.com"
        cq:lastRolledout="{Date}2024-08-20T00:10:55.714Z"
        cq:lastRolledoutBy="ilse.rivas@lazard.com"
        jcr:mixinTypes="[cq:LiveRelationship,cq:LiveSync]"
        jcr:primaryType="nt:unstructured">
        <cq:LiveSyncConfig
            cq:isDeep="{Boolean}true"
            cq:master="/content/experience-fragments/lam/language_masters/en/funds/placeholder"
            cq:rolloutConfigs="[/libs/msm/wcm/rolloutconfigs/default]"
            jcr:primaryType="cq:LiveCopy"/>
    </jcr:content>
    <announcements/>
    <awards/>
    <pdp-hero/>
</jcr:root>
