<?xml version="1.0" encoding="UTF-8"?>
<jcr:root xmlns:jcr="http://www.jcp.org/jcr/1.0" xmlns:nt="http://www.jcp.org/jcr/nt/1.0" xmlns:mix="http://www.jcp.org/jcr/mix/1.0" xmlns:cq="http://www.day.com/jcr/cq/1.0" xmlns:sling="http://sling.apache.org/jcr/sling/1.0"
    jcr:primaryType="cq:Page">
    <jcr:content
        cq:isDelivered="{Boolean}false"
        cq:lastModified="{Date}2024-10-29T21:20:34.173Z"
        cq:lastModifiedBy="sophia.ponce@lazard.com"
        cq:lastReplicated="{Date}2024-07-02T13:37:31.914Z"
        cq:lastReplicated_publish="{Date}2024-07-02T13:37:31.914Z"
        cq:lastReplicated_scene7="{Date}2024-06-07T22:21:20.331Z"
        cq:lastReplicatedBy="sophia.ponce@lazard.com"
        cq:lastReplicatedBy_publish="sophia.ponce@lazard.com"
        cq:lastReplicatedBy_scene7="sophia.ponce@lazard.com"
        cq:lastReplicationAction="Activate"
        cq:lastReplicationAction_publish="Activate"
        cq:lastReplicationAction_scene7="Activate"
        cq:template="/conf/lam/settings/wcm/templates/thought-leadership-hub"
        jcr:isCheckedOut="{Boolean}true"
        jcr:mixinTypes="[cq:ReplicationStatus2,mix:versionable]"
        jcr:primaryType="cq:PageContent"
        jcr:title="Market Insights"
        jcr:uuid="b2a14a1d-4762-41ac-a7d2-ffaeb5e1579e"
        sling:resourceType="lam/components/page"
        assetClass="assetClass0"
        category="insights"
        headerTheme="dark"
        hideInNav="true"
        linkType="internal"
        nodesMoved="{Boolean}true"
        pageProductData="fund-listing"
        pwaCachestrategy="staleWhileRevalidate"
        pwaDisplay="standalone"
        pwaOrientation="any">
        <root
            jcr:primaryType="nt:unstructured"
            sling:resourceType="lam/components/container"
            layout="responsiveGrid">
            <container
                jcr:primaryType="nt:unstructured"
                sling:resourceType="lam/components/container"
                layout="responsiveGrid">
                <container
                    jcr:primaryType="nt:unstructured"
                    sling:resourceType="lam/components/container"
                    layout="responsiveGrid"/>
            </container>
        </root>
        <cq:featuredimage
            jcr:lastModified="{Date}2024-10-29T21:20:34.138Z"
            jcr:lastModifiedBy="sophia.ponce@lazard.com"
            jcr:primaryType="nt:unstructured"
            sling:resourceType="core/wcm/components/image/v3/image"
            altValueFromDAM="true"/>
        <l3NavigationItems jcr:primaryType="nt:unstructured">
            <item0
                jcr:primaryType="nt:unstructured"
                l3NavigationPath="/content/lam/language-masters/en/research-insights/market-insights/outlooks"/>
            <item1
                jcr:primaryType="nt:unstructured"
                l3NavigationPath="/content/lam/language-masters/en/research-insights/market-insights/behind-the-headlines"/>
        </l3NavigationItems>
    </jcr:content>
    <outlooks/>
    <behind-the-headlines/>
    <geopolitics/>
</jcr:root>
