<?xml version="1.0" encoding="UTF-8"?>
<jcr:root xmlns:jcr="http://www.jcp.org/jcr/1.0" xmlns:nt="http://www.jcp.org/jcr/nt/1.0" xmlns:mix="http://www.jcp.org/jcr/mix/1.0" xmlns:cq="http://www.day.com/jcr/cq/1.0" xmlns:sling="http://sling.apache.org/jcr/sling/1.0"
    jcr:primaryType="cq:Page">
    <jcr:content
        cq:lastModified="{Date}2024-10-21T15:22:03.136Z"
        cq:lastModifiedBy="products-service-user"
        cq:template="/conf/lam/settings/wcm/templates/fund-detail"
        jcr:isCheckedOut="{Boolean}true"
        jcr:mixinTypes="[mix:versionable]"
        jcr:primaryType="cq:PageContent"
        jcr:title="Lazard Developing Markets Equity"
        jcr:uuid="f9834c87-8227-4e57-8e6d-81e95f8506ae"
        sling:resourceType="lam/components/page"
        productType="Fund">
        <root
            jcr:primaryType="nt:unstructured"
            sling:resourceType="lam/components/container"
            layout="responsiveGrid">
            <container
                jcr:primaryType="nt:unstructured"
                sling:resourceType="lam/components/container"
                layout="responsiveGrid"/>
        </root>
    </jcr:content>
    <productData
        jcr:primaryType="nt:unstructured"
        title="Lazard Developing Markets Equity"
        type="Fund"/>
    <externalMetadata
        jcr:primaryType="nt:unstructured"
        assetClasses="[Equity]"
        availableOnInvestmentPlatform="{Boolean}false"
        benchmarkName="MSCI Emerging Markets Index"
        category="Emerging Markets"
        categorySortOrder="{Long}200"
        hasSMAonly="{Boolean}false"
        languages="[da-dk,de-at,de-ch,de-de,en-au,en-de,en-gb,en-us,es-es,fii-fi,fr-be,fr-ca,fr-fr,it-de,it-it,ja-jp,nb-no,nl-nl,pt-pt,sv-se]"
        pmTeamAsOfDate="2024-09-30"
        sortOrderWithinCategory="{Long}500"
        strategyId="{Long}108"
        subStrategyId="{Long}306"
        suppressBenchmarks="{Boolean}false"
        umbrellaNumDigitsDividend="{Long}4"
        umbrellaNumDigitsNav="{Long}4">
        <productLanguages jcr:primaryType="nt:unstructured">
            <en-us
                jcr:primaryType="nt:unstructured"
                productHighlight="The growth at a reasonable price (GARP) EM-focused investment style seeks consistent returns over market cycles.&#xd;&#xa;Lazard's global sector analysts and EM platform teams provide broad-spectrum investment input; approximately 80% of the research is qualitative and 20% is quantitative."
                shortDesc="Lazard Developing Markets Equity seeks to generate strong relative returns over a full market cycle by investing in companies with sustainable earnings growth at attractive valuations. The strategy typically invests in 50-90 securities of companies domiciled in countries included in the MSCI Emerging Markets Index, and which are of sufficient liquidity. Companies not domiciled in the emerging markets but that derive more than 50% of their net assets and/or sales from emerging-market countries are also included in our initial universe."/>
            <en-gb
                jcr:primaryType="nt:unstructured"
                productHighlight="The growth at a reasonable price (GARP) EM-focused investment style seeks consistent returns over market cycles.&#xd;&#xa;Lazard's global sector analysts and EM platform teams provide broad-spectrum investment input; approximately 80% of the research is qualitative and 20% is quantitative."
                shortDesc="Lazard Developing Markets Equity seeks to generate strong relative returns over a full market cycle by investing in companies with sustainable earnings growth at attractive valuations. The strategy typically invests in 50-90 securities of companies domiciled in countries included in the MSCI Emerging Markets Index, and which are of sufficient liquidity. Companies not domiciled in the emerging markets but that derive more than 50% of their net assets and/or sales from emerging-market countries are also included in our initial universe."/>
        </productLanguages>
        <defaultShareClass jcr:primaryType="nt:unstructured"/>
        <pmTeamMembers jcr:primaryType="nt:unstructured">
            <_x0030_
                jcr:primaryType="nt:unstructured"
                bioId="{Long}289"
                displayName="Kevin O'Hare, CFA"
                firstName="Kevin"
                isLead="{Boolean}true"
                lastName="O'Hare"
                sortOrder="{Long}1"/>
            <_x0031_
                jcr:primaryType="nt:unstructured"
                bioId="{Long}136"
                displayName="Peter Gillespie, CFA"
                firstName="Peter"
                isLead="{Boolean}false"
                lastName="Gillespie"
                sortOrder="{Long}2"/>
            <_x0032_
                jcr:primaryType="nt:unstructured"
                bioId="{Long}224"
                displayName="Mark Lien, CFA"
                firstName="Mark"
                isLead="{Boolean}false"
                lastName="Lien"
                sortOrder="{Long}3"/>
        </pmTeamMembers>
        <shareClasses jcr:primaryType="nt:unstructured">
            <_x0035_4
                jcr:primaryType="nt:unstructured"
                countries="[AE,AT,AU,BE,BH,BN,BS,CA,CH,CN,DE,DK,ES,FI,FR,GB,HK,ID,IE,IL,IT,JP,LI,LU,MO,MT,MY,NL,NO,NZ,PG,PH,PT,SA,SE,SG,TH,TW,US,XX,ZA,XX]"
                currency="USD"
                currencySymbol="US$"
                fundId="{Long}28"
                fundingStatus="Open"
                inceptionDate="2008-10-01"
                isAuthorizedPending="{Boolean}false"
                isGLIF="{Boolean}false"
                isSMA="{Boolean}false"
                minimumInvestment="US$ 50,000,000"
                primaryBenchmark="MSCI Emerging Markets Index"
                vehicleId="{Long}1"
                vehicleName="Separate Account">
                <professionalOnlyCountries jcr:primaryType="nt:unstructured"/>
            </_x0035_4>
        </shareClasses>
        <platforms jcr:primaryType="nt:unstructured">
            <_x0039_4
                jcr:primaryType="nt:unstructured"
                countries="[AE,AU,BE,BH,BN,CA,CN,DK,ES,FI,FR,GB,HK,ID,IE,IL,JP,LU,MO,MT,MY,NL,NO,NZ,PG,PH,PT,SA,SE,SG,TH,TW,US,XX,ZA]"
                regions="[16,22,2,19,1,3,5]"
                sortOrder="{Long}600"
                title="Emerging Markets Platform"/>
            <_x0033_5745
                jcr:primaryType="nt:unstructured"
                countries="[AT,CH,DE,IT,LI]"
                regions="[18,4,21]"
                sortOrder="{Long}9700"
                title="Equity Platform"/>
        </platforms>
    </externalMetadata>
    <disclaimerMappings jcr:primaryType="nt:unstructured">
        <DisclaimerLabel
            jcr:primaryType="nt:unstructured"
            approvedLanguages="[en_us]"
            disclaimerPaths="[/content/dam/lazard-asset-management/disclaimers/en_us/2078031161/jcr:content/indexedData/master]"
            isGlobalProductMapping="{Boolean}true"
            placeholderKeys="[]"
            type="DisclaimerLabel"/>
    </disclaimerMappings>
</jcr:root>
