<?xml version="1.0" encoding="UTF-8"?>
<jcr:root xmlns:jcr="http://www.jcp.org/jcr/1.0" xmlns:nt="http://www.jcp.org/jcr/nt/1.0" xmlns:mix="http://www.jcp.org/jcr/mix/1.0" xmlns:cq="http://www.day.com/jcr/cq/1.0" xmlns:sling="http://sling.apache.org/jcr/sling/1.0"
    jcr:primaryType="cq:Page">
    <jcr:content
        cq:lastModified="{Date}2024-10-21T15:39:20.771Z"
        cq:lastModifiedBy="products-service-user"
        cq:template="/conf/lam/settings/wcm/templates/fund-detail"
        jcr:isCheckedOut="{Boolean}true"
        jcr:mixinTypes="[mix:versionable]"
        jcr:primaryType="cq:PageContent"
        jcr:title="Lazard Concentrated European Long/Short Equity"
        jcr:uuid="72a9358c-2619-4359-9376-d4da2f08089f"
        sling:resourceType="lam/components/page"
        productType="Fund">
        <root
            jcr:primaryType="nt:unstructured"
            sling:resourceType="lam/components/container"
            layout="responsiveGrid">
            <container
                jcr:primaryType="nt:unstructured"
                sling:resourceType="lam/components/container"
                layout="responsiveGrid"/>
        </root>
    </jcr:content>
    <productData
        jcr:primaryType="nt:unstructured"
        title="Lazard Concentrated European Long/Short Equity"
        type="Fund"/>
    <externalMetadata
        jcr:primaryType="nt:unstructured"
        assetClasses="[Alternatives]"
        availableOnInvestmentPlatform="{Boolean}false"
        category="Alternatives"
        categorySortOrder="{Long}600"
        hasSMAonly="{Boolean}false"
        languages="[da-dk,de-de,en-au,en-de,en-gb,en-us,es-es,fii-fi,fr-be,fr-ca,fr-fr,it-de,it-it,nb-no,nl-nl,pt-pt,sv-se]"
        pmTeamAsOfDate="2024-09-30"
        pmTeamMembers="[]"
        sortOrderWithinCategory="{Long}760"
        strategyId="{Long}197"
        subStrategyId="{Long}502"
        suppressBenchmarks="{Boolean}false"
        umbrellaNumDigitsDividend="{Long}4"
        umbrellaNumDigitsNav="{Long}4">
        <productLanguages jcr:primaryType="nt:unstructured">
            <en-us
                jcr:primaryType="nt:unstructured"
                shortDesc="The Lazard Concentrated European Long/Short Equity Strategy (“the Strategy”) is a concentrated (typically 20 positions) fundamental European long/short equity strategy.  This high conviction strategy seeks to make investments in idiosyncratic long and short alpha opportunities and maintain a low net exposure, which has averaged ~26%, with a beta of ~0.1 and a correlation of ~0.2 to the MSCI Europe Index (all since inception). The Strategy seeks to manage volatility and limit drawdowns, while targeting mid teen returns. Notably, the Strategy generated strong performance on the short side in 2022. Our experienced European Hedge Fund team believes the European market, with its ever-changing regulatory environment, required local country knowledge, and diversified stock market composition, is ripe for potential alpha opportunity. The Lazard Concentrated European Long/Short Equity Strategy consists of the highest conviction ideas from an existing more diversified strategy with approximately ~$550M AUM that is managed by the same PM team."/>
            <ja-jp
                jcr:primaryType="nt:unstructured"
                strategyTitle="欧州株式ロング・ショート"/>
            <en-gb
                jcr:primaryType="nt:unstructured"
                shortDesc="The Lazard Concentrated European Long/Short Equity Strategy (“the Strategy”) is a concentrated (typically 20 positions) fundamental European long/short equity strategy.  This high conviction strategy seeks to make investments in idiosyncratic long and short alpha opportunities and maintain a low net exposure, which has averaged ~26%, with a beta of ~0.1 and a correlation of ~0.2 to the MSCI Europe Index (all since inception). The Strategy seeks to manage volatility and limit drawdowns, while targeting mid teen returns. Notably, the Strategy generated strong performance on the short side in 2022. Our experienced European Hedge Fund team believes the European market, with its ever-changing regulatory environment, required local country knowledge, and diversified stock market composition, is ripe for potential alpha opportunity. The Lazard Concentrated European Long/Short Equity Strategy consists of the highest conviction ideas from an existing more diversified strategy with approximately ~$550M AUM that is managed by the same PM team."/>
        </productLanguages>
        <defaultShareClass jcr:primaryType="nt:unstructured"/>
        <shareClasses jcr:primaryType="nt:unstructured">
            <_x0033_821
                jcr:primaryType="nt:unstructured"
                countries="[AE,BE,BH,BS,CA,DK,ES,FI,FR,GB,IE,IL,IT,LU,MT,NL,NO,PT,SA,SE,US,XX,ZA,XX]"
                currency="EUR"
                currencySymbol="€"
                fundId="{Long}1641"
                fundingStatus="Open"
                inceptionDate="2016-04-28"
                isAuthorizedPending="{Boolean}false"
                isGLIF="{Boolean}false"
                isSMA="{Boolean}false"
                vehicleId="{Long}1"
                vehicleName="Separate Account">
                <professionalOnlyCountries jcr:primaryType="nt:unstructured"/>
            </_x0033_821>
        </shareClasses>
        <platforms jcr:primaryType="nt:unstructured">
            <_x0039_6
                jcr:primaryType="nt:unstructured"
                countries="[AE,BE,BH,CA,DK,ES,FI,FR,GB,IE,IL,LU,MT,NL,NO,PT,SA,SE,US,XX,ZA]"
                regions="[22,1,2,3]"
                sortOrder="{Long}400"
                title="European Equity Platform"/>
            <_x0033_5745
                jcr:primaryType="nt:unstructured"
                countries="[IT]"
                regions="[18]"
                sortOrder="{Long}9700"
                title="Equity Platform"/>
        </platforms>
    </externalMetadata>
    <disclaimerMappings jcr:primaryType="nt:unstructured">
        <DisclaimerLabel
            jcr:primaryType="nt:unstructured"
            approvedLanguages="[en_us]"
            disclaimerPaths="[/content/dam/lazard-asset-management/disclaimers/en_us/2078031161/jcr:content/indexedData/master]"
            isGlobalProductMapping="{Boolean}true"
            placeholderKeys="[]"
            type="DisclaimerLabel"/>
    </disclaimerMappings>
</jcr:root>
