<?xml version="1.0" encoding="UTF-8"?>
<jcr:root xmlns:jcr="http://www.jcp.org/jcr/1.0" xmlns:nt="http://www.jcp.org/jcr/nt/1.0" xmlns:mix="http://www.jcp.org/jcr/mix/1.0" xmlns:cq="http://www.day.com/jcr/cq/1.0" xmlns:sling="http://sling.apache.org/jcr/sling/1.0"
    jcr:primaryType="cq:Page">
    <jcr:content
        cq:isDelivered="{Boolean}false"
        cq:lastModified="{Date}2024-10-30T20:22:01.870Z"
        cq:lastModifiedBy="products-service-user"
        cq:lastReplicated="{Date}2024-10-25T16:03:04.690Z"
        cq:lastReplicated_publish="{Date}2024-10-25T16:03:04.690Z"
        cq:lastReplicatedBy="sophia.ponce@lazard.com"
        cq:lastReplicatedBy_publish="sophia.ponce@lazard.com"
        cq:lastReplicationAction="Activate"
        cq:lastReplicationAction_publish="Activate"
        cq:template="/conf/lam/settings/wcm/templates/fund-detail"
        jcr:isCheckedOut="{Boolean}true"
        jcr:mixinTypes="[cq:ReplicationStatus2,mix:versionable]"
        jcr:primaryType="cq:PageContent"
        jcr:title="Lazard Emerging Markets Managed Volatility Fund"
        jcr:uuid="ed6de27a-4f0d-4f0a-9150-5b62e0347b9e"
        sling:resourceType="lam/components/page"
        productType="Fund">
        <root
            jcr:primaryType="nt:unstructured"
            sling:resourceType="lam/components/container"
            layout="responsiveGrid">
            <container
                jcr:primaryType="nt:unstructured"
                sling:resourceType="lam/components/container"
                layout="responsiveGrid"/>
        </root>
    </jcr:content>
    <productData
        jcr:primaryType="nt:unstructured"
        title="Lazard Emerging Markets Managed Volatility Fund"
        type="Fund"/>
    <disclaimerMappings jcr:primaryType="nt:unstructured">
        <DisclaimerLabel
            jcr:primaryType="nt:unstructured"
            approvedLanguages="[en_us]"
            disclaimerPaths="[/content/dam/lazard-asset-management/disclaimers/en_us/2078031161]"
            isGlobalProductMapping="{Boolean}true"
            type="DisclaimerLabel"/>
    </disclaimerMappings>
    <externalMetadata
        jcr:primaryType="nt:unstructured"
        assetClasses="[Equity]"
        availableOnInvestmentPlatform="{Boolean}true"
        benchmarkName="MSCI Emerging Markets Net Total Return Index"
        categorySortOrder="{Long}999999"
        distributionDate="April and October"
        hasSMAonly="{Boolean}false"
        languages="[de-at,de-ch,de-de,en-au,en-de,en-gb,en-us,fr-be,fr-ca,fr-fr,it-de,it-it]"
        pmTeamAsOfDate="2024-09-30"
        sfdrCategory="{Long}8"
        sortOrderWithinCategory="{Long}99999"
        strategyId="{Long}162"
        subStrategyId="{Long}413"
        suppressBenchmarks="{Boolean}false"
        umbrellaName="LGAF"
        umbrellaNumDigitsDividend="{Long}9"
        umbrellaNumDigitsNav="{Long}4">
        <investmentPlatforms jcr:primaryType="nt:unstructured">
            <_x0031_
                jcr:primaryType="nt:unstructured"
                countries="[CA,US]"
                name="Morgan Stanley"/>
        </investmentPlatforms>
        <productLanguages jcr:primaryType="nt:unstructured">
            <de-de
                jcr:primaryType="nt:unstructured"
                shortDesc="Der Lazard Emerging Markets Managed Volatility Fund ist ein diversifizierter Schwellenländer-Aktienfonds, der stabile Aktienrenditen mit einem Gesamtrisiko weit unter dem Marktniveau anstrebt. Der Schwerpunkt des Fonds liegt in der Alphagenerierung in einem Aktienportfolio mit geringer Volatilität. Die Aktienselektion erfolgt durch einen firmeneigenen, quantitativ-basierten Multi-Faktor-Anlageprozess, der Aktien mit fundamentaler Attraktivität und unterdurchschnittlichen Risikoeigenschaften bevorzugt. Das Portfolio ist über die verschiedenen Wirtschaftssektoren gut diversifiziert, ohne sich an eine traditionelle marktkapitalisierungsgewichtete Benchmark zu halten."/>
            <en-us
                jcr:primaryType="nt:unstructured"
                shortDesc="Lazard's Emerging Markets Managed Volatility Fund is a diversified emerging markets equity fund that seeks to produce stable, equity returns with total risk well below market levels. The consistent emphasis of the fund is on the creation of alpha in a low volatility equity portfolio. Stocks are selected for the fund using a proprietary, quantitatively-based, multi-factor investment process that's favours stocks with fundamental attractiveness and below average risk characteristics. The fund is well diversified across economic sectors without adherence to a traditional market capitalisation weighted benchmark."/>
            <en-gb
                jcr:primaryType="nt:unstructured"
                shortDesc="Lazard's Emerging Markets Managed Volatility Fund is a diversified emerging markets equity fund that seeks to produce stable, equity returns with total risk well below market levels. The consistent emphasis of the fund is on the creation of alpha in a low volatility equity portfolio. Stocks are selected for the fund using a proprietary, quantitatively-based, multi-factor investment process that's favours stocks with fundamental attractiveness and below average risk characteristics. The fund is well diversified across economic sectors without adherence to a traditional market capitalisation weighted benchmark."/>
        </productLanguages>
        <defaultShareClass
            jcr:primaryType="nt:unstructured"
            AT="{Long}8994"
            CH="{Long}8994"
            DE="{Long}8994"
            FR="{Long}8994"
            GB="{Long}8962"
            IE="{Long}8994"
            LI="{Long}8994"
            SG="{Long}8994"/>
        <pmTeamMembers jcr:primaryType="nt:unstructured">
            <_x0030_
                jcr:primaryType="nt:unstructured"
                bioId="{Long}265"
                firstName="Paul"
                isLead="{Boolean}true"
                lastName="Moghtader"
                sortOrder="{Long}1"/>
            <_x0031_
                jcr:primaryType="nt:unstructured"
                bioId="{Long}176"
                firstName="Taras"
                isLead="{Boolean}false"
                lastName="Ivanenko"
                sortOrder="{Long}2"/>
            <_x0032_
                jcr:primaryType="nt:unstructured"
                bioId="{Long}185"
                firstName="Peter"
                isLead="{Boolean}false"
                lastName="Kashanek"
                sortOrder="{Long}2"/>
            <_x0033_
                jcr:primaryType="nt:unstructured"
                bioId="{Long}213"
                firstName="Alex"
                isLead="{Boolean}false"
                lastName="Lai"
                sortOrder="{Long}2"/>
            <_x0034_
                jcr:primaryType="nt:unstructured"
                bioId="{Long}1032"
                firstName="Ping"
                isLead="{Boolean}false"
                lastName="Liu"
                sortOrder="{Long}2"/>
            <_x0035_
                jcr:primaryType="nt:unstructured"
                bioId="{Long}695"
                firstName="Ruihan"
                isLead="{Boolean}false"
                lastName="Liu"
                sortOrder="{Long}2"/>
            <_x0036_
                jcr:primaryType="nt:unstructured"
                bioId="{Long}1238"
                firstName="Kurt"
                isLead="{Boolean}false"
                lastName="Livermore"
                sortOrder="{Long}2"/>
            <_x0037_
                jcr:primaryType="nt:unstructured"
                bioId="{Long}234"
                firstName="Ciprian"
                isLead="{Boolean}false"
                lastName="Marin"
                sortOrder="{Long}2"/>
            <_x0038_
                jcr:primaryType="nt:unstructured"
                bioId="{Long}1217"
                firstName="Ashok"
                isLead="{Boolean}false"
                lastName="Muthusamy"
                sortOrder="{Long}2"/>
            <_x0039_
                jcr:primaryType="nt:unstructured"
                bioId="{Long}364"
                firstName="Craig"
                isLead="{Boolean}false"
                lastName="Scholl"
                sortOrder="{Long}2"/>
            <_x0031_0
                jcr:primaryType="nt:unstructured"
                bioId="{Long}1046"
                firstName="George"
                isLead="{Boolean}false"
                lastName="Ssali"
                sortOrder="{Long}2"/>
            <_x0031_1
                jcr:primaryType="nt:unstructured"
                bioId="{Long}1269"
                firstName="Kohei"
                isLead="{Boolean}false"
                lastName="Watanabe"
                sortOrder="{Long}2"/>
            <_x0031_2
                jcr:primaryType="nt:unstructured"
                bioId="{Long}452"
                firstName="Susanne"
                isLead="{Boolean}false"
                lastName="Willumsen"
                sortOrder="{Long}2"/>
            <_x0031_3
                jcr:primaryType="nt:unstructured"
                bioId="{Long}312"
                firstName="Chris"
                isLead="{Boolean}false"
                lastName="Pope"
                sortOrder="{Long}3"/>
        </pmTeamMembers>
        <shareClasses jcr:primaryType="nt:unstructured">
            <_x0038_962
                jcr:primaryType="nt:unstructured"
                annualManagementCharge="1.00%"
                countries="[CH,IE,XX,US]"
                currency="CHF"
                fundId="{Long}3241"
                fundingStatus="Open"
                inceptionDate="2020-02-19"
                initialCharge="3.00%"
                isAuthorizedPending="{Boolean}false"
                isGLIF="{Boolean}false"
                isin="IE00BL6VLG67"
                isSMA="{Boolean}false"
                minimumInvestment="US$ 100,000,000"
                primaryBenchmark="MSCI Emerging Markets Net Total Return Index"
                sedol="BL6VLG6"
                ticker="LAMMVIC ID"
                title="I Acc CHF "
                valoren="52608356"
                vehicleId="{Long}17"
                vehicleName="UCITS (Ireland)">
                <professionalOnlyCountries
                    jcr:primaryType="nt:unstructured"
                    CH="{Boolean}false"
                    IE="{Boolean}false"/>
                <investmentPlatforms jcr:primaryType="nt:unstructured">
                    <_x0031_
                        jcr:primaryType="nt:unstructured"
                        countries="[CA,US]"
                        name="Morgan Stanley"/>
                </investmentPlatforms>
            </_x0038_962>
            <_x0038_994
                jcr:primaryType="nt:unstructured"
                annualManagementCharge="0.70%"
                countries="[CH,FR,GB,IE,LI,XX,US]"
                currency="USD"
                currencySymbol="US$"
                fundId="{Long}3241"
                fundingStatus="Open"
                inceptionDate="2020-02-19"
                initialCharge="3.00%"
                isAuthorizedPending="{Boolean}false"
                isGLIF="{Boolean}false"
                isin="IE00BJBK3W46"
                isSMA="{Boolean}false"
                minimumInvestment="US$ 250,000"
                primaryBenchmark="MSCI Emerging Markets Net Total Return Index"
                sedol="BJBK3W4"
                ticker="LAMVAUA ID"
                title="A Acc USD"
                valoren="52750343"
                vehicleId="{Long}17"
                vehicleName="UCITS (Ireland)">
                <professionalOnlyCountries
                    jcr:primaryType="nt:unstructured"
                    CH="{Boolean}false"
                    FR="{Boolean}false"
                    GB="{Boolean}false"
                    IE="{Boolean}false"
                    LI="{Boolean}false"/>
                <investmentPlatforms jcr:primaryType="nt:unstructured">
                    <_x0031_
                        jcr:primaryType="nt:unstructured"
                        countries="[CA,US]"
                        name="Morgan Stanley"/>
                </investmentPlatforms>
            </_x0038_994>
        </shareClasses>
        <platforms jcr:primaryType="nt:unstructured">
            <_x0039_4
                jcr:primaryType="nt:unstructured"
                countries="[AE,AU,BE,BH,BN,CA,CN,DK,ES,FI,FR,GB,HK,ID,IE,IL,JP,LU,MO,MT,MY,NL,NO,NZ,PG,PH,PT,SA,SE,SG,TH,TW,US,XX,ZA]"
                regions="[16,22,19,2,1,3,5]"
                sortOrder="{Long}600"
                title="Emerging Markets Platform"/>
            <_x0039_9
                jcr:primaryType="nt:unstructured"
                countries="[AE,AU,BE,BH,BN,CA,CN,DK,ES,FI,FR,GB,HK,ID,IE,IL,JP,LU,MO,MT,MY,NL,NO,NZ,PG,PH,PT,SA,SE,SG,TH,TW,US,XX,ZA]"
                regions="[22,2,5,19,1,16,3]"
                sortOrder="{Long}900"
                title="Quantitative Equity Platform"/>
            <_x0033_5745
                jcr:primaryType="nt:unstructured"
                countries="[AT,DE,IT]"
                regions="[18,4]"
                sortOrder="{Long}9700"
                title="Equity Platform"/>
        </platforms>
    </externalMetadata>
</jcr:root>
