<?xml version="1.0" encoding="UTF-8"?>
<jcr:root xmlns:jcr="http://www.jcp.org/jcr/1.0" xmlns:nt="http://www.jcp.org/jcr/nt/1.0" xmlns:mix="http://www.jcp.org/jcr/mix/1.0" xmlns:cq="http://www.day.com/jcr/cq/1.0" xmlns:sling="http://sling.apache.org/jcr/sling/1.0"
    jcr:primaryType="cq:Page">
    <jcr:content
        cq:lastModified="{Date}2024-10-23T15:16:14.911Z"
        cq:lastModifiedBy="disclaimer-service-user"
        cq:template="/conf/lam/settings/wcm/templates/fund-detail"
        jcr:isCheckedOut="{Boolean}true"
        jcr:mixinTypes="[mix:versionable]"
        jcr:primaryType="cq:PageContent"
        jcr:title="Lazard Global Equity Factor Advantage"
        jcr:uuid="bf2f8b8d-2735-4c09-944a-709f8eb918c9"
        sling:resourceType="lam/components/page"
        productType="Fund">
        <root
            jcr:primaryType="nt:unstructured"
            sling:resourceType="lam/components/container"
            layout="responsiveGrid">
            <container
                jcr:primaryType="nt:unstructured"
                sling:resourceType="lam/components/container"
                layout="responsiveGrid"/>
        </root>
    </jcr:content>
    <productData
        jcr:primaryType="nt:unstructured"
        title="Lazard Global Equity Factor Advantage"
        type="Fund"/>
    <externalMetadata
        jcr:primaryType="nt:unstructured"
        assetClasses="[Equity]"
        availableOnInvestmentPlatform="{Boolean}false"
        categorySortOrder="{Long}999999"
        hasSMAonly="{Boolean}false"
        languages="[da-dk,de-de,en-au,en-de,en-gb,en-us,es-es,fii-fi,fr-be,fr-ca,fr-fr,ja-jp,nb-no,nl-nl,pt-pt,sv-se]"
        pmTeamMembers="[]"
        sortOrderWithinCategory="{Long}99999"
        strategyId="{Long}203"
        subStrategyId="{Long}499"
        suppressBenchmarks="{Boolean}false"
        umbrellaNumDigitsDividend="{Long}4"
        umbrellaNumDigitsNav="{Long}4">
        <productLanguages jcr:primaryType="nt:unstructured">
            <en-us
                jcr:primaryType="nt:unstructured"
                productHighlight="The portfolio aims to deliver consistent outperformance versus its benchmark through stable and balanced exposure across four factor families: Value, Growth, Quality &amp; Sentiment.&#xd;&#xa;Risk exposures are managed to be similar to the benchmark, which allows active stock selection to drive relative results without reliance on specific macro trends for successful outcomes.&#xd;&#xa;Managed by a team of seasoned professionals who have been managing similar equity portfolios together in excess of two decades"
                shortDesc="Lazard Global Equity Factor Advantage seeks to outperform the MSCI World Index. The portfolio seeks consistency throughout market cycles and relies on a core, bottom-up stock selection approach while avoiding unwanted top-down or macro exposures to achieve this objective. The investment universe consists of approximately 5,000 developed-market stocks using an active, quantitatively based investment process that evaluates each company's growth potential, valuation, market sentiment and financial quality on a daily basis relative to global peers. Portfolio risks are managed independently by maintaining exposures that are similar to the benchmark including region, industry, country, capitalization and beta."/>
        </productLanguages>
        <defaultShareClass jcr:primaryType="nt:unstructured"/>
        <shareClasses jcr:primaryType="nt:unstructured">
            <_x0033_481
                jcr:primaryType="nt:unstructured"
                countries="[AE,AU,BE,BH,BN,BS,CA,CN,DK,ES,FI,FR,GB,HK,ID,IE,IL,JP,LU,MO,MT,MY,NL,NO,NZ,PG,PH,PT,SA,SE,SG,TH,TW,US,XX,ZA,XX]"
                currency="USD"
                fundId="{Long}1481"
                fundingStatus="Open"
                inceptionDate="2015-12-22"
                isAuthorizedPending="{Boolean}false"
                isGLIF="{Boolean}false"
                isSMA="{Boolean}false"
                minimumInvestment="25 000 000 USD"
                primaryBenchmark="MSCI World Index"
                vehicleId="{Long}1"
                vehicleName="Separate Account">
                <professionalOnlyCountries jcr:primaryType="nt:unstructured"/>
            </_x0033_481>
        </shareClasses>
        <platforms jcr:primaryType="nt:unstructured">
            <_x0039_2
                jcr:primaryType="nt:unstructured"
                countries="[AE,AU,BE,BH,BN,CA,CN,DK,ES,FI,FR,GB,HK,ID,IE,IL,JP,LU,MO,MT,MY,NL,NO,NZ,PG,PH,PT,SA,SE,SG,TH,TW,US,XX,ZA]"
                regions="[16,3,22,5,2,19,1]"
                sortOrder="{Long}100"
                title="Global Equity Platform"/>
            <_x0039_9
                jcr:primaryType="nt:unstructured"
                countries="[AE,BE,BH,CA,DK,ES,FI,FR,GB,IE,IL,JP,LU,MT,NL,NO,PT,SA,SE,US,XX,ZA]"
                regions="[2,22,1,16,3]"
                sortOrder="{Long}900"
                title="Quantitative Equity Platform"/>
        </platforms>
    </externalMetadata>
    <disclaimerMappings jcr:primaryType="nt:unstructured">
        <DisclaimerLabel
            jcr:primaryType="nt:unstructured"
            approvedLanguages="[en_us]"
            disclaimerPaths="[/content/dam/lazard-asset-management/disclaimers/en_us/2078031161]"
            isGlobalProductMapping="{Boolean}true"
            type="DisclaimerLabel"/>
    </disclaimerMappings>
</jcr:root>
