<?xml version="1.0" encoding="UTF-8"?>
<jcr:root xmlns:jcr="http://www.jcp.org/jcr/1.0" xmlns:nt="http://www.jcp.org/jcr/nt/1.0" xmlns:cq="http://www.day.com/jcr/cq/1.0" xmlns:sling="http://sling.apache.org/jcr/sling/1.0"
    jcr:primaryType="cq:Page">
    <jcr:content
        cq:isDelivered="{Boolean}false"
        cq:lastModified="{Date}2024-10-18T17:27:11.880Z"
        cq:lastModifiedBy="products-service-user"
        cq:template="/conf/lam/settings/wcm/templates/fund-detail"
        jcr:mixinTypes="[cq:ReplicationStatus2]"
        jcr:primaryType="cq:PageContent"
        jcr:title="Lazard US Core Investment Grade"
        sling:resourceType="lam/components/page"
        productType="Fund">
        <root
            jcr:primaryType="nt:unstructured"
            sling:resourceType="lam/components/container"
            layout="responsiveGrid">
            <container
                jcr:primaryType="nt:unstructured"
                sling:resourceType="lam/components/container"
                layout="responsiveGrid"/>
        </root>
    </jcr:content>
    <productData
        jcr:primaryType="nt:unstructured"
        title="Lazard US Core Investment Grade"
        type="Fund"/>
    <externalMetadata
        jcr:primaryType="nt:unstructured"
        assetClasses="[Fixed Income]"
        availableOnInvestmentPlatform="{Boolean}false"
        category="Fixed Income"
        categorySortOrder="{Long}300"
        hasSMAonly="{Boolean}false"
        languages="[en-au,en-de,en-gb,en-us,fr-ca]"
        pmTeamAsOfDate="2024-09-30"
        pmTeamMembers="[]"
        sortOrderWithinCategory="{Long}810"
        strategyId="{Long}66"
        subStrategyId="{Long}464"
        suppressBenchmarks="{Boolean}false"
        umbrellaNumDigitsDividend="{Long}4"
        umbrellaNumDigitsNav="{Long}4">
        <productLanguages jcr:primaryType="nt:unstructured">
            <en-us
                jcr:primaryType="nt:unstructured"
                productHighlight="Designed as a principal part of a fixed income allocation and seeks to outperform the total return of the investment grade bond market.&#xd;&#xa;Relies on fundamental security selection and disciplined portfolio construction.&#xd;&#xa;Seeks to avoid downside loss due to permanent capital impairment.&#xd;&#xa;Tactical allocation to sectors based on a true understanding of the relative risk and return characteristics of credits and structure."
                shortDesc="Lazard US Core Investment Grade seeks to achieve two key objectives: preserve capital, and outperform the returns of the investment grade fixed income market as represented by the Bloomberg Barclays US Aggregate Index. The strategy relies on fundamental security selection and disciplined portfolio construction as it seeks to generate excess returns within a volatility framework that is representative of investment grade active management."/>
            <en-gb
                jcr:primaryType="nt:unstructured"
                productHighlight="Designed as a principal part of a fixed income allocation and seeks to outperform the total return of the investment grade bond market.&#xd;&#xa;Relies on fundamental security selection and disciplined portfolio construction.&#xd;&#xa;Seeks to avoid downside loss due to permanent capital impairment.&#xd;&#xa;Tactical allocation to sectors based on a true understanding of the relative risk and return characteristics of credits and structure."
                shortDesc="Lazard US Core Investment Grade seeks to achieve two key objectives: preserve capital, and outperform the returns of the investment grade fixed income market as represented by the Bloomberg Barclays US Aggregate Index. The strategy relies on fundamental security selection and disciplined portfolio construction as it seeks to generate excess returns within a volatility framework that is representative of investment grade active management."/>
        </productLanguages>
        <defaultShareClass jcr:primaryType="nt:unstructured"/>
        <shareClasses jcr:primaryType="nt:unstructured">
            <_x0036_41
                jcr:primaryType="nt:unstructured"
                countries="[BS,CA,US,XX]"
                currency="USD"
                currencySymbol="US$"
                fundId="{Long}393"
                fundingStatus="Open"
                inceptionDate="2010-02-28"
                isAuthorizedPending="{Boolean}false"
                isGLIF="{Boolean}false"
                isSMA="{Boolean}false"
                vehicleId="{Long}1"
                vehicleName="Separate Account">
                <professionalOnlyCountries jcr:primaryType="nt:unstructured"/>
            </_x0036_41>
        </shareClasses>
        <platforms jcr:primaryType="nt:unstructured">
            <_x0039_8
                jcr:primaryType="nt:unstructured"
                countries="[CA,US]"
                regions="[1]"
                sortOrder="{Long}700"
                title="Fixed Income Platform"/>
        </platforms>
    </externalMetadata>
    <disclaimerMappings jcr:primaryType="nt:unstructured">
        <DisclaimerLabel
            jcr:primaryType="nt:unstructured"
            approvedLanguages="[en_us]"
            disclaimerPaths="[/content/dam/lazard-asset-management/disclaimers/en_us/2078031161/jcr:content/indexedData/master]"
            isGlobalProductMapping="{Boolean}true"
            placeholderKeys="[]"
            type="DisclaimerLabel"/>
        <StatPro_NY-P_I_US_CORERES
            jcr:primaryType="nt:unstructured"
            approvedLanguages="[en_us]"
            disclaimerPaths="[/content/dam/lazard-asset-management/disclaimers/en_us/1368248314]"
            isGlobalProductMapping="{Boolean}false"
            placeholderKeys="[]"
            type="StatPro_NY-P_I_US_CORERES"/>
    </disclaimerMappings>
</jcr:root>
