<?xml version="1.0" encoding="UTF-8"?>
<jcr:root xmlns:jcr="http://www.jcp.org/jcr/1.0" xmlns:nt="http://www.jcp.org/jcr/nt/1.0" xmlns:mix="http://www.jcp.org/jcr/mix/1.0" xmlns:cq="http://www.day.com/jcr/cq/1.0" xmlns:sling="http://sling.apache.org/jcr/sling/1.0"
    jcr:primaryType="cq:Page">
    <jcr:content
        cq:isDelivered="{Boolean}false"
        cq:lastModified="{Date}2024-09-17T20:52:01.243Z"
        cq:lastModifiedBy="products-service-user"
        cq:lastReplicated="{Date}2024-07-30T02:36:40.016Z"
        cq:lastReplicated_publish="{Date}2024-07-30T02:36:40.016Z"
        cq:lastReplicatedBy="anna.herbst@lazard.com"
        cq:lastReplicatedBy_publish="anna.herbst@lazard.com"
        cq:lastReplicationAction="Activate"
        cq:lastReplicationAction_publish="Activate"
        cq:template="/conf/lam/settings/wcm/templates/strategy-detail"
        jcr:isCheckedOut="{Boolean}true"
        jcr:mixinTypes="[cq:ReplicationStatus2,mix:versionable]"
        jcr:primaryType="cq:PageContent"
        jcr:title="UK Equity Omega"
        jcr:uuid="3aef95ad-9190-48df-9406-ae74bc71a060"
        sling:resourceType="lam/components/page"
        category="strategy"
        hideInNav="true"
        linkType="internal"
        pageProductData="fund-listing"
        productType="Strategy"
        pwaCachestrategy="staleWhileRevalidate"
        pwaDisplay="standalone"
        pwaOrientation="any">
        <root
            jcr:primaryType="nt:unstructured"
            sling:resourceType="lam/components/container"
            layout="responsiveGrid">
            <container
                jcr:primaryType="nt:unstructured"
                sling:resourceType="lam/components/container"
                layout="responsiveGrid"/>
        </root>
        <cq:featuredimage
            jcr:lastModified="{Date}2024-07-16T14:25:27.311Z"
            jcr:lastModifiedBy="bassel.eladas@lazard.com"
            jcr:primaryType="nt:unstructured"
            sling:resourceType="core/wcm/components/image/v3/image"
            altValueFromDAM="true"/>
    </jcr:content>
    <productData
        jcr:primaryType="nt:unstructured"
        title="UK Equity Omega"
        type="Strategy"/>
    <externalMetadata
        jcr:primaryType="nt:unstructured"
        assetClasses="[Equity]"
        aumCurrency="USD"
        aumCurrencySymbol="US$"
        isEMD="{Boolean}false"
        isSMA="{Boolean}false"
        languages="[da-dk,de-at,de-ch,de-de,en-au,en-de,en-gb,en-us,es-es,fii-fi,fr-be,fr-ca,fr-fr,it-de,it-it,ja-jp,ko-kr,nb-no,nl-nl,pt-pt,sv-se]"
        pmTeamAsOfDate="2024-06-30"
        shareClassIds="[262]">
        <productLanguages jcr:primaryType="nt:unstructured">
            <en-us
                jcr:primaryType="nt:unstructured"
                shortDesc="The Lazard UK Equity Omega strategy seeks to outperform the FTSE All-Share Index over a full market cycle of 3 to 5 years.  The strategy is a focused strategy of 25-35 highest conviction stocks and a minimum position size at inception of 2%. This highly concentrated UK equity strategy aims to efficiently capture the best ideas of Lazard's global investment resource and shares the returns based investment philosophy that underlies many Lazard strategies. The team focuses on the sustainability and trajectory of financial productivity and sets this against valuation. "
                tagline="Seeks to beat the FTSE All-Share Index by investing in 25�35 top stocks and at least 2% position at inception."/>
        </productLanguages>
        <platforms jcr:primaryType="nt:unstructured">
            <_x0039_6
                jcr:primaryType="nt:unstructured"
                countries="[AE,BE,BH,BM,CA,DK,ES,FI,FR,IE,IL,LU,MT,NL,NO,PT,SA,SE,US,XX,ZA]"
                regions="[20,22,3,1]"
                sortOrder="{Long}400"
                title="European Equity Platform"/>
            <_x0033_1183
                jcr:primaryType="nt:unstructured"
                countries="[AU,NZ,PG]"
                regions="[5]"
                sortOrder="{Long}9300"
                title="Australian Regional Equities Platform"/>
            <_x0033_1185
                jcr:primaryType="nt:unstructured"
                countries="[BN,CN,HK,ID,MO,MY,PH,SG,TH,TW]"
                regions="[19]"
                sortOrder="{Long}9500"
                title="Singapore Regional Equities Platform"/>
            <_x0033_1186
                jcr:primaryType="nt:unstructured"
                countries="[GB]"
                regions="[2]"
                sortOrder="{Long}9600"
                title="UK Equities Platform"/>
        </platforms>
        <pmTeamMembers jcr:primaryType="nt:unstructured">
            <_x0030_
                jcr:primaryType="nt:unstructured"
                bioId="{Long}19"
                firstName="Aaron"
                isLead="{Boolean}true"
                lastName="Barnfather"
                sortOrder="{Long}1"/>
            <_x0031_
                jcr:primaryType="nt:unstructured"
                bioId="{Long}75"
                firstName="Alan"
                isLead="{Boolean}true"
                lastName="Clifford"
                sortOrder="{Long}1"/>
            <_x0032_
                jcr:primaryType="nt:unstructured"
                bioId="{Long}1325"
                firstName="Anastasia"
                isLead="{Boolean}false"
                lastName="Savina"
                sortOrder="{Long}2"/>
            <_x0033_
                jcr:primaryType="nt:unstructured"
                bioId="{Long}1106"
                firstName="Fraser"
                isLead="{Boolean}false"
                lastName="McElrea"
                sortOrder="{Long}3"/>
        </pmTeamMembers>
        <webClassifications jcr:primaryType="nt:unstructured">
            <_x0030_
                jcr:primaryType="nt:unstructured"
                type="Geography"
                value="Europe"/>
        </webClassifications>
        <subStrategies jcr:primaryType="nt:unstructured">
            <_x0032_12
                jcr:primaryType="nt:unstructured"
                defaultShareClass="{Long}262"
                inceptionDate="2005-01-02"
                primaryBenchmark="FTSE All-Share Index"
                title="UK Equity Omega"/>
        </subStrategies>
    </externalMetadata>
    <disclaimerMappings jcr:primaryType="nt:unstructured">
        <DisclaimerLabel
            jcr:primaryType="nt:unstructured"
            approvedLanguages="[en_us]"
            disclaimerPaths="[]"
            isGlobalProductMapping="{Boolean}true"
            placeholderKeys="[]"
            type="DisclaimerLabel"/>
        <StrategyDisclaimerOverride
            jcr:primaryType="nt:unstructured"
            approvedLanguages="[en_us]"
            disclaimerPaths="[]"
            isGlobalProductMapping="{Boolean}false"
            placeholderKeys="[]"
            type="StrategyDisclaimerOverride"/>
    </disclaimerMappings>
</jcr:root>
