<?xml version="1.0" encoding="UTF-8"?>
<jcr:root xmlns:jcr="http://www.jcp.org/jcr/1.0" xmlns:nt="http://www.jcp.org/jcr/nt/1.0" xmlns:mix="http://www.jcp.org/jcr/mix/1.0" xmlns:cq="http://www.day.com/jcr/cq/1.0" xmlns:sling="http://sling.apache.org/jcr/sling/1.0"
    jcr:primaryType="cq:Page">
    <jcr:content
        cq:lastModified="{Date}2024-07-25T17:41:58.706Z"
        cq:lastModifiedBy="bhavika.desai@lazard.com"
        cq:tags="[experience-fragments:variation/web]"
        cq:template="/conf/lam/settings/wcm/templates/experience-fragment-template"
        cq:xfVariantType="web"
        jcr:description="Weekly macroeconomic insights from Ronald Temple, Lazard's Chief Market Strategist, including a breakdown of the top news and data releases."
        jcr:isCheckedOut="{Boolean}true"
        jcr:mixinTypes="[mix:versionable]"
        jcr:primaryType="cq:PageContent"
        jcr:title="Behind the Headlines"
        jcr:uuid="18044df5-0794-46d4-8a46-215a7d3eed54"
        sling:resourceType="lam/components/xfpagev2"
        nodesMoved="{Boolean}true">
        <root
            jcr:primaryType="nt:unstructured"
            sling:resourceType="lam/components/container"
            layout="responsiveGrid">
            <container
                jcr:primaryType="nt:unstructured"
                sling:resourceType="lam/components/container"
                layout="responsiveGrid"/>
        </root>
        <cq:metadata jcr:primaryType="nt:unstructured"/>
    </jcr:content>
    <march-4-2024/>
    <march-22-2024/>
    <march-18-2024/>
    <may-10-2024/>
    <may-3-2024/>
    <march-11-2024/>
    <january-16-2024/>
    <january-22-2024/>
    <january-29-2024/>
    <april-5-2024/>
    <april-12-2024/>
    <april-19-2024/>
    <april-26-2024/>
    <chief-market-strategist-insights/>
    <july-26-2024/>
</jcr:root>
