<?xml version="1.0" encoding="UTF-8"?>
<jcr:root xmlns:jcr="http://www.jcp.org/jcr/1.0" xmlns:nt="http://www.jcp.org/jcr/nt/1.0" xmlns:cq="http://www.day.com/jcr/cq/1.0" xmlns:sling="http://sling.apache.org/jcr/sling/1.0"
    jcr:primaryType="cq:Page">
    <jcr:content
        cq:lastModified="{Date}2024-10-25T17:50:35.012Z"
        cq:lastModifiedBy="products-service-user"
        cq:template="/conf/lam/settings/wcm/templates/fund-detail"
        jcr:primaryType="cq:PageContent"
        jcr:title="Lazard Global Corporates"
        sling:resourceType="lam/components/page"
        productType="Fund">
        <root
            jcr:primaryType="nt:unstructured"
            sling:resourceType="lam/components/container"
            layout="responsiveGrid">
            <container
                jcr:primaryType="nt:unstructured"
                sling:resourceType="lam/components/container"
                layout="responsiveGrid"/>
        </root>
    </jcr:content>
    <productData
        jcr:primaryType="nt:unstructured"
        title="Lazard Global Corporates"
        type="Fund"/>
    <disclaimerMappings jcr:primaryType="nt:unstructured">
        <DisclaimerLabel
            jcr:primaryType="nt:unstructured"
            approvedLanguages="[en_us]"
            disclaimerPaths="[/content/dam/lazard-asset-management/disclaimers/en_us/2078031161]"
            isGlobalProductMapping="{Boolean}true"
            type="DisclaimerLabel"/>
    </disclaimerMappings>
    <externalMetadata
        jcr:primaryType="nt:unstructured"
        assetClasses="[Fixed Income]"
        availableOnInvestmentPlatform="{Boolean}false"
        categorySortOrder="{Long}999999"
        hasSMAonly="{Boolean}false"
        languages="[da-dk,de-at,de-ch,de-de,en-au,en-de,en-gb,en-us,es-es,fii-fi,fr-be,fr-ca,fr-fr,it-de,it-it,nb-no,nl-nl,pt-pt,sv-se]"
        pmTeamAsOfDate="2024-09-30"
        pmTeamMembers="[]"
        publishByCountry="{Boolean}false"
        sortOrderWithinCategory="{Long}99999"
        strategyId="{Long}198"
        subStrategyId="{Long}489"
        suppressBenchmarks="{Boolean}false"
        umbrellaNumDigitsDividend="{Long}4"
        umbrellaNumDigitsNav="{Long}4">
        <productLanguages jcr:primaryType="nt:unstructured"/>
        <defaultShareClass jcr:primaryType="nt:unstructured"/>
        <shareClasses jcr:primaryType="nt:unstructured">
            <_x0033_001
                jcr:primaryType="nt:unstructured"
                countries="[AE,AT,AU,BE,BH,BN,BS,CA,CH,CN,DE,DK,ES,FI,FR,GB,HK,ID,IE,IL,IT,LI,LU,MO,MT,MY,NL,NO,NZ,PG,PH,PT,SA,SE,SG,TH,TW,US,XX,ZA]"
                currency="EUR"
                currencySymbol="€"
                fundId="{Long}1301"
                fundingStatus="Authorized/Pending"
                inceptionDate="2015-09-02"
                isAuthorizedPending="{Boolean}true"
                isGLIF="{Boolean}false"
                isSMA="{Boolean}false"
                minimumInvestment="€30,000,000"
                vehicleId="{Long}1"
                vehicleName="Separate Account">
                <professionalOnlyCountries jcr:primaryType="nt:unstructured"/>
            </_x0033_001>
        </shareClasses>
        <platforms jcr:primaryType="nt:unstructured">
            <_x0039_8
                jcr:primaryType="nt:unstructured"
                countries="[AE,AT,AU,BE,BH,BN,CA,CH,CN,DE,DK,ES,FI,FR,GB,HK,ID,IE,IL,IT,LI,LU,MO,MT,MY,NL,NO,NZ,PG,PH,PT,SA,SE,SG,TH,TW,US,XX,ZA]"
                regions="[4,19,22,18,5,1,2,21,3]"
                sortOrder="{Long}700"
                title="Fixed Income Platform"/>
        </platforms>
    </externalMetadata>
</jcr:root>
