<?xml version="1.0" encoding="UTF-8"?>
<jcr:root xmlns:jcr="http://www.jcp.org/jcr/1.0" xmlns:nt="http://www.jcp.org/jcr/nt/1.0" xmlns:mix="http://www.jcp.org/jcr/mix/1.0" xmlns:cq="http://www.day.com/jcr/cq/1.0" xmlns:sling="http://sling.apache.org/jcr/sling/1.0"
    jcr:primaryType="cq:Page">
    <jcr:content
        cq:isDelivered="{Boolean}false"
        cq:lastModified="{Date}2024-10-23T15:21:02.640Z"
        cq:lastModifiedBy="disclaimer-service-user"
        cq:lastReplicated="{Date}2024-10-07T16:05:53.882Z"
        cq:lastReplicated_publish="{Date}2024-10-07T16:05:53.882Z"
        cq:lastReplicatedBy="sophia.ponce@lazard.com"
        cq:lastReplicatedBy_publish="sophia.ponce@lazard.com"
        cq:lastReplicationAction="Deactivate"
        cq:lastReplicationAction_publish="Deactivate"
        cq:template="/conf/lam/settings/wcm/templates/fund-detail"
        jcr:isCheckedOut="{Boolean}true"
        jcr:mixinTypes="[cq:ReplicationStatus2,mix:versionable]"
        jcr:primaryType="cq:PageContent"
        jcr:title="Lazard Sustainable Agriculture"
        jcr:uuid="39a5dbfa-2fa4-4af2-afc3-de20d66af49c"
        sling:resourceType="lam/components/page"
        productType="Fund">
        <root
            jcr:primaryType="nt:unstructured"
            sling:resourceType="lam/components/container"
            layout="responsiveGrid">
            <container
                jcr:primaryType="nt:unstructured"
                sling:resourceType="lam/components/container"
                layout="responsiveGrid"/>
        </root>
    </jcr:content>
    <productData
        jcr:primaryType="nt:unstructured"
        title="Lazard Sustainable Agriculture"
        type="Fund"/>
    <externalMetadata
        jcr:primaryType="nt:unstructured"
        assetClasses="[Equity]"
        availableOnInvestmentPlatform="{Boolean}false"
        categorySortOrder="{Long}999999"
        hasSMAonly="{Boolean}false"
        languages="[da-dk,de-at,de-ch,de-de,en-au,en-de,en-gb,en-us,es-es,fii-fi,fr-be,fr-ca,fr-fr,it-de,it-it,nb-no,nl-nl,pt-pt,sv-se]"
        pmTeamAsOfDate="2024-09-30"
        pmTeamMembers="[]"
        sortOrderWithinCategory="{Long}99999"
        strategyId="{Long}303"
        subStrategyId="{Long}662"
        suppressBenchmarks="{Boolean}true"
        umbrellaNumDigitsDividend="{Long}4"
        umbrellaNumDigitsNav="{Long}4">
        <productLanguages jcr:primaryType="nt:unstructured">
            <en-us
                jcr:primaryType="nt:unstructured"
                productHighlight="A global equity portfolio designed in response to an increasing awareness for the future of food supply amid population growth, and the interaction of agricultural practices with climate change and greenhouse gas emissions.&#xd;&#xa;Structured as a collection of solutions seeking to take advantage of trends, innovations, and practices being adopted in agriculture to address these themes globally.&#xd;&#xa;Invests in public equities involved in providing solutions in three main segments:  Regenerative Solutions, Food Evolution, and Farm Innovation. "
                shortDesc="Lazard Sustainable Agriculture is a global equity strategy designed to capitalize on the long-term investment opportunity pursuant to the growing awareness of the future of food supply amid population growth and the interaction of agricultural practices with climate change and greenhouse gas emissions.  The strategy is structured as a collection of solutions that seeks to take advantage of the global trends, innovations, and practices being implemented in agriculture. The investment team employs proprietary data science-driven techniques alongside fundamental analysis to determine the portfolio's asset allocation."/>
            <en-gb
                jcr:primaryType="nt:unstructured"
                productHighlight="A global equity portfolio designed in response to an increasing awareness for the future of food supply amid population growth, and the interaction of agricultural practices with climate change and greenhouse gas emissions.&#xd;&#xa;Structured as a collection of solutions seeking to take advantage of trends, innovations, and practices being adopted in agriculture to address these themes globally.&#xd;&#xa;Invests in public equities involved in providing solutions in three main segments:  Regenerative Solutions, Food Evolution, and Farm Innovation. "
                shortDesc="Lazard Sustainable Agriculture is a global equity strategy designed to capitalize on the long-term investment opportunity pursuant to the growing awareness of the future of food supply amid population growth and the interaction of agricultural practices with climate change and greenhouse gas emissions.  The strategy is structured as a collection of solutions that seeks to take advantage of the global trends, innovations, and practices being implemented in agriculture. The investment team employs proprietary data science-driven techniques alongside fundamental analysis to determine the portfolio's asset allocation."/>
        </productLanguages>
        <defaultShareClass jcr:primaryType="nt:unstructured"/>
        <shareClasses jcr:primaryType="nt:unstructured">
            <_x0031_0701
                jcr:primaryType="nt:unstructured"
                countries="[AE,AT,AU,BE,BH,BS,CA,CH,DE,DK,ES,FI,FR,GB,IE,IL,IT,LI,LU,MT,NL,NO,NZ,PG,PT,SA,SE,US,XX,ZA,XX]"
                currency="USD"
                currencySymbol="US$"
                fundId="{Long}4041"
                fundingStatus="Open"
                isAuthorizedPending="{Boolean}false"
                isGLIF="{Boolean}false"
                isSMA="{Boolean}false"
                minimumInvestment="US$ 5,000,000"
                vehicleId="{Long}1"
                vehicleName="Separate Account">
                <professionalOnlyCountries jcr:primaryType="nt:unstructured"/>
            </_x0031_0701>
        </shareClasses>
        <platforms jcr:primaryType="nt:unstructured">
            <_x0031_01
                jcr:primaryType="nt:unstructured"
                countries="[AE,AT,AU,BE,BH,CA,CH,DE,DK,ES,FI,FR,GB,IE,IL,IT,LI,LU,MT,NL,NO,NZ,PG,PT,SA,SE,US,XX,ZA]"
                regions="[21,18,4,1,22,3,2,5]"
                sortOrder="{Long}1100"
                title="Multi-Asset/Asset Allocation Platform"/>
            <_x0033_0856
                jcr:primaryType="nt:unstructured"
                countries="[AE,BH,CA,DK,ES,FI,GB,IE,IL,LU,MT,NL,NO,SA,SE,US,XX,ZA]"
                regions="[3,2,1]"
                sortOrder="{Long}8900"
                title="Real Assets Platform"/>
        </platforms>
    </externalMetadata>
    <disclaimerMappings jcr:primaryType="nt:unstructured">
        <DisclaimerLabel
            jcr:primaryType="nt:unstructured"
            approvedLanguages="[en_us]"
            disclaimerPaths="[/content/dam/lazard-asset-management/disclaimers/en_us/2078031161]"
            isGlobalProductMapping="{Boolean}true"
            type="DisclaimerLabel"/>
        <DisclaimerCharacteristics
            jcr:primaryType="nt:unstructured"
            approvedLanguages="[fr_fr]"
            disclaimerPaths="[/content/dam/lazard-asset-management/disclaimers/en_us/563766012]"
            isGlobalProductMapping="{Boolean}false"
            type="DisclaimerCharacteristics"/>
        <DisclaimerPerformanceReview
            jcr:primaryType="nt:unstructured"
            approvedLanguages="[fr_fr]"
            disclaimerPaths="[/content/dam/lazard-asset-management/disclaimers/en_us/554304150]"
            isGlobalProductMapping="{Boolean}false"
            type="DisclaimerPerformanceReview"/>
    </disclaimerMappings>
</jcr:root>
