<?xml version="1.0" encoding="UTF-8"?>
<jcr:root xmlns:jcr="http://www.jcp.org/jcr/1.0" xmlns:nt="http://www.jcp.org/jcr/nt/1.0" xmlns:cq="http://www.day.com/jcr/cq/1.0" xmlns:sling="http://sling.apache.org/jcr/sling/1.0"
    jcr:primaryType="cq:Page">
    <jcr:content
        cq:lastModified="{Date}2024-07-15T20:23:26.045Z"
        cq:lastModifiedBy="products-service-user"
        cq:template="/conf/lam/settings/wcm/templates/fund-detail"
        jcr:primaryType="cq:PageContent"
        jcr:title="Lazard Global Listed Infrastructure (EUR Hedge)"
        sling:resourceType="lam/components/page"
        productType="Fund">
        <root
            jcr:primaryType="nt:unstructured"
            sling:resourceType="lam/components/container"
            layout="responsiveGrid">
            <container
                jcr:primaryType="nt:unstructured"
                sling:resourceType="lam/components/container"
                layout="responsiveGrid"/>
        </root>
    </jcr:content>
    <productData
        jcr:primaryType="nt:unstructured"
        title="Lazard Global Listed Infrastructure (EUR Hedge)"
        type="Fund"/>
    <externalMetadata
        jcr:primaryType="nt:unstructured"
        assetClasses="[Equity]"
        availableOnInvestmentPlatform="{Boolean}false"
        category="Real Assets"
        categorySortOrder="{Long}400"
        hasSMAonly="{Boolean}false"
        languages="[da-dk,de-at,de-ch,de-de,en-au,en-de,en-gb,en-us,es-es,fii-fi,fr-be,fr-ca,fr-fr,it-de,it-it,ja-jp,ko-kr,nb-no,nl-nl,pt-pt,sv-se]"
        pmTeamMembers="[]"
        sortOrderWithinCategory="{Long}720"
        strategyId="{Long}29"
        subStrategyId="{Long}354"
        suppressBenchmarks="{Boolean}false"
        umbrellaNumDigitsDividend="{Long}4"
        umbrellaNumDigitsNav="{Long}4">
        <productLanguages jcr:primaryType="nt:unstructured">
            <en-us
                jcr:primaryType="nt:unstructured"
                shortDesc="Lazard Global Listed Infrastructure (EUR Hedge) seeks long-term, defensive, low-volatility returns that exceed inflation by investing in a range of companies around the world that Lazard considers to be &quot;Preferred Infrastructure&quot; (monopoly-like, explicit/implicit inflation pass-through, quality regulatory/political environment). We seek to build a portfolio of 25-50 equity securities that aims to provide our investors with returns of inflation +5% per annum over rolling five-year periods. The strategy is passively hedged to the euro. The strategy is closed to new investors."/>
        </productLanguages>
        <defaultShareClass jcr:primaryType="nt:unstructured"/>
        <shareClasses jcr:primaryType="nt:unstructured">
            <_x0035_14
                jcr:primaryType="nt:unstructured"
                countries="[AE,AT,AU,BE,BH,BM,BS,CH,DE,DK,ES,FI,FR,IE,IL,IT,LI,LU,MT,NL,NO,NZ,PG,PT,SA,SE,XX,ZA,XX]"
                currency="EUR"
                fundId="{Long}301"
                fundingStatus="Soft-Closed"
                isAuthorizedPending="{Boolean}false"
                isGLIF="{Boolean}true"
                isSMA="{Boolean}false"
                vehicleId="{Long}1"
                vehicleName="Separate Account">
                <professionalOnlyCountries jcr:primaryType="nt:unstructured"/>
            </_x0035_14>
        </shareClasses>
        <platforms jcr:primaryType="nt:unstructured">
            <_x0039_2
                jcr:primaryType="nt:unstructured"
                countries="[AE,AU,BE,BH,BM,DK,ES,FI,FR,IE,IL,LU,MT,NL,NO,NZ,PG,PT,SA,SE,XX,ZA]"
                regions="[20,3,22,5]"
                sortOrder="{Long}100"
                title="Global Equity Platform"/>
            <_x0033_5745
                jcr:primaryType="nt:unstructured"
                countries="[AT,CH,DE,IT,LI]"
                regions="[18,4,21]"
                sortOrder="{Long}9700"
                title="Equity Platform"/>
        </platforms>
    </externalMetadata>
</jcr:root>
