<?xml version="1.0" encoding="UTF-8"?>
<jcr:root xmlns:jcr="http://www.jcp.org/jcr/1.0" xmlns:nt="http://www.jcp.org/jcr/nt/1.0" xmlns:mix="http://www.jcp.org/jcr/mix/1.0" xmlns:cq="http://www.day.com/jcr/cq/1.0" xmlns:sling="http://sling.apache.org/jcr/sling/1.0"
    jcr:primaryType="cq:Page">
    <jcr:content
        cq:isDelivered="{Boolean}false"
        cq:lastModified="{Date}2024-10-30T20:02:48.430Z"
        cq:lastModifiedBy="products-service-user"
        cq:lastReplicated="{Date}2024-10-25T16:03:04.690Z"
        cq:lastReplicated_publish="{Date}2024-10-25T16:03:04.690Z"
        cq:lastReplicatedBy="sophia.ponce@lazard.com"
        cq:lastReplicatedBy_publish="sophia.ponce@lazard.com"
        cq:lastReplicationAction="Activate"
        cq:lastReplicationAction_publish="Activate"
        cq:template="/conf/lam/settings/wcm/templates/fund-detail"
        jcr:isCheckedOut="{Boolean}true"
        jcr:mixinTypes="[cq:ReplicationStatus2,mix:versionable]"
        jcr:primaryType="cq:PageContent"
        jcr:title="Lazard Global Sustainable Fixed Income Fund"
        jcr:uuid="4cfd5c84-2e60-4996-a5ea-a37389a3408d"
        sling:resourceType="lam/components/page"
        productType="Fund">
        <root
            jcr:primaryType="nt:unstructured"
            sling:resourceType="lam/components/container"
            layout="responsiveGrid">
            <container
                jcr:primaryType="nt:unstructured"
                sling:resourceType="lam/components/container"
                layout="responsiveGrid"/>
        </root>
    </jcr:content>
    <productData
        jcr:primaryType="nt:unstructured"
        title="Lazard Global Sustainable Fixed Income Fund"
        type="Fund"/>
    <disclaimerMappings jcr:primaryType="nt:unstructured">
        <DisclaimerLabel
            jcr:primaryType="nt:unstructured"
            approvedLanguages="[en_us]"
            disclaimerPaths="[/content/dam/lazard-asset-management/disclaimers/en_us/2078031161]"
            isGlobalProductMapping="{Boolean}true"
            type="DisclaimerLabel"/>
    </disclaimerMappings>
    <externalMetadata
        jcr:primaryType="nt:unstructured"
        assetClasses="[Fixed Income]"
        availableOnInvestmentPlatform="{Boolean}true"
        benchmarkName="Bloomberg Global Aggregate Index"
        category="Fixed Income"
        categorySortOrder="{Long}300"
        distributionDate="April and October"
        hasSMAonly="{Boolean}false"
        languages="[da-dk,de-at,de-ch,de-de,en-au,en-de,en-gb,en-us,fii-fi,fr-be,fr-ca,fr-fr,it-de,it-it,nb-no,sv-se]"
        pmTeamAsOfDate="2024-09-30"
        sfdrCategory="{Long}8"
        sortOrderWithinCategory="{Long}670"
        strategyId="{Long}23"
        subStrategyId="{Long}167"
        suppressBenchmarks="{Boolean}false"
        umbrellaName="LGAF"
        umbrellaNumDigitsDividend="{Long}9"
        umbrellaNumDigitsNav="{Long}4">
        <investmentPlatforms jcr:primaryType="nt:unstructured">
            <_x0032_
                jcr:primaryType="nt:unstructured"
                countries="[CA,US]"
                name="Pershing"/>
        </investmentPlatforms>
        <productLanguages jcr:primaryType="nt:unstructured">
            <en-us
                jcr:primaryType="nt:unstructured"
                shortDesc="Lazard's Global Sustainable Fixed Income Fund is a global diversified portfolio of high quality fixed income securities. The Fund seeks to achieve an attractive level of return from an actively managed portfolio of government bonds and investment grade / non-investment grade fixed income securities."/>
            <de-de
                jcr:primaryType="nt:unstructured"
                germanyFundObjective="Maximierung der Gesamtrendite aus einer Kombination von laufenden Zinserträgen und Kapitalwachstum durch die Anlage in globale Anleihen."
                shortDesc="Der Lazard Global Sustainable Fixed Income Fund ist ein weltweit diversifiziertes Portfolio aus hochwertigen festverzinslichen Wertpapieren. Der Fonds strebt eine attraktive Rendite aus einem aktiv verwalteten Portfolio aus Staatsanleihen und festverzinslichen Wertpapieren mit Investment Grade und Non-Investment Grade-Rating an."/>
            <en-gb
                jcr:primaryType="nt:unstructured"
                shortDesc="Lazard's Global Sustainable Fixed Income Fund is a global diversified portfolio of high quality fixed income securities. The Fund seeks to achieve an attractive level of return from an actively managed portfolio of government bonds and investment grade / non-investment grade fixed income securities."/>
        </productLanguages>
        <defaultShareClass
            jcr:primaryType="nt:unstructured"
            AT="{Long}901"
            CH="{Long}901"
            DE="{Long}901"
            DK="{Long}901"
            FI="{Long}901"
            GB="{Long}901"
            HK="{Long}901"
            IE="{Long}901"
            IT="{Long}901"
            NL="{Long}901"
            NO="{Long}901"
            SE="{Long}901"
            SG="{Long}901"/>
        <pmTeamMembers jcr:primaryType="nt:unstructured">
            <_x0030_
                jcr:primaryType="nt:unstructured"
                bioId="{Long}99"
                firstName="Benjamin"
                isLead="{Boolean}true"
                lastName="Dietrich"
                sortOrder="{Long}1"/>
            <_x0031_
                jcr:primaryType="nt:unstructured"
                bioId="{Long}443"
                firstName="Michael"
                isLead="{Boolean}true"
                lastName="Weidner"
                sortOrder="{Long}1"/>
            <_x0032_
                jcr:primaryType="nt:unstructured"
                bioId="{Long}1195"
                firstName="Michal"
                isLead="{Boolean}false"
                lastName="Chrobot"
                sortOrder="{Long}2"/>
            <_x0033_
                jcr:primaryType="nt:unstructured"
                bioId="{Long}88"
                firstName="Jared"
                isLead="{Boolean}false"
                lastName="Daniels"
                sortOrder="{Long}2"/>
            <_x0034_
                jcr:primaryType="nt:unstructured"
                bioId="{Long}365"
                firstName="Jan"
                isLead="{Boolean}false"
                lastName="Schopen"
                sortOrder="{Long}2"/>
        </pmTeamMembers>
        <shareClasses jcr:primaryType="nt:unstructured">
            <_x0034_32
                jcr:primaryType="nt:unstructured"
                annualManagementCharge="1.00%"
                apir="N/A"
                countries="[AT,CH,DE,GB,IE,XX]"
                currency="USD"
                currencySymbol="US$"
                cusip="G5405X365"
                fundId="{Long}264"
                fundingStatus="Open"
                inceptionDate="2001-11-20"
                initialCharge="5.00%"
                isAuthorizedPending="{Boolean}false"
                isGLIF="{Boolean}false"
                isin="IE0030989507"
                isSMA="{Boolean}false"
                minimumInvestment="US$ 500"
                primaryBenchmark="Bloomberg Global Aggregate Index"
                sedol="3098950"
                ticker="LGAGHQR ID"
                title="B Dist USD"
                valoren="1351177"
                vehicleId="{Long}17"
                vehicleName="UCITS (Ireland)"
                wknCd="804244">
                <professionalOnlyCountries
                    jcr:primaryType="nt:unstructured"
                    AT="{Boolean}false"
                    CH="{Boolean}false"
                    DE="{Boolean}false"
                    GB="{Boolean}false"
                    IE="{Boolean}false"/>
            </_x0034_32>
            <_x0039_01
                jcr:primaryType="nt:unstructured"
                annualManagementCharge="0.50%"
                apir="N/A"
                countries="[AT,DE,GB,IE,IT,XX,US]"
                currency="USD"
                currencySymbol="US$"
                cusip="G5405X514"
                fundId="{Long}264"
                fundingStatus="Authorized/Pending"
                initialCharge="0.00%"
                isAuthorizedPending="{Boolean}true"
                isGLIF="{Boolean}false"
                isin="IE00B405ZR41"
                isSMA="{Boolean}false"
                minimumInvestment="US$ 250,000"
                primaryBenchmark="Bloomberg Global Aggregate Index"
                sedol="B405ZR4"
                ticker="LGHQIUA ID"
                title="A Acc USD"
                valoren="12878271"
                vehicleId="{Long}17"
                vehicleName="UCITS (Ireland)"
                wknCd="A1JSRB">
                <professionalOnlyCountries
                    jcr:primaryType="nt:unstructured"
                    AT="{Boolean}false"
                    DE="{Boolean}false"
                    GB="{Boolean}false"
                    IE="{Boolean}false"
                    IT="{Boolean}false"/>
                <investmentPlatforms jcr:primaryType="nt:unstructured">
                    <_x0032_
                        jcr:primaryType="nt:unstructured"
                        countries="[CA,US]"
                        name="Pershing"/>
                </investmentPlatforms>
            </_x0039_01>
            <_x0031_439
                jcr:primaryType="nt:unstructured"
                annualManagementCharge="0.50%"
                apir="N/A"
                countries="[CH,IE,XX,US]"
                currency="USD"
                currencySymbol="US$"
                cusip="G5S05B219"
                fundId="{Long}264"
                fundingStatus="Open"
                inceptionDate="2018-05-08"
                initialCharge="0.00%"
                isAuthorizedPending="{Boolean}false"
                isGLIF="{Boolean}false"
                isin="IE00B3XNPG79"
                isSMA="{Boolean}false"
                minimumInvestment="US$ 250,000"
                primaryBenchmark="Bloomberg Global Aggregate Index"
                sedol="B3XNPG7"
                ticker="LGHQIUD ID"
                title="A Dist USD"
                valoren="30712818"
                vehicleId="{Long}17"
                vehicleName="UCITS (Ireland)"
                wknCd="N/A">
                <professionalOnlyCountries
                    jcr:primaryType="nt:unstructured"
                    CH="{Boolean}false"
                    IE="{Boolean}false"/>
                <investmentPlatforms jcr:primaryType="nt:unstructured">
                    <_x0032_
                        jcr:primaryType="nt:unstructured"
                        countries="[CA,US]"
                        name="Pershing"/>
                </investmentPlatforms>
            </_x0031_439>
            <_x0034_208
                jcr:primaryType="nt:unstructured"
                annualManagementCharge="1.00%"
                countries="[CH,IE,XX]"
                currency="EUR"
                currencySymbol="€"
                fundId="{Long}264"
                fundingStatus="Open"
                inceptionDate="2019-03-14"
                initialCharge="5.00%"
                isAuthorizedPending="{Boolean}false"
                isGLIF="{Boolean}false"
                isin="IE00BJMDCB44"
                isSMA="{Boolean}false"
                minimumInvestment="US$ 500"
                primaryBenchmark="Bloomberg Global Aggregate Index"
                sedol="BJMDCB4"
                ticker="LZGFBEU ID"
                title="B Acc EUR Hedged"
                valoren="46640953"
                vehicleId="{Long}17"
                vehicleName="UCITS (Ireland)">
                <professionalOnlyCountries
                    jcr:primaryType="nt:unstructured"
                    CH="{Boolean}false"
                    IE="{Boolean}false"/>
            </_x0034_208>
            <_x0034_214
                jcr:primaryType="nt:unstructured"
                annualManagementCharge="1.50%"
                countries="[CH,IE,XX,US]"
                currency="USD"
                currencySymbol="US$"
                cusip="G5S05E635"
                fundId="{Long}264"
                fundingStatus="Open"
                inceptionDate="2018-05-08"
                initialCharge="5.00%"
                isAuthorizedPending="{Boolean}false"
                isGLIF="{Boolean}false"
                isin="IE00BF5L2R30"
                isSMA="{Boolean}false"
                minimumInvestment="US$ 500"
                primaryBenchmark="Bloomberg Global Aggregate Index"
                sedol="BF5L2R3"
                ticker="LGFBPDU ID"
                title="BP Dist USD"
                valoren="41792077"
                vehicleId="{Long}17"
                vehicleName="UCITS (Ireland)">
                <professionalOnlyCountries
                    jcr:primaryType="nt:unstructured"
                    CH="{Boolean}false"
                    IE="{Boolean}false"/>
                <investmentPlatforms jcr:primaryType="nt:unstructured">
                    <_x0032_
                        jcr:primaryType="nt:unstructured"
                        countries="[CA,US]"
                        name="Pershing"/>
                </investmentPlatforms>
            </_x0034_214>
            <_x0035_793
                jcr:primaryType="nt:unstructured"
                annualManagementCharge="1.50%"
                countries="[CH,IE,XX,US]"
                currency="USD"
                currencySymbol="US$"
                cusip="G5S05E858"
                fundId="{Long}264"
                fundingStatus="Open"
                inceptionDate="2018-05-08"
                initialCharge="5.00%"
                isAuthorizedPending="{Boolean}false"
                isGLIF="{Boolean}false"
                isin="IE00BF5GKH44"
                isSMA="{Boolean}false"
                minimumInvestment="US$ 500"
                primaryBenchmark="Bloomberg Global Aggregate Index"
                sedol="BF5GKH4"
                ticker="LGFBPAU"
                title="BP Acc USD"
                valoren="41792062"
                vehicleId="{Long}17"
                vehicleName="UCITS (Ireland)">
                <professionalOnlyCountries
                    jcr:primaryType="nt:unstructured"
                    CH="{Boolean}false"
                    IE="{Boolean}false"/>
                <investmentPlatforms jcr:primaryType="nt:unstructured">
                    <_x0032_
                        jcr:primaryType="nt:unstructured"
                        countries="[CA,US]"
                        name="Pershing"/>
                </investmentPlatforms>
            </_x0035_793>
            <_x0037_426
                jcr:primaryType="nt:unstructured"
                annualManagementCharge="0.00%"
                countries="[GB,IE,XX]"
                currency="USD"
                currencySymbol="US$"
                fundId="{Long}264"
                fundingStatus="Open"
                inceptionDate="2019-04-04"
                initialCharge="0.00%"
                isAuthorizedPending="{Boolean}false"
                isGLIF="{Boolean}false"
                isin="IE00BGPFV311"
                isSMA="{Boolean}false"
                minimumInvestment="US$ 1,000,000"
                primaryBenchmark="Bloomberg Global Aggregate Index"
                sedol="BGPFV31"
                title="M Acc USD "
                valoren="48036069"
                vehicleId="{Long}17"
                vehicleName="UCITS (Ireland)">
                <professionalOnlyCountries
                    jcr:primaryType="nt:unstructured"
                    GB="{Boolean}false"
                    IE="{Boolean}false"/>
            </_x0037_426>
        </shareClasses>
        <platforms jcr:primaryType="nt:unstructured">
            <_x0039_8
                jcr:primaryType="nt:unstructured"
                countries="[AE,AT,AU,BE,BH,BN,CA,CN,DE,DK,ES,FI,FR,GB,HK,ID,IE,IL,IT,JP,LU,MO,MT,MY,NL,NO,NZ,PG,PH,PT,SA,SE,SG,TH,TW,US,XX,ZA]"
                regions="[19,4,22,1,5,18,16,2,3]"
                sortOrder="{Long}700"
                title="Fixed Income Platform"/>
        </platforms>
    </externalMetadata>
</jcr:root>
