<?xml version="1.0" encoding="UTF-8"?>
<jcr:root xmlns:jcr="http://www.jcp.org/jcr/1.0" xmlns:nt="http://www.jcp.org/jcr/nt/1.0" xmlns:cq="http://www.day.com/jcr/cq/1.0" xmlns:sling="http://sling.apache.org/jcr/sling/1.0"
    jcr:primaryType="cq:Page">
    <jcr:content
        cq:lastModified="{Date}2024-07-15T20:46:10.586Z"
        cq:lastModifiedBy="products-service-user"
        cq:template="/conf/lam/settings/wcm/templates/fund-detail"
        jcr:primaryType="cq:PageContent"
        jcr:title="Lazard European Equity Discovery"
        sling:resourceType="lam/components/page"
        productType="Fund">
        <root
            jcr:primaryType="nt:unstructured"
            sling:resourceType="lam/components/container"
            layout="responsiveGrid">
            <container
                jcr:primaryType="nt:unstructured"
                sling:resourceType="lam/components/container"
                layout="responsiveGrid"/>
        </root>
    </jcr:content>
    <productData
        jcr:primaryType="nt:unstructured"
        title="Lazard European Equity Discovery"
        type="Fund"/>
    <externalMetadata
        jcr:primaryType="nt:unstructured"
        assetClasses="[Equity]"
        availableOnInvestmentPlatform="{Boolean}false"
        categorySortOrder="{Long}999999"
        hasSMAonly="{Boolean}false"
        languages="[de-at,de-ch,de-de,en-au,en-de,en-gb,en-us]"
        pmTeamMembers="[]"
        sortOrderWithinCategory="{Long}99999"
        strategyId="{Long}255"
        subStrategyId="{Long}590"
        suppressBenchmarks="{Boolean}false"
        umbrellaNumDigitsDividend="{Long}4"
        umbrellaNumDigitsNav="{Long}4">
        <productLanguages jcr:primaryType="nt:unstructured">
            <en-gb
                jcr:primaryType="nt:unstructured"
                shortDesc="Lazard European Equity Discovery seeks to outperform the MSCI EMU Index over a market cycle of approximately 3 to 5 years. This equity strategy primarily invests in companies incorporated or domiciled in the eurozone. Up to 20% of the portfolio may be invested in European  countries outside the euro zone in order to capture  the investment team's best European ideas. The strategy is managed by a highly experienced team of portfolio managers and analysts. The portfolio is constructed from the bottom up and focuses on investing in companies with high or rising financial productivity that is sustainable over the long term and the trade-off between that and valuation. Stock-specific factors are expected to drive the portfolio's risk and return profile and the investment team seeks to ensure this through rigorous risk control. The portfolio's expected annual turnover is 40%-80% and it typically holds 40 to 70 securities."/>
        </productLanguages>
        <defaultShareClass jcr:primaryType="nt:unstructured"/>
        <shareClasses jcr:primaryType="nt:unstructured">
            <_x0036_741
                jcr:primaryType="nt:unstructured"
                countries="[AT,BS,DE,GB,XX]"
                currency="EUR"
                fundId="{Long}2601"
                fundingStatus="Open"
                inceptionDate="2018-03-20"
                isAuthorizedPending="{Boolean}false"
                isGLIF="{Boolean}false"
                isSMA="{Boolean}false"
                primaryBenchmark="MSCI EMU"
                vehicleId="{Long}1"
                vehicleName="Separate Account">
                <professionalOnlyCountries jcr:primaryType="nt:unstructured"/>
            </_x0036_741>
        </shareClasses>
        <platforms jcr:primaryType="nt:unstructured">
            <_x0039_6
                jcr:primaryType="nt:unstructured"
                countries="[GB]"
                regions="[2]"
                sortOrder="{Long}400"
                title="European Equity Platform"/>
            <_x0033_5745
                jcr:primaryType="nt:unstructured"
                countries="[AT,DE]"
                regions="[4]"
                sortOrder="{Long}9700"
                title="Equity Platform"/>
        </platforms>
    </externalMetadata>
</jcr:root>
