<?xml version="1.0" encoding="UTF-8"?>
<jcr:root xmlns:jcr="http://www.jcp.org/jcr/1.0" xmlns:nt="http://www.jcp.org/jcr/nt/1.0" xmlns:sling="http://sling.apache.org/jcr/sling/1.0" xmlns:cq="http://www.day.com/jcr/cq/1.0"
    jcr:primaryType="sling:OrderedFolder"
    jcr:title="156">
    <footer-disclaimer/>
    <performance/>
    <general-facts/>
    <allocation/>
    <characteristics/>
    <top-holdings/>
    <extra-content/>
    <jcr:content
        cq:isDelivered="{Boolean}false"
        cq:lastModified="{Date}2024-09-26T16:49:23.567Z"
        cq:lastModifiedBy="douglas.cifuentes@lazard.com"
        cq:lastReplicated="{Date}2024-09-26T16:50:04.165Z"
        cq:lastReplicated_publish="{Date}2024-09-26T16:50:04.165Z"
        cq:lastReplicatedBy="workflow-process-service"
        cq:lastReplicatedBy_publish="workflow-process-service"
        cq:lastReplicationAction="Activate"
        cq:lastReplicationAction_publish="Activate"
        cq:lastRolledout="{Date}2024-09-26T16:49:23.572Z"
        cq:lastRolledoutBy="douglas.cifuentes@lazard.com"
        jcr:mixinTypes="[cq:LiveRelationship,cq:LiveSync,cq:ReplicationStatus,cq:ReplicationStatus2]"
        jcr:primaryType="nt:unstructured">
        <cq:LiveSyncConfig
            cq:isDeep="{Boolean}true"
            cq:master="/content/experience-fragments/lam/language_masters/en/funds/156"
            cq:rolloutConfigs="[/libs/msm/wcm/rolloutconfigs/default]"
            jcr:primaryType="cq:LiveCopy"/>
    </jcr:content>
    <announcements/>
    <awards/>
    <pdp-hero/>
</jcr:root>
