<?xml version="1.0" encoding="UTF-8"?>
<jcr:root xmlns:jcr="http://www.jcp.org/jcr/1.0" xmlns:nt="http://www.jcp.org/jcr/nt/1.0" xmlns:mix="http://www.jcp.org/jcr/mix/1.0" xmlns:cq="http://www.day.com/jcr/cq/1.0" xmlns:sling="http://sling.apache.org/jcr/sling/1.0"
    jcr:primaryType="cq:Page">
    <jcr:content
        cq:isDelivered="{Boolean}false"
        cq:lastModified="{Date}2024-10-23T15:20:54.094Z"
        cq:lastModifiedBy="disclaimer-service-user"
        cq:lastReplicated="{Date}2024-10-21T17:39:13.198Z"
        cq:lastReplicated_publish="{Date}2024-10-21T17:39:13.198Z"
        cq:lastReplicatedBy="sophia.ponce@lazard.com"
        cq:lastReplicatedBy_publish="sophia.ponce@lazard.com"
        cq:lastReplicationAction="Activate"
        cq:lastReplicationAction_publish="Activate"
        cq:template="/conf/lam/settings/wcm/templates/fund-detail"
        jcr:isCheckedOut="{Boolean}true"
        jcr:mixinTypes="[cq:ReplicationStatus2,mix:versionable]"
        jcr:primaryType="cq:PageContent"
        jcr:title="Lazard Global Digital Health Fund"
        jcr:uuid="ec147a08-8e7f-4a70-8b4f-cddc60767851"
        sling:resourceType="lam/components/page"
        productType="Fund">
        <root
            jcr:primaryType="nt:unstructured"
            sling:resourceType="lam/components/container"
            layout="responsiveGrid">
            <container
                jcr:primaryType="nt:unstructured"
                sling:resourceType="lam/components/container"
                layout="responsiveGrid"/>
        </root>
    </jcr:content>
    <productData
        jcr:primaryType="nt:unstructured"
        title="Lazard Global Digital Health Fund"
        type="Fund"/>
    <externalMetadata
        jcr:primaryType="nt:unstructured"
        assetClasses="[Equity]"
        availableOnInvestmentPlatform="{Boolean}true"
        category="Equity"
        categorySortOrder="{Long}100"
        distributionDate="June"
        hasSMAonly="{Boolean}false"
        languages="[en-au,en-de,en-gb,en-us]"
        pmTeamAsOfDate="2024-09-30"
        sortOrderWithinCategory="{Long}99999"
        strategyId="{Long}291"
        subStrategyId="{Long}647"
        suppressBenchmarks="{Boolean}false"
        umbrellaNumDigitsDividend="{Long}4"
        umbrellaNumDigitsNav="{Long}4">
        <investmentPlatforms jcr:primaryType="nt:unstructured">
            <_x0036_0
                jcr:primaryType="nt:unstructured"
                countries="[AU,NZ,PG]"
                name="HUB24"/>
            <_x0036_2
                jcr:primaryType="nt:unstructured"
                countries="[AU,NZ,PG]"
                name="Praemium"/>
            <_x0031_00
                jcr:primaryType="nt:unstructured"
                countries="[AU,NZ,PG]"
                name="Power Wrap"/>
        </investmentPlatforms>
        <productLanguages jcr:primaryType="nt:unstructured">
            <en-au
                jcr:primaryType="nt:unstructured"
                shortDesc="The Lazard Global Digital Health Fund is a concentrated, unconstrained global equity strategy focused on innovative scientific and technological breakthroughs that are disrupting the health ecosystem. The Fund is benchmark-agnostic and generally includes 20 - 40 securities with a minimum market capitalisation of US$500mil at the time of initial purchase. The Fund's objective is to achieve total returns (including income and capital appreciation and before the deduction of fees and taxes) that exceed those of the MSCI World Index over the long-term."/>
        </productLanguages>
        <defaultShareClass
            jcr:primaryType="nt:unstructured"
            AU="{Long}10461"/>
        <pmTeamMembers jcr:primaryType="nt:unstructured">
            <_x0030_
                jcr:primaryType="nt:unstructured"
                bioId="{Long}991"
                displayName="Ryan P. Hutchinson"
                firstName="Ryan"
                isLead="{Boolean}false"
                lastName="Hutchinson"
                sortOrder="{Long}0"/>
            <_x0031_
                jcr:primaryType="nt:unstructured"
                bioId="{Long}992"
                displayName="Stefan J. Wimmer, CFA"
                firstName="Stefan"
                isLead="{Boolean}false"
                lastName="Wimmer"
                sortOrder="{Long}1"/>
        </pmTeamMembers>
        <shareClasses jcr:primaryType="nt:unstructured">
            <_x0031_0461
                jcr:primaryType="nt:unstructured"
                apir="LAZ2287AU"
                countries="[AU,XX]"
                currency="AUD"
                currencySymbol="A$"
                fundId="{Long}3981"
                fundingStatus="Open"
                inceptionDate="2021-02-25"
                isAuthorizedPending="{Boolean}false"
                isGLIF="{Boolean}false"
                isin="AU60LAZ22872"
                isSMA="{Boolean}false"
                minimumInvestment="A $20,000"
                title="W Class"
                vehicleId="{Long}14"
                vehicleName="Australian Unit Trust">
                <professionalOnlyCountries
                    jcr:primaryType="nt:unstructured"
                    AU="{Boolean}false"/>
                <investmentPlatforms jcr:primaryType="nt:unstructured">
                    <_x0036_0
                        jcr:primaryType="nt:unstructured"
                        countries="[AU,NZ,PG]"
                        name="HUB24"/>
                    <_x0036_2
                        jcr:primaryType="nt:unstructured"
                        countries="[AU,NZ,PG]"
                        name="Praemium"/>
                    <_x0031_00
                        jcr:primaryType="nt:unstructured"
                        countries="[AU,NZ,PG]"
                        name="Power Wrap"/>
                </investmentPlatforms>
            </_x0031_0461>
        </shareClasses>
        <platforms jcr:primaryType="nt:unstructured">
            <_x0039_2
                jcr:primaryType="nt:unstructured"
                countries="[AE,AU,BE,BH,CA,DK,ES,FI,FR,GB,IE,IL,JP,LU,MT,NL,NO,NZ,PG,PT,SA,SE,US,XX,ZA]"
                regions="[16,3,22,2,5,1]"
                sortOrder="{Long}100"
                title="Global Equity Platform"/>
            <_x0033_5745
                jcr:primaryType="nt:unstructured"
                countries="[AT,CH,DE,IT,LI]"
                regions="[18,4,21]"
                sortOrder="{Long}9700"
                title="Equity Platform"/>
        </platforms>
    </externalMetadata>
    <disclaimerMappings jcr:primaryType="nt:unstructured">
        <DisclaimerLabel
            jcr:primaryType="nt:unstructured"
            approvedLanguages="[en_us]"
            disclaimerPaths="[/content/dam/lazard-asset-management/disclaimers/en_us/2078031161]"
            isGlobalProductMapping="{Boolean}true"
            type="DisclaimerLabel"/>
        <DisclaimerPerformanceReview
            jcr:primaryType="nt:unstructured"
            approvedLanguages="[en_au,en_us]"
            disclaimerPaths="[/content/dam/lazard-asset-management/disclaimers/en_us/2039072473]"
            isGlobalProductMapping="{Boolean}false"
            placeholderKeys="[]"
            type="DisclaimerPerformanceReview"/>
        <DisclaimerRatings
            jcr:primaryType="nt:unstructured"
            approvedLanguages="[en_au,en_us]"
            disclaimerPaths="[/content/dam/lazard-asset-management/disclaimers/en_us/13343749]"
            isGlobalProductMapping="{Boolean}false"
            placeholderKeys="[]"
            type="DisclaimerRatings"/>
        <DisclaimerCharacteristics
            jcr:primaryType="nt:unstructured"
            approvedLanguages="[en_us]"
            disclaimerPaths="[/content/dam/lazard-asset-management/disclaimers/en_us/812280441]"
            isGlobalProductMapping="{Boolean}false"
            type="DisclaimerCharacteristics"/>
        <DisclaimerDividends
            jcr:primaryType="nt:unstructured"
            approvedLanguages="[en_us]"
            disclaimerPaths="[/content/dam/lazard-asset-management/disclaimers/en_us/492825377]"
            isGlobalProductMapping="{Boolean}false"
            type="DisclaimerDividends"/>
        <DisclaimerTop10Holdings
            jcr:primaryType="nt:unstructured"
            approvedLanguages="[en_us]"
            disclaimerPaths="[/content/dam/lazard-asset-management/disclaimers/en_us/647893940]"
            isGlobalProductMapping="{Boolean}false"
            type="DisclaimerTop10Holdings"/>
    </disclaimerMappings>
</jcr:root>
