<?xml version="1.0" encoding="UTF-8"?>
<jcr:root xmlns:jcr="http://www.jcp.org/jcr/1.0" xmlns:nt="http://www.jcp.org/jcr/nt/1.0" xmlns:cq="http://www.day.com/jcr/cq/1.0" xmlns:sling="http://sling.apache.org/jcr/sling/1.0"
    jcr:primaryType="cq:Page">
    <jcr:content
        cq:lastModified="{Date}2024-10-23T15:20:06.587Z"
        cq:lastModifiedBy="disclaimer-service-user"
        cq:template="/conf/lam/settings/wcm/templates/fund-detail"
        jcr:primaryType="cq:PageContent"
        jcr:title="Lazard Global Convertibles - Investment Grade"
        sling:resourceType="lam/components/page"
        productType="Fund">
        <root
            jcr:primaryType="nt:unstructured"
            sling:resourceType="lam/components/container"
            layout="responsiveGrid">
            <container
                jcr:primaryType="nt:unstructured"
                sling:resourceType="lam/components/container"
                layout="responsiveGrid"/>
        </root>
    </jcr:content>
    <productData
        jcr:primaryType="nt:unstructured"
        title="Lazard Global Convertibles - Investment Grade"
        type="Fund"/>
    <externalMetadata
        jcr:primaryType="nt:unstructured"
        assetClasses="[Fixed Income]"
        availableOnInvestmentPlatform="{Boolean}false"
        category="Fixed Income"
        categorySortOrder="{Long}300"
        hasSMAonly="{Boolean}false"
        languages="[da-dk,de-at,de-ch,de-de,en-au,en-de,en-gb,en-us,es-es,fii-fi,fr-be,fr-fr,nb-no,nl-nl,sv-se]"
        pmTeamAsOfDate="2024-09-30"
        pmTeamMembers="[]"
        sortOrderWithinCategory="{Long}680"
        strategyId="{Long}216"
        subStrategyId="{Long}608"
        suppressBenchmarks="{Boolean}false"
        umbrellaNumDigitsDividend="{Long}4"
        umbrellaNumDigitsNav="{Long}4">
        <productLanguages jcr:primaryType="nt:unstructured">
            <en-us
                jcr:primaryType="nt:unstructured"
                productHighlight="The strategy utilizes  bottom-up fundamental analysis and active management enabling the team to  identify potential opportunities beyond the benchmark.&#xd;&#xa;The structure of a convertible security sets it apart — it is a bond that gives its holder the option to convert it into equity at a predetermined price.&#xd;&#xa;The combination of bond-like downside protection with an option on upside equity participation has historically made convertibles one of the most dependable investments.&#xd;&#xa;The convertible’s equity option makes it one of the few investments that can potentially come out ahead of volatility."/>
            <en-gb
                jcr:primaryType="nt:unstructured"
                productHighlight="The strategy utilizes  bottom-up fundamental analysis and active management enabling the team to  identify potential opportunities beyond the benchmark.&#xd;&#xa;The structure of a convertible security sets it apart — it is a bond that gives its holder the option to convert it into equity at a predetermined price.&#xd;&#xa;The combination of bond-like downside protection with an option on upside equity participation has historically made convertibles one of the most dependable investments.&#xd;&#xa;The convertible’s equity option makes it one of the few investments that can potentially come out ahead of volatility."/>
        </productLanguages>
        <defaultShareClass jcr:primaryType="nt:unstructured"/>
        <shareClasses jcr:primaryType="nt:unstructured">
            <_x0039_542
                jcr:primaryType="nt:unstructured"
                countries="[AE,AT,BH,BS,DE,DK,ES,FI,GB,IE,IL,LU,MT,NL,NO,SA,SE,XX,ZA,XX]"
                fundId="{Long}3522"
                fundingStatus="Open"
                isAuthorizedPending="{Boolean}false"
                isGLIF="{Boolean}false"
                isSMA="{Boolean}false"
                vehicleId="{Long}1"
                vehicleName="Separate Account">
                <professionalOnlyCountries jcr:primaryType="nt:unstructured"/>
            </_x0039_542>
        </shareClasses>
        <platforms jcr:primaryType="nt:unstructured">
            <_x0039_8
                jcr:primaryType="nt:unstructured"
                countries="[AE,BH,DK,ES,FI,GB,IE,IL,LU,MT,NL,NO,SA,SE,XX,ZA]"
                regions="[2,3]"
                sortOrder="{Long}700"
                title="Fixed Income Platform"/>
            <_x0033_9865
                jcr:primaryType="nt:unstructured"
                countries="[AT,DE]"
                regions="[4]"
                sortOrder="{Long}650"
                title="Convertibles Platform"/>
        </platforms>
    </externalMetadata>
    <disclaimerMappings jcr:primaryType="nt:unstructured">
        <DisclaimerLabel
            jcr:primaryType="nt:unstructured"
            approvedLanguages="[en_us]"
            disclaimerPaths="[/content/dam/lazard-asset-management/disclaimers/en_us/2078031161]"
            isGlobalProductMapping="{Boolean}true"
            type="DisclaimerLabel"/>
    </disclaimerMappings>
</jcr:root>
