<?xml version="1.0" encoding="UTF-8"?>
<jcr:root xmlns:jcr="http://www.jcp.org/jcr/1.0" xmlns:nt="http://www.jcp.org/jcr/nt/1.0" xmlns:mix="http://www.jcp.org/jcr/mix/1.0" xmlns:cq="http://www.day.com/jcr/cq/1.0" xmlns:sling="http://sling.apache.org/jcr/sling/1.0"
    jcr:primaryType="cq:Page">
    <jcr:content
        cq:isDelivered="{Boolean}false"
        cq:lastModified="{Date}2024-08-06T19:18:27.349Z"
        cq:lastModifiedBy="sophia.ponce@lazard.com"
        cq:lastReplicated="{Date}2024-10-08T15:27:07.520Z"
        cq:lastReplicated_publish="{Date}2024-10-08T15:27:07.520Z"
        cq:lastReplicatedBy="sophia.ponce@lazard.com"
        cq:lastReplicatedBy_publish="sophia.ponce@lazard.com"
        cq:lastReplicationAction="Activate"
        cq:lastReplicationAction_publish="Activate"
        cq:lastRolledout="{Date}2024-05-30T16:54:09.850Z"
        cq:lastRolledoutBy="bassel.eladas@lazard.com"
        cq:template="/conf/lam/settings/wcm/templates/thought-leadership-hub"
        jcr:isCheckedOut="{Boolean}true"
        jcr:mixinTypes="[cq:LiveRelationship,cq:ReplicationStatus2,mix:versionable]"
        jcr:primaryType="cq:PageContent"
        jcr:title="How To Invest"
        jcr:uuid="95df5246-9102-4982-82d3-430c5950ed03"
        sling:resourceType="lam/components/page"
        category="strategy"
        headerTheme="dark"
        linkType="internal"
        nodesMoved="{Boolean}true"
        pageProductData="fund-listing">
        <root
            cq:lastRolledout="{Date}2024-05-30T16:54:09.846Z"
            cq:lastRolledoutBy="bassel.eladas@lazard.com"
            jcr:mixinTypes="[cq:LiveRelationship]"
            jcr:primaryType="nt:unstructured"
            sling:resourceType="lam/components/container"
            layout="responsiveGrid">
            <container
                jcr:primaryType="nt:unstructured"
                sling:resourceType="lam/components/container"
                layout="responsiveGrid">
                <container
                    cq:lastRolledout="{Date}2024-05-30T16:54:09.849Z"
                    cq:lastRolledoutBy="bassel.eladas@lazard.com"
                    jcr:mixinTypes="[cq:LiveRelationship]"
                    jcr:primaryType="nt:unstructured"
                    sling:resourceType="lam/components/container"
                    layout="responsiveGrid"/>
            </container>
        </root>
    </jcr:content>
    <managed-funds/>
    <etfs/>
    <how-to-invest/>
    <updated-information/>
    <annual-financial-reports/>
    <certification-of-documents/>
    <_x0031_/>
    <_x0031_4/>
</jcr:root>
