<?xml version="1.0" encoding="UTF-8"?>
<jcr:root xmlns:jcr="http://www.jcp.org/jcr/1.0" xmlns:nt="http://www.jcp.org/jcr/nt/1.0" xmlns:mix="http://www.jcp.org/jcr/mix/1.0" xmlns:cq="http://www.day.com/jcr/cq/1.0" xmlns:sling="http://sling.apache.org/jcr/sling/1.0"
    jcr:primaryType="cq:Page">
    <jcr:content
        cq:isDelivered="{Boolean}false"
        cq:lastModified="{Date}2024-10-30T20:25:56.094Z"
        cq:lastModifiedBy="products-service-user"
        cq:lastReplicated="{Date}2024-10-25T16:03:04.690Z"
        cq:lastReplicated_publish="{Date}2024-10-25T16:03:04.690Z"
        cq:lastReplicatedBy="sophia.ponce@lazard.com"
        cq:lastReplicatedBy_publish="sophia.ponce@lazard.com"
        cq:lastReplicationAction="Activate"
        cq:lastReplicationAction_publish="Activate"
        cq:template="/conf/lam/settings/wcm/templates/fund-detail"
        jcr:isCheckedOut="{Boolean}true"
        jcr:mixinTypes="[cq:ReplicationStatus2,mix:versionable]"
        jcr:primaryType="cq:PageContent"
        jcr:title="Lazard Global Quality Growth Fund"
        jcr:uuid="71e33dac-2fa0-4cdc-b202-95ff7b4ba15c"
        sling:resourceType="lam/components/page"
        productType="Fund">
        <root
            jcr:primaryType="nt:unstructured"
            sling:resourceType="lam/components/container"
            layout="responsiveGrid">
            <container
                jcr:primaryType="nt:unstructured"
                sling:resourceType="lam/components/container"
                layout="responsiveGrid"/>
        </root>
    </jcr:content>
    <productData
        jcr:primaryType="nt:unstructured"
        title="Lazard Global Quality Growth Fund"
        type="Fund"/>
    <disclaimerMappings jcr:primaryType="nt:unstructured">
        <DisclaimerLabel
            jcr:primaryType="nt:unstructured"
            approvedLanguages="[en_us]"
            disclaimerPaths="[/content/dam/lazard-asset-management/disclaimers/en_us/2078031161]"
            isGlobalProductMapping="{Boolean}true"
            type="DisclaimerLabel"/>
    </disclaimerMappings>
    <externalMetadata
        jcr:primaryType="nt:unstructured"
        assetClasses="[Equity]"
        availableOnInvestmentPlatform="{Boolean}false"
        benchmarkName="MSCI World Index"
        categorySortOrder="{Long}999999"
        distributionDate="April and October"
        hasSMAonly="{Boolean}false"
        languages="[de-at,de-ch,de-de,en-au,en-de,en-gb,en-us,fr-be,fr-ca,fr-fr,it-de,it-it]"
        pmTeamAsOfDate="2024-09-30"
        sfdrCategory="{Long}8"
        sortOrderWithinCategory="{Long}99999"
        strategyId="{Long}182"
        subStrategyId="{Long}387"
        suppressBenchmarks="{Boolean}false"
        umbrellaName="LGIF"
        umbrellaNumDigitsDividend="{Long}4"
        umbrellaNumDigitsNav="{Long}4">
        <productLanguages jcr:primaryType="nt:unstructured">
            <en-gb
                jcr:primaryType="nt:unstructured"
                shortDesc="The Lazard Global Quality Growth Fund seeks to generate strong relative returns over a full market cycle by investing solely in &quot;Compounders&quot;, the world's leading companies that can generate, and sustain, the highest levels of financial productivity (i.e., return on equity, return on capital, and cashflow return on investment). In this Fund, we focus mainly on identifying high quality companies that are able to reinvest a significant portion of their cash flows back into their business at similarly attractive rates of return. "/>
            <de-de
                jcr:primaryType="nt:unstructured"
                shortDesc="Der Lazard Global Quality Growth Fund strebt die Erzielung starker relativer Renditen über einen gesamten Marktzyklus an, indem er ausschließlich in sogenannte &quot;Compounder&quot; investiert, d.h. in die weltweit führenden Unternehmen, welche das höchste Niveau an finanzieller Produktivität (sprich Eigenkapitalrendite, Kapitalrendite und Cashflow-Rendite) erzielen und halten können. In diesem Fonds konzentrieren wir uns hauptsächlich auf die Suche nach qualitativ hochwertigen Unternehmen, die in der Lage sind, einen erheblichen Teil ihrer Cashflows zu ähnlich attraktiven Renditen wieder in ihr Geschäft zu investieren."/>
        </productLanguages>
        <defaultShareClass
            jcr:primaryType="nt:unstructured"
            AT="{Long}12082"
            DE="{Long}12082"
            GB="{Long}12058"
            IE="{Long}12082"
            LI="{Long}12082"/>
        <pmTeamMembers jcr:primaryType="nt:unstructured">
            <_x0030_
                jcr:primaryType="nt:unstructured"
                bioId="{Long}120"
                firstName="Louis"
                isLead="{Boolean}true"
                lastName="Florentin-Lee"
                sortOrder="{Long}1"/>
            <_x0031_
                jcr:primaryType="nt:unstructured"
                bioId="{Long}453"
                firstName="Barney"
                isLead="{Boolean}true"
                lastName="Wilson"
                sortOrder="{Long}1"/>
            <_x0032_
                jcr:primaryType="nt:unstructured"
                bioId="{Long}119"
                firstName="Martin"
                isLead="{Boolean}false"
                lastName="Flood"
                sortOrder="{Long}2"/>
            <_x0033_
                jcr:primaryType="nt:unstructured"
                bioId="{Long}332"
                firstName="Jessica"
                isLead="{Boolean}false"
                lastName="Kittay"
                sortOrder="{Long}2"/>
            <_x0034_
                jcr:primaryType="nt:unstructured"
                bioId="{Long}855"
                firstName="Stephen"
                isLead="{Boolean}false"
                lastName="Tong"
                sortOrder="{Long}2"/>
        </pmTeamMembers>
        <shareClasses jcr:primaryType="nt:unstructured">
            <_x0031_1982
                jcr:primaryType="nt:unstructured"
                countries="[AT,DE,IE,XX]"
                currency="EUR"
                currencySymbol="€"
                fundId="{Long}4441"
                fundingStatus="Authorized/Pending"
                initialCharge="3.00%"
                isAuthorizedPending="{Boolean}true"
                isGLIF="{Boolean}false"
                isin="IE000HSTHIQ9"
                isSMA="{Boolean}false"
                minimumInvestment="US$ 250,000"
                primaryBenchmark="MSCI World Index"
                sedol="BMX85Z4"
                ticker="LAGQGAH"
                title="A Dist EUR Hedged"
                valoren="116473022"
                vehicleId="{Long}17"
                vehicleName="UCITS (Ireland)"
                wknCd="A3D04H">
                <professionalOnlyCountries
                    jcr:primaryType="nt:unstructured"
                    AT="{Boolean}false"
                    DE="{Boolean}false"
                    IE="{Boolean}false"/>
            </_x0031_1982>
            <_x0031_1985
                jcr:primaryType="nt:unstructured"
                countries="[AT,DE,IE,XX]"
                currency="EUR"
                currencySymbol="€"
                fundId="{Long}4441"
                fundingStatus="Authorized/Pending"
                initialCharge="3.00%"
                isAuthorizedPending="{Boolean}true"
                isGLIF="{Boolean}false"
                isin="IE000CEAOOS0"
                isSMA="{Boolean}false"
                minimumInvestment="US$ 500"
                primaryBenchmark="MSCI World Index"
                sedol="BMX85Y3"
                ticker="LAGQGBP"
                title="BP Dist EUR Hedged"
                valoren="116474456"
                vehicleId="{Long}17"
                vehicleName="UCITS (Ireland)"
                wknCd="A3D04G">
                <professionalOnlyCountries
                    jcr:primaryType="nt:unstructured"
                    AT="{Boolean}false"
                    DE="{Boolean}false"
                    IE="{Boolean}false"/>
            </_x0031_1985>
            <_x0031_1987
                jcr:primaryType="nt:unstructured"
                countries="[AT,DE,IE,XX]"
                currency="EUR"
                currencySymbol="€"
                fundId="{Long}4441"
                fundingStatus="Authorized/Pending"
                initialCharge="3.00%"
                isAuthorizedPending="{Boolean}true"
                isGLIF="{Boolean}false"
                isin="IE000FNOQ6T7"
                isSMA="{Boolean}false"
                minimumInvestment="US$ 500"
                primaryBenchmark="MSCI World Index"
                sedol="BNYMBW1"
                ticker="LAGQGEH"
                title="EA Dist EUR Hedged"
                valoren="115951674"
                vehicleId="{Long}17"
                vehicleName="UCITS (Ireland)"
                wknCd="A3DC0K">
                <professionalOnlyCountries
                    jcr:primaryType="nt:unstructured"
                    AT="{Boolean}false"
                    DE="{Boolean}false"
                    IE="{Boolean}false"/>
            </_x0031_1987>
            <_x0031_1989
                jcr:primaryType="nt:unstructured"
                countries="[GB,IE,XX]"
                currency="GBP"
                currencySymbol="£"
                fundId="{Long}4441"
                fundingStatus="Authorized/Pending"
                initialCharge="3.00%"
                isAuthorizedPending="{Boolean}true"
                isGLIF="{Boolean}false"
                isin="IE000JWKKCD1"
                isSMA="{Boolean}false"
                minimumInvestment="US$ 250,000"
                primaryBenchmark="MSCI World Index"
                sedol="BL6LTG2"
                ticker="LAGQGAP ID"
                title="A Dist GBP "
                valoren="116249891"
                vehicleId="{Long}17"
                vehicleName="UCITS (Ireland)"
                wknCd="A3DCXR">
                <professionalOnlyCountries
                    jcr:primaryType="nt:unstructured"
                    GB="{Boolean}false"
                    IE="{Boolean}false"/>
            </_x0031_1989>
            <_x0031_1993
                jcr:primaryType="nt:unstructured"
                countries="[GB,IE,XX]"
                currency="GBP"
                currencySymbol="£"
                fundId="{Long}4441"
                fundingStatus="Authorized/Pending"
                initialCharge="3.00%"
                isAuthorizedPending="{Boolean}true"
                isGLIF="{Boolean}false"
                isin="IE000XYF79C1"
                isSMA="{Boolean}false"
                primaryBenchmark="MSCI World Index"
                sedol="BL6LTD9"
                ticker="LAGQGCI ID"
                title="C Dist GBP "
                valoren="116202156"
                vehicleId="{Long}17"
                vehicleName="UCITS (Ireland)"
                wknCd="A3DCXP">
                <professionalOnlyCountries
                    jcr:primaryType="nt:unstructured"
                    GB="{Boolean}false"
                    IE="{Boolean}false"/>
            </_x0031_1993>
            <_x0031_1994
                jcr:primaryType="nt:unstructured"
                countries="[GB,IE,XX]"
                currency="GBP"
                currencySymbol="£"
                fundId="{Long}4441"
                fundingStatus="Authorized/Pending"
                initialCharge="3.00%"
                isAuthorizedPending="{Boolean}true"
                isGLIF="{Boolean}false"
                isin="IE000GDXZ976"
                isSMA="{Boolean}false"
                primaryBenchmark="MSCI World Index"
                sedol="BL6LTB7"
                ticker="LAGQGEA ID"
                title="EA Dist GBP"
                valoren="116270664"
                vehicleId="{Long}17"
                vehicleName="UCITS (Ireland)"
                wknCd="A3DCXM">
                <professionalOnlyCountries
                    jcr:primaryType="nt:unstructured"
                    GB="{Boolean}false"
                    IE="{Boolean}false"/>
            </_x0031_1994>
            <_x0031_2034
                jcr:primaryType="nt:unstructured"
                countries="[CH,IE,LI,XX]"
                currency="CHF"
                fundId="{Long}4441"
                fundingStatus="Authorized/Pending"
                initialCharge="3.00%"
                isAuthorizedPending="{Boolean}true"
                isGLIF="{Boolean}false"
                isin="IE00023F4SP9"
                isSMA="{Boolean}false"
                minimumInvestment="US$ 250,000"
                primaryBenchmark="MSCI World Index"
                sedol="BMX8606"
                ticker="LAIFPAC ID"
                title="A Acc CHF Hedged"
                valoren="115421281"
                vehicleId="{Long}17"
                vehicleName="UCITS (Ireland)"
                wknCd="A3D04J">
                <professionalOnlyCountries
                    jcr:primaryType="nt:unstructured"
                    CH="{Boolean}false"
                    IE="{Boolean}false"
                    LI="{Boolean}false"/>
            </_x0031_2034>
            <_x0031_2038
                jcr:primaryType="nt:unstructured"
                countries="[CH,IE,LI,XX]"
                currency="CHF"
                fundId="{Long}4441"
                fundingStatus="Authorized/Pending"
                initialCharge="3.00%"
                isAuthorizedPending="{Boolean}true"
                isGLIF="{Boolean}false"
                isin="IE0006TXKJN0"
                isSMA="{Boolean}false"
                minimumInvestment="US$ 500"
                primaryBenchmark="MSCI World Index"
                sedol="BNYMBX2"
                ticker="LAIFPCH ID"
                title="C Acc CHF Hedged"
                valoren="115413361"
                vehicleId="{Long}17"
                vehicleName="UCITS (Ireland)"
                wknCd="A3DC0L">
                <professionalOnlyCountries
                    jcr:primaryType="nt:unstructured"
                    CH="{Boolean}false"
                    IE="{Boolean}false"
                    LI="{Boolean}false"/>
            </_x0031_2038>
            <_x0031_2039
                jcr:primaryType="nt:unstructured"
                countries="[CH,IE,LI,XX]"
                currency="CHF"
                fundId="{Long}4441"
                fundingStatus="Open"
                inceptionDate="2023-02-15"
                initialCharge="3.00%"
                isAuthorizedPending="{Boolean}false"
                isGLIF="{Boolean}false"
                isin="IE000MZSRUW8"
                isSMA="{Boolean}false"
                minimumInvestment="US$ 500"
                primaryBenchmark="MSCI World Index"
                sedol="BNYMC06"
                ticker="LAIFPEH ID"
                title="EA Acc CHF Hedged"
                valoren="115413390"
                vehicleId="{Long}17"
                vehicleName="UCITS (Ireland)"
                wknCd="A3DC0P">
                <professionalOnlyCountries
                    jcr:primaryType="nt:unstructured"
                    CH="{Boolean}false"
                    IE="{Boolean}false"
                    LI="{Boolean}false"/>
            </_x0031_2039>
            <_x0031_2048
                jcr:primaryType="nt:unstructured"
                countries="[AT,CH,DE,IE,LI,XX]"
                currency="EUR"
                currencySymbol="€"
                fundId="{Long}4441"
                fundingStatus="Open"
                inceptionDate="2023-06-01"
                initialCharge="3.00%"
                isAuthorizedPending="{Boolean}false"
                isGLIF="{Boolean}false"
                isin="IE000NV3SRJ7"
                isSMA="{Boolean}false"
                minimumInvestment="US$ 250,000"
                primaryBenchmark="MSCI World Index"
                sedol="BNYMBS7"
                ticker="LAIFPAH ID"
                title="A Acc EUR Hedged"
                valoren="115413491"
                vehicleId="{Long}17"
                vehicleName="UCITS (Ireland)"
                wknCd="A3DC0G">
                <professionalOnlyCountries
                    jcr:primaryType="nt:unstructured"
                    AT="{Boolean}false"
                    CH="{Boolean}false"
                    DE="{Boolean}false"
                    IE="{Boolean}false"
                    LI="{Boolean}false"/>
            </_x0031_2048>
            <_x0031_2052
                jcr:primaryType="nt:unstructured"
                countries="[CH,IE,LI,XX]"
                currency="EUR"
                currencySymbol="€"
                fundId="{Long}4441"
                fundingStatus="Authorized/Pending"
                initialCharge="3.00%"
                isAuthorizedPending="{Boolean}true"
                isGLIF="{Boolean}false"
                isin="IE000UEQQLG4"
                isSMA="{Boolean}false"
                minimumInvestment="US$ 500"
                primaryBenchmark="MSCI World Index"
                sedol="BNYMBY3"
                ticker="LAIFPCE ID"
                title="C Acc EUR Hedged"
                valoren="115413118"
                vehicleId="{Long}17"
                vehicleName="UCITS (Ireland)"
                wknCd="A3DC0M">
                <professionalOnlyCountries
                    jcr:primaryType="nt:unstructured"
                    CH="{Boolean}false"
                    IE="{Boolean}false"
                    LI="{Boolean}false"/>
            </_x0031_2052>
            <_x0031_2053
                jcr:primaryType="nt:unstructured"
                countries="[AT,CH,DE,IE,LI,XX]"
                currency="EUR"
                currencySymbol="€"
                fundId="{Long}4441"
                fundingStatus="Authorized/Pending"
                initialCharge="3.00%"
                isAuthorizedPending="{Boolean}true"
                isGLIF="{Boolean}false"
                isin="IE00018ZTRM8"
                isSMA="{Boolean}false"
                minimumInvestment="US$ 500"
                primaryBenchmark="MSCI World Index"
                sedol="BNYMBV0"
                ticker="LAIFPEA ID"
                title="EA Acc EUR Hedged"
                valoren="115421280"
                vehicleId="{Long}17"
                vehicleName="UCITS (Ireland)"
                wknCd="A3DC0J">
                <professionalOnlyCountries
                    jcr:primaryType="nt:unstructured"
                    AT="{Boolean}false"
                    CH="{Boolean}false"
                    DE="{Boolean}false"
                    IE="{Boolean}false"
                    LI="{Boolean}false"/>
            </_x0031_2053>
            <_x0031_2055
                jcr:primaryType="nt:unstructured"
                countries="[GB,IE,XX]"
                currency="GBP"
                currencySymbol="£"
                fundId="{Long}4441"
                fundingStatus="Authorized/Pending"
                initialCharge="3.00%"
                isAuthorizedPending="{Boolean}true"
                isGLIF="{Boolean}false"
                isin="IE0001IBORB0"
                isSMA="{Boolean}false"
                minimumInvestment="US$ 250,000"
                primaryBenchmark="MSCI World Index"
                sedol="BL6LTF1"
                ticker="LAGQGAG ID"
                title="A Acc GBP "
                valoren="116270626"
                vehicleId="{Long}17"
                vehicleName="UCITS (Ireland)"
                wknCd="A3DCXQ">
                <professionalOnlyCountries
                    jcr:primaryType="nt:unstructured"
                    GB="{Boolean}false"
                    IE="{Boolean}false"/>
            </_x0031_2055>
            <_x0031_2058
                jcr:primaryType="nt:unstructured"
                countries="[GB,IE,XX]"
                currency="GBP"
                currencySymbol="£"
                fundId="{Long}4441"
                fundingStatus="Open"
                inceptionDate="2022-09-14"
                initialCharge="3.00%"
                isAuthorizedPending="{Boolean}false"
                isGLIF="{Boolean}false"
                isin="IE000840DLZ7"
                isSMA="{Boolean}false"
                minimumInvestment="US$ 500"
                primaryBenchmark="MSCI World Index"
                sedol="BL6LTC8"
                ticker="LAGQGCG ID"
                title="C Acc GBP"
                valoren="116278118"
                vehicleId="{Long}17"
                vehicleName="UCITS (Ireland)"
                wknCd="A3DCXN">
                <professionalOnlyCountries
                    jcr:primaryType="nt:unstructured"
                    GB="{Boolean}false"
                    IE="{Boolean}false"/>
            </_x0031_2058>
            <_x0031_2059
                jcr:primaryType="nt:unstructured"
                countries="[GB,IE,XX]"
                currency="GBP"
                currencySymbol="£"
                fundId="{Long}4441"
                fundingStatus="Open"
                inceptionDate="2024-09-11"
                initialCharge="3.00%"
                isAuthorizedPending="{Boolean}false"
                isGLIF="{Boolean}false"
                isin="IE00057GUKA4"
                isSMA="{Boolean}false"
                primaryBenchmark="MSCI World Index"
                sedol="BL6LT95"
                ticker="LAGQGEG ID"
                title="EA Acc GBP"
                valoren="116203995"
                vehicleId="{Long}17"
                vehicleName="UCITS (Ireland)"
                wknCd="A3DCXL">
                <professionalOnlyCountries
                    jcr:primaryType="nt:unstructured"
                    GB="{Boolean}false"
                    IE="{Boolean}false"/>
            </_x0031_2059>
            <_x0031_2082
                jcr:primaryType="nt:unstructured"
                countries="[AT,CH,DE,GB,IE,LI,XX]"
                currency="USD"
                currencySymbol="US$"
                fundId="{Long}4441"
                fundingStatus="Open"
                inceptionDate="2022-02-03"
                initialCharge="3.00%"
                isAuthorizedPending="{Boolean}false"
                isGLIF="{Boolean}false"
                isin="IE000IKRBON6"
                isSMA="{Boolean}false"
                minimumInvestment="US$ 250,000"
                primaryBenchmark="MSCI World Index"
                sedol="BNYMBT8"
                ticker="LAIFPAU ID"
                title="A Acc USD"
                valoren="115414868"
                vehicleId="{Long}17"
                vehicleName="UCITS (Ireland)"
                wknCd="A3DC0H">
                <professionalOnlyCountries
                    jcr:primaryType="nt:unstructured"
                    AT="{Boolean}false"
                    CH="{Boolean}false"
                    DE="{Boolean}false"
                    GB="{Boolean}false"
                    IE="{Boolean}false"
                    LI="{Boolean}false"/>
            </_x0031_2082>
            <_x0031_2086
                jcr:primaryType="nt:unstructured"
                countries="[CH,IE,LI,XX]"
                currency="USD"
                currencySymbol="US$"
                fundId="{Long}4441"
                fundingStatus="Authorized/Pending"
                initialCharge="3.00%"
                isAuthorizedPending="{Boolean}true"
                isGLIF="{Boolean}false"
                isin="IE000KWX7HS2"
                isSMA="{Boolean}false"
                minimumInvestment="US$ 500"
                primaryBenchmark="MSCI World Index"
                sedol="BNYMBZ4"
                ticker="LAIFPCU ID"
                title="C Acc USD"
                valoren="115413502"
                vehicleId="{Long}17"
                vehicleName="UCITS (Ireland)"
                wknCd="A3DC0N">
                <professionalOnlyCountries
                    jcr:primaryType="nt:unstructured"
                    CH="{Boolean}false"
                    IE="{Boolean}false"
                    LI="{Boolean}false"/>
            </_x0031_2086>
            <_x0031_2087
                jcr:primaryType="nt:unstructured"
                countries="[AT,CH,IE,LI,XX]"
                currency="USD"
                currencySymbol="US$"
                fundId="{Long}4441"
                fundingStatus="Open"
                inceptionDate="2022-02-03"
                initialCharge="3.00%"
                isAuthorizedPending="{Boolean}false"
                isGLIF="{Boolean}false"
                isin="IE000B7NINV6"
                isSMA="{Boolean}false"
                minimumInvestment="US$ 500"
                primaryBenchmark="MSCI World Index"
                sedol="BNYMC17"
                ticker="LAIFPEU ID"
                title="EA Acc USD"
                valoren="115414956"
                vehicleId="{Long}17"
                vehicleName="UCITS (Ireland)"
                wknCd="A3DC0Q">
                <professionalOnlyCountries
                    jcr:primaryType="nt:unstructured"
                    AT="{Boolean}false"
                    CH="{Boolean}false"
                    IE="{Boolean}false"
                    LI="{Boolean}false"/>
            </_x0031_2087>
        </shareClasses>
        <platforms jcr:primaryType="nt:unstructured">
            <_x0039_2
                jcr:primaryType="nt:unstructured"
                countries="[AE,AU,BE,BH,BN,CA,CN,DK,ES,FI,FR,GB,HK,ID,IE,IL,JP,LU,MO,MT,MY,NL,NO,NZ,PG,PH,PT,SA,SE,SG,TH,TW,US,XX,ZA]"
                regions="[16,3,22,2,5,19,1]"
                sortOrder="{Long}100"
                title="Global Equity Platform"/>
            <_x0033_5745
                jcr:primaryType="nt:unstructured"
                countries="[AT,CH,DE,IT,LI]"
                regions="[18,4,21]"
                sortOrder="{Long}9700"
                title="Equity Platform"/>
        </platforms>
    </externalMetadata>
</jcr:root>
