<?xml version="1.0"?>
<x:xmpmeta xmlns:x="adobe:ns:meta/" x:xmptk="Adobe XMP Core 6.2.9.B001">
  <rdf:RDF xmlns:rdf="http://www.w3.org/1999/02/22-rdf-syntax-ns#">
    <rdf:Description rdf:about=""
        xmlns:pdf="http://ns.adobe.com/pdf/1.3/"
        xmlns:xmp="http://ns.adobe.com/xap/1.0/"
        xmlns:dc="http://purl.org/dc/elements/1.1/"
        xmlns:dam="http://www.day.com/dam/1.0"
      pdf:Producer="Adobe PDF Library 24.3.212"
      xmp:CreatorTool="Acrobat PDFMaker 24 for Word"
      xmp:CreateDate="2024-10-15T20:04:08Z"
      xmp:ModifyDate="2024-10-15T20:04:09Z"
      dc:format="application/pdf"
      dam:numPages="6"
      dam:size="272902"
      dam:Physicalheightininches="11.0"
      dam:Producer="Adobe PDF Library 24.3.212"
      dam:sha1="a51e45376825be319f9d1335e3132dbc7ed84ea4"
      dam:Author="Lazard Asset Management LLC"
      dam:Physicalwidthininches="8.5">
      <dc:creator>
        <rdf:Seq>
          <rdf:li>Lazard Asset Management LLC</rdf:li>
        </rdf:Seq>
      </dc:creator>
      <dc:description>
        <rdf:Alt>
          <rdf:li xml:lang="x-default">Strategy Review</rdf:li>
        </rdf:Alt>
      </dc:description>
      <dc:title>
        <rdf:Alt>
          <rdf:li xml:lang="x-default">International Quality Growth</rdf:li>
        </rdf:Alt>
      </dc:title>
    </rdf:Description>
  </rdf:RDF>
</x:xmpmeta>
