<?xml version="1.0" encoding="UTF-8"?>
<jcr:root xmlns:jcr="http://www.jcp.org/jcr/1.0" xmlns:nt="http://www.jcp.org/jcr/nt/1.0" xmlns:cq="http://www.day.com/jcr/cq/1.0" xmlns:sling="http://sling.apache.org/jcr/sling/1.0"
    jcr:primaryType="cq:Page">
    <jcr:content
        cq:isDelivered="{Boolean}false"
        cq:lastModified="{Date}2024-10-18T17:20:37.949Z"
        cq:lastModifiedBy="products-service-user"
        cq:template="/conf/lam/settings/wcm/templates/fund-detail"
        jcr:mixinTypes="[cq:ReplicationStatus2]"
        jcr:primaryType="cq:PageContent"
        jcr:title="Lazard European Equity Select ADR"
        sling:resourceType="lam/components/page"
        productType="Fund">
        <root
            jcr:primaryType="nt:unstructured"
            sling:resourceType="lam/components/container"
            layout="responsiveGrid">
            <container
                jcr:primaryType="nt:unstructured"
                sling:resourceType="lam/components/container"
                layout="responsiveGrid"/>
        </root>
    </jcr:content>
    <productData
        jcr:primaryType="nt:unstructured"
        title="Lazard European Equity Select ADR"
        type="Fund"/>
    <externalMetadata
        jcr:primaryType="nt:unstructured"
        assetClasses="[Equity]"
        availableOnInvestmentPlatform="{Boolean}false"
        categorySortOrder="{Long}999999"
        hasSMAonly="{Boolean}false"
        languages="[en-au,en-de,en-gb,en-us,fr-ca]"
        pmTeamAsOfDate="2024-09-30"
        pmTeamMembers="[]"
        sortOrderWithinCategory="{Long}99999"
        strategyId="{Long}18"
        subStrategyId="{Long}158"
        suppressBenchmarks="{Boolean}false"
        umbrellaNumDigitsDividend="{Long}4"
        umbrellaNumDigitsNav="{Long}4">
        <productLanguages jcr:primaryType="nt:unstructured">
            <en-us
                jcr:primaryType="nt:unstructured"
                productHighlight="he Lazard European Equity Select strategy seeks to generate strong relative returns over a full market cycle by investing in companies with strong and/or improving financial productivity at attractive valuations.&#xd;&#xa; Lazard’s relative value investment philosophy is based on value creation through the process of bottom-up stock selection. &#xd;&#xa;Lazard believes that stock returns over time are driven by the sustainability and direction of financial productivity, balanced by valuation."
                shortDesc="Lazard European Equity Select ADR seeks to generate strong relative returns over a full market cycle by investing in companies with strong and/or improving financial productivity at attractive valuations. The strategy typically invests in 40 to 60 securities of companies, with a market capitalization of approximately $5 billion or greater, that are typically domiciled in those countries that comprise the MSCI Europe Index."/>
            <en-gb
                jcr:primaryType="nt:unstructured"
                productHighlight="he Lazard European Equity Select strategy seeks to generate strong relative returns over a full market cycle by investing in companies with strong and/or improving financial productivity at attractive valuations.&#xd;&#xa; Lazard’s relative value investment philosophy is based on value creation through the process of bottom-up stock selection. &#xd;&#xa;Lazard believes that stock returns over time are driven by the sustainability and direction of financial productivity, balanced by valuation."
                shortDesc="Lazard European Equity Select ADR seeks to generate strong relative returns over a full market cycle by investing in companies with strong and/or improving financial productivity at attractive valuations. The strategy typically invests in 40 to 60 securities of companies, with a market capitalization of approximately $5 billion or greater, that are typically domiciled in those countries that comprise the MSCI Europe Index."/>
        </productLanguages>
        <defaultShareClass jcr:primaryType="nt:unstructured"/>
        <shareClasses jcr:primaryType="nt:unstructured">
            <_x0031_86
                jcr:primaryType="nt:unstructured"
                countries="[AU,BN,CA,CN,HK,ID,MO,MY,NZ,PG,PH,SG,TH,TW,US,XX]"
                currency="USD"
                currencySymbol="US$"
                fundId="{Long}141"
                fundingStatus="Open"
                isAuthorizedPending="{Boolean}false"
                isGLIF="{Boolean}false"
                isSMA="{Boolean}false"
                primaryBenchmark="MSCI Europe Index"
                vehicleId="{Long}1"
                vehicleName="Separate Account">
                <professionalOnlyCountries jcr:primaryType="nt:unstructured"/>
            </_x0031_86>
            <_x0034_31
                jcr:primaryType="nt:unstructured"
                countries="[AU,BN,CA,CN,HK,ID,MO,MY,NZ,PG,PH,SG,TH,TW,US,XX]"
                currency="USD"
                currencySymbol="US$"
                fundId="{Long}141"
                fundingStatus="Open"
                inceptionDate="1999-05-31"
                isAuthorizedPending="{Boolean}false"
                isGLIF="{Boolean}false"
                isSMA="{Boolean}true"
                minimumInvestment="US$ 100,000"
                primaryBenchmark="MSCI Europe Index"
                title="SMA"
                vehicleId="{Long}1"
                vehicleName="Separate Account">
                <professionalOnlyCountries jcr:primaryType="nt:unstructured"/>
            </_x0034_31>
        </shareClasses>
        <platforms jcr:primaryType="nt:unstructured">
            <_x0039_6
                jcr:primaryType="nt:unstructured"
                countries="[CA,US]"
                regions="[1]"
                sortOrder="{Long}400"
                title="European Equity Platform"/>
            <_x0033_1183
                jcr:primaryType="nt:unstructured"
                countries="[AU,NZ,PG]"
                regions="[5]"
                sortOrder="{Long}9300"
                title="Australian Regional Equities Platform"/>
            <_x0033_1185
                jcr:primaryType="nt:unstructured"
                countries="[BN,CN,HK,ID,MO,MY,PH,SG,TH,TW]"
                regions="[19]"
                sortOrder="{Long}9500"
                title="Singapore Regional Equities Platform"/>
        </platforms>
    </externalMetadata>
    <disclaimerMappings jcr:primaryType="nt:unstructured">
        <DisclaimerLabel
            jcr:primaryType="nt:unstructured"
            approvedLanguages="[en_us]"
            disclaimerPaths="[/content/dam/lazard-asset-management/disclaimers/en_us/2078031161/jcr:content/indexedData/master]"
            isGlobalProductMapping="{Boolean}true"
            placeholderKeys="[]"
            type="DisclaimerLabel"/>
        <StatPro_NY-PW_EUROPE_EQ_SEL
            jcr:primaryType="nt:unstructured"
            approvedLanguages="[en_us]"
            disclaimerPaths="[/content/dam/lazard-asset-management/disclaimers/en_us/1114145339]"
            isGlobalProductMapping="{Boolean}false"
            placeholderKeys="[]"
            type="StatPro_NY-PW_EUROPE_EQ_SEL"/>
        <StatPro_NY-P_C_W_EUADR
            jcr:primaryType="nt:unstructured"
            approvedLanguages="[en_us]"
            disclaimerPaths="[/content/dam/lazard-asset-management/disclaimers/en_us/1435895226]"
            isGlobalProductMapping="{Boolean}false"
            placeholderKeys="[]"
            type="StatPro_NY-P_C_W_EUADR"/>
        <DisclaimerTop10Holdings
            jcr:primaryType="nt:unstructured"
            approvedLanguages="[en_us]"
            disclaimerPaths="[/content/dam/lazard-asset-management/disclaimers/en_us/1854908736]"
            isGlobalProductMapping="{Boolean}false"
            placeholderKeys="[]"
            type="DisclaimerTop10Holdings"/>
        <DisclaimerPerformanceReview
            jcr:primaryType="nt:unstructured"
            approvedLanguages="[en_us]"
            disclaimerPaths="[/content/dam/lazard-asset-management/disclaimers/en_us/1709211478]"
            isGlobalProductMapping="{Boolean}false"
            placeholderKeys="[]"
            type="DisclaimerPerformanceReview"/>
    </disclaimerMappings>
</jcr:root>
