<?xml version="1.0" encoding="UTF-8"?>
<jcr:root xmlns:jcr="http://www.jcp.org/jcr/1.0" xmlns:nt="http://www.jcp.org/jcr/nt/1.0" xmlns:mix="http://www.jcp.org/jcr/mix/1.0" xmlns:cq="http://www.day.com/jcr/cq/1.0" xmlns:sling="http://sling.apache.org/jcr/sling/1.0"
    jcr:primaryType="cq:Page">
    <jcr:content
        cq:lastModified="{Date}2024-06-11T20:34:59.583Z"
        cq:lastModifiedBy="sophia.ponce@lazard.com"
        cq:tags="[experience-fragments:variation/web]"
        cq:template="/conf/lam/settings/wcm/templates/experience-fragment-template"
        cq:xfVariantType="web"
        jcr:isCheckedOut="{Boolean}true"
        jcr:mixinTypes="[mix:versionable]"
        jcr:primaryType="cq:PageContent"
        jcr:title="Investment Research"
        jcr:uuid="d9027c8a-849d-4782-9a93-86f7d6e58dca"
        sling:resourceType="lam/components/xfpagev2"
        nodesMoved="{Boolean}true">
        <root
            jcr:primaryType="nt:unstructured"
            sling:resourceType="lam/components/container"
            layout="responsiveGrid">
            <container
                jcr:primaryType="nt:unstructured"
                sling:resourceType="lam/components/container"
                layout="responsiveGrid"/>
        </root>
        <cq:metadata
            jcr:primaryType="nt:unstructured"
            max-cols="1"
            min-cols="1"/>
    </jcr:content>
    <a-measured-approach-to-china/>
    <is-the-third-time-a-charm-for-japanese-equities/>
    <relative-value-investing/>
    <us-regulated-utilities/>
    <uk-equities-london-calling/>
    <europes-stock-markets-challenging-misperceptions/>
    <quality-investing/>
    <global-equity-franchise-fund-video/>
    <why-global-equity-franchise-fund-video/>
    <invest-in-global-future/>
    <thematic-inflation-opportunities/>
    <real-assets-video/>
    <sustainable-private-infra-video/>
    <thematic-investing-video/>
</jcr:root>
