<?xml version="1.0" encoding="UTF-8"?>
<jcr:root xmlns:jcr="http://www.jcp.org/jcr/1.0" xmlns:nt="http://www.jcp.org/jcr/nt/1.0" xmlns:mix="http://www.jcp.org/jcr/mix/1.0" xmlns:cq="http://www.day.com/jcr/cq/1.0" xmlns:sling="http://sling.apache.org/jcr/sling/1.0"
    jcr:primaryType="cq:Page">
    <jcr:content
        cq:isDelivered="{Boolean}false"
        cq:lastReplicated="{Date}2024-08-05T11:07:36.735Z"
        cq:lastReplicated_publish="{Date}2024-08-05T11:07:36.735Z"
        cq:lastReplicated_scene7="{Date}2024-08-05T11:07:36.735Z"
        cq:lastReplicatedBy="priyanka.thakur@lazard.com"
        cq:lastReplicatedBy_publish="priyanka.thakur@lazard.com"
        cq:lastReplicatedBy_scene7="priyanka.thakur@lazard.com"
        cq:lastReplicationAction="Activate"
        cq:lastReplicationAction_publish="Activate"
        cq:lastReplicationAction_scene7="Activate"
        jcr:isCheckedOut="{Boolean}true"
        jcr:lastModified="{Date}2024-08-02T16:42:38.236Z"
        jcr:lastModifiedBy="anna.herbst@lazard.com"
        jcr:mixinTypes="[cq:ReplicationStatus2,mix:versionable]"
        jcr:primaryType="cq:PageContent"
        jcr:uuid="b38712f9-63c9-48e4-bd2c-4397d8deaacf"
        sling:configPropertyInherit="{Boolean}false"
        componentName="pdpPlatformAvailability">
        <keyProperties
            jcr:primaryType="nt:unstructured"
            sling:configCollectionInherit="{Boolean}true"
            sling:resourceType="nt:unstructured">
            <perfixAsOfDate
                jcr:primaryType="nt:unstructured"
                sling:configPropertyInherit="{Boolean}false"
                sling:resourceType="nt:unstructured"
                key="perfixAsOfDate">
                <translations
                    jcr:primaryType="nt:unstructured"
                    sling:configCollectionInherit="{Boolean}true"
                    sling:resourceType="nt:unstructured">
                    <EN
                        jcr:primaryType="nt:unstructured"
                        sling:configPropertyInherit="{Boolean}false"
                        sling:resourceType="nt:unstructured"
                        languageCode="EN"
                        translatedText="Net Assets as of date:"/>
                </translations>
            </perfixAsOfDate>
            <viewPlatformAvailability
                jcr:primaryType="nt:unstructured"
                sling:configPropertyInherit="{Boolean}false"
                sling:resourceType="nt:unstructured"
                key="viewPlatformAvailability">
                <translations
                    jcr:primaryType="nt:unstructured"
                    sling:configCollectionInherit="{Boolean}true"
                    sling:resourceType="nt:unstructured">
                    <EN
                        jcr:primaryType="nt:unstructured"
                        sling:configPropertyInherit="{Boolean}false"
                        sling:resourceType="nt:unstructured"
                        languageCode="EN"
                        translatedText="View Platform Availability"/>
                </translations>
            </viewPlatformAvailability>
            <platformAvailability
                jcr:primaryType="nt:unstructured"
                sling:configPropertyInherit="{Boolean}false"
                sling:resourceType="nt:unstructured"
                key="platformAvailability">
                <translations
                    jcr:primaryType="nt:unstructured"
                    sling:configCollectionInherit="{Boolean}true"
                    sling:resourceType="nt:unstructured">
                    <EN
                        jcr:primaryType="nt:unstructured"
                        sling:configPropertyInherit="{Boolean}false"
                        sling:resourceType="nt:unstructured"
                        languageCode="EN"
                        translatedText="Platform availability"/>
                </translations>
            </platformAvailability>
        </keyProperties>
    </jcr:content>
</jcr:root>
