<?xml version="1.0" encoding="UTF-8"?>
<jcr:root xmlns:jcr="http://www.jcp.org/jcr/1.0" xmlns:nt="http://www.jcp.org/jcr/nt/1.0" xmlns:mix="http://www.jcp.org/jcr/mix/1.0" xmlns:cq="http://www.day.com/jcr/cq/1.0" xmlns:sling="http://sling.apache.org/jcr/sling/1.0"
    jcr:primaryType="cq:Page">
    <jcr:content
        cq:lastModified="{Date}2024-07-19T14:53:57.210Z"
        cq:lastModifiedBy="sophia.ponce@lazard.com"
        cq:lastRolledout="{Date}2024-10-29T21:31:32.480Z"
        cq:lastRolledoutBy="sophia.ponce@lazard.com"
        cq:tags="[experience-fragments:variation/web]"
        cq:template="/conf/lam/settings/wcm/templates/experience-fragment-template"
        cq:xfVariantType="web"
        jcr:isCheckedOut="{Boolean}true"
        jcr:mixinTypes="[cq:LiveRelationship,mix:versionable]"
        jcr:primaryType="cq:PageContent"
        jcr:title="Investment Research"
        jcr:uuid="74ed8e74-6d6b-4896-9351-233c6f43e181"
        sling:resourceType="lam/components/xfpagev2"
        nodesMoved="{Boolean}true">
        <root
            cq:lastRolledout="{Date}2024-07-19T14:53:57.205Z"
            cq:lastRolledoutBy="sophia.ponce@lazard.com"
            jcr:mixinTypes="[cq:LiveRelationship]"
            jcr:primaryType="nt:unstructured"
            sling:resourceType="lam/components/container"
            layout="responsiveGrid">
            <container
                cq:lastRolledout="{Date}2024-07-19T14:53:57.209Z"
                cq:lastRolledoutBy="sophia.ponce@lazard.com"
                jcr:mixinTypes="[cq:LiveRelationship]"
                jcr:primaryType="nt:unstructured"
                sling:resourceType="lam/components/container"
                layout="responsiveGrid"/>
        </root>
        <cq:metadata
            cq:lastRolledout="{Date}2024-07-19T14:53:57.211Z"
            cq:lastRolledoutBy="sophia.ponce@lazard.com"
            jcr:mixinTypes="[cq:LiveRelationship]"
            jcr:primaryType="nt:unstructured"
            max-cols="1"
            min-cols="1"/>
    </jcr:content>
    <a-measured-approach-to-china/>
    <is-the-third-time-a-charm-for-japanese-equities/>
    <relative-value-investing/>
    <sustainable-agriculture/>
    <us-regulated-utilities/>
    <uk-equities-london-calling/>
    <europes-stock-markets-challenging-misperceptions/>
    <why-climate-action-now/>
    <quality-investing/>
    <global-equity-franchise-fund-video/>
    <why-global-equity-franchise-fund-video/>
    <invest-in-global-future/>
    <thematic-inflation-opportunities/>
    <real-assets-video/>
    <sustainable-private-infra-video/>
    <high-quality-income-video/>
    <nordic-high-yield-bond-video/>
    <stockwaves-webkonferenz/>
    <thematic-investing-video/>
    <year-of-convertible-bonds/>
    <emerging-markets-renaissance/>
</jcr:root>
