<?xml version="1.0" encoding="UTF-8"?>
<jcr:root xmlns:jcr="http://www.jcp.org/jcr/1.0" xmlns:nt="http://www.jcp.org/jcr/nt/1.0" xmlns:cq="http://www.day.com/jcr/cq/1.0" xmlns:sling="http://sling.apache.org/jcr/sling/1.0"
    jcr:primaryType="cq:Page">
    <jcr:content
        cq:lastModified="{Date}2024-07-15T20:09:17.537Z"
        cq:lastModifiedBy="products-service-user"
        cq:template="/conf/lam/settings/wcm/templates/fund-detail"
        jcr:primaryType="cq:PageContent"
        jcr:title="Lazard US Small Cap Equity Select"
        sling:resourceType="lam/components/page"
        productType="Fund">
        <root
            jcr:primaryType="nt:unstructured"
            sling:resourceType="lam/components/container"
            layout="responsiveGrid">
            <container
                jcr:primaryType="nt:unstructured"
                sling:resourceType="lam/components/container"
                layout="responsiveGrid"/>
        </root>
    </jcr:content>
    <productData
        jcr:primaryType="nt:unstructured"
        title="Lazard US Small Cap Equity Select"
        type="Fund"/>
    <externalMetadata
        jcr:primaryType="nt:unstructured"
        assetClasses="[Equity]"
        availableOnInvestmentPlatform="{Boolean}false"
        benchmarkName="Russell 2500 Index"
        category="Equity"
        categorySortOrder="{Long}100"
        hasSMAonly="{Boolean}false"
        languages="[da-dk,de-at,de-ch,de-de,en-au,en-de,en-gb,en-us,es-es,fii-fi,fr-be,fr-ca,fr-fr,ja-jp,nb-no,nl-nl,pt-pt,sv-se]"
        pmTeamMembers="[]"
        sortOrderWithinCategory="{Long}200"
        strategyId="{Long}79"
        subStrategyId="{Long}177"
        suppressBenchmarks="{Boolean}false"
        umbrellaNumDigitsDividend="{Long}4"
        umbrellaNumDigitsNav="{Long}4">
        <productLanguages jcr:primaryType="nt:unstructured">
            <en-us
                jcr:primaryType="nt:unstructured"
                shortDesc="Lazard US Small Cap Equity Select is an actively managed, US small cap equity portfolio which seeks to outperform the Russell 2000 Index over a full market cycle. The portfolio invests in attractively valued companies with strong and/or improving financial productivity (e.g., return on equity, free cash flow, return on assets, cash flow return on investment). It invests in 70 to 90 companies with market capitalizations primarily within the range of companies included in the Russell 2000 Index."/>
            <ja-jp
                jcr:primaryType="nt:unstructured"
                strategyTitle="米国株式中小型"/>
        </productLanguages>
        <defaultShareClass jcr:primaryType="nt:unstructured"/>
        <shareClasses jcr:primaryType="nt:unstructured">
            <_x0032_8
                jcr:primaryType="nt:unstructured"
                countries="[AE,AT,AU,BE,BH,BN,BS,CA,CN,DE,DK,ES,FI,FR,GB,HK,ID,IE,IL,JP,LU,MO,MT,MY,NL,NO,NZ,PG,PH,PT,SA,SE,SG,TH,TW,US,XX,ZA,XX]"
                currency="USD"
                fundId="{Long}7"
                fundingStatus="Open"
                inceptionDate="2000-05-01"
                isAuthorizedPending="{Boolean}false"
                isGLIF="{Boolean}false"
                isSMA="{Boolean}false"
                minimumInvestment="5 000 000 USD"
                primaryBenchmark="Russell 2000 Index"
                vehicleId="{Long}1"
                vehicleName="Separate Account">
                <professionalOnlyCountries jcr:primaryType="nt:unstructured"/>
            </_x0032_8>
            <_x0031_25
                jcr:primaryType="nt:unstructured"
                countries="[AE,AT,AU,BE,BH,BN,BS,CA,CN,DE,DK,ES,FI,FR,GB,HK,ID,IE,IL,JP,LU,MO,MT,MY,NL,NO,NZ,PG,PH,PT,SA,SE,SG,TH,TW,US,XX,ZA,XX]"
                currency="USD"
                fundId="{Long}7"
                fundingStatus="Open"
                inceptionDate="2008-11-01"
                isAuthorizedPending="{Boolean}false"
                isGLIF="{Boolean}false"
                isSMA="{Boolean}true"
                minimumInvestment="100 000 USD"
                primaryBenchmark="Russell 2500 Index"
                title="SMA"
                vehicleId="{Long}1"
                vehicleName="Separate Account">
                <professionalOnlyCountries jcr:primaryType="nt:unstructured"/>
            </_x0031_25>
        </shareClasses>
        <platforms jcr:primaryType="nt:unstructured">
            <_x0039_5
                jcr:primaryType="nt:unstructured"
                countries="[AE,BE,BH,CA,DK,ES,FI,FR,GB,IE,IL,JP,LU,MT,NL,NO,PT,SA,SE,US,XX,ZA]"
                regions="[16,3,2,22,1]"
                sortOrder="{Long}300"
                title="US Equity Platform"/>
            <_x0033_1183
                jcr:primaryType="nt:unstructured"
                countries="[AU,NZ,PG]"
                regions="[5]"
                sortOrder="{Long}9300"
                title="Australian Regional Equities Platform"/>
            <_x0033_1185
                jcr:primaryType="nt:unstructured"
                countries="[BN,CN,HK,ID,MO,MY,PH,SG,TH,TW]"
                regions="[19]"
                sortOrder="{Long}9500"
                title="Singapore Regional Equities Platform"/>
            <_x0033_5745
                jcr:primaryType="nt:unstructured"
                countries="[AT,DE]"
                regions="[4]"
                sortOrder="{Long}9700"
                title="Equity Platform"/>
        </platforms>
    </externalMetadata>
</jcr:root>
