<?xml version="1.0" encoding="UTF-8"?>
<jcr:root xmlns:jcr="http://www.jcp.org/jcr/1.0" xmlns:nt="http://www.jcp.org/jcr/nt/1.0" xmlns:cq="http://www.day.com/jcr/cq/1.0" xmlns:sling="http://sling.apache.org/jcr/sling/1.0"
    jcr:primaryType="cq:Page">
    <jcr:content
        cq:lastModified="{Date}2024-07-15T20:10:09.883Z"
        cq:lastModifiedBy="products-service-user"
        cq:template="/conf/lam/settings/wcm/templates/fund-detail"
        jcr:primaryType="cq:PageContent"
        jcr:title="Lazard Euro High Quality"
        sling:resourceType="lam/components/page"
        productType="Fund">
        <root
            jcr:primaryType="nt:unstructured"
            sling:resourceType="lam/components/container"
            layout="responsiveGrid">
            <container
                jcr:primaryType="nt:unstructured"
                sling:resourceType="lam/components/container"
                layout="responsiveGrid"/>
        </root>
    </jcr:content>
    <productData
        jcr:primaryType="nt:unstructured"
        title="Lazard Euro High Quality"
        type="Fund"/>
    <externalMetadata
        jcr:primaryType="nt:unstructured"
        assetClasses="[Fixed Income]"
        availableOnInvestmentPlatform="{Boolean}false"
        benchmarkName="Citigroup Euro BIG Index"
        categorySortOrder="{Long}999999"
        hasSMAonly="{Boolean}false"
        languages="[da-dk,de-at,de-ch,de-de,en-au,en-de,en-gb,en-us,es-es,fii-fi,fr-be,fr-ca,fr-fr,it-de,it-it,nb-no,nl-nl,pt-pt,sv-se]"
        pmTeamMembers="[]"
        sortOrderWithinCategory="{Long}99999"
        strategyId="{Long}10"
        subStrategyId="{Long}328"
        suppressBenchmarks="{Boolean}false"
        umbrellaNumDigitsDividend="{Long}4"
        umbrellaNumDigitsNav="{Long}4">
        <productLanguages jcr:primaryType="nt:unstructured">
            <en-us
                jcr:primaryType="nt:unstructured"
                shortDesc="Euro High Quality is a fundamentally oriented bottom-up approach investing in Government Bonds, Agencies, Pfandbriefe/Covered Bonds, Corporate Bonds and Inflation-Linked Bonds. Our fundamental bottom up research identifies undervalued bonds. With regard to country analysis we use a structured process in order to rank countries according to their ability and willingness to pay. We actively exploit carry and volatility in country spreads to add value. Our fixed income asset allocation builds on fundamental and quantitative analysis to identify undervaluations across the various fixed income sectors in Euroland. Furthermore our rates strategy (duration, curve) is based on fundamental and quantitative analysis. "/>
        </productLanguages>
        <defaultShareClass jcr:primaryType="nt:unstructured"/>
        <shareClasses jcr:primaryType="nt:unstructured">
            <_x0034_6
                jcr:primaryType="nt:unstructured"
                countries="[AE,AT,AU,BE,BH,BN,BS,CA,CN,DE,DK,ES,FI,FR,GB,HK,ID,IE,IL,IT,LU,MO,MT,MY,NL,NO,NZ,PG,PH,PT,SA,SE,SG,TH,TW,US,XX,ZA,XX]"
                currency="EUR"
                fundId="{Long}20"
                fundingStatus="Open"
                inceptionDate="1999-08-01"
                isAuthorizedPending="{Boolean}false"
                isGLIF="{Boolean}false"
                isSMA="{Boolean}false"
                minimumInvestment="30 000 000 EUR"
                primaryBenchmark="iBoxx Overall"
                vehicleId="{Long}1"
                vehicleName="Separate Account">
                <professionalOnlyCountries jcr:primaryType="nt:unstructured"/>
            </_x0034_6>
        </shareClasses>
        <platforms jcr:primaryType="nt:unstructured">
            <_x0039_8
                jcr:primaryType="nt:unstructured"
                countries="[AE,AT,AU,BE,BH,BN,CA,CN,DE,DK,ES,FI,FR,GB,HK,ID,IE,IL,IT,LU,MO,MT,MY,NL,NO,NZ,PG,PH,PT,SA,SE,SG,TH,TW,US,XX,ZA]"
                regions="[4,19,22,18,5,1,2,3]"
                sortOrder="{Long}700"
                title="Fixed Income Platform"/>
        </platforms>
    </externalMetadata>
</jcr:root>
