<?xml version="1.0" encoding="UTF-8"?>
<jcr:root xmlns:jcr="http://www.jcp.org/jcr/1.0" xmlns:nt="http://www.jcp.org/jcr/nt/1.0" xmlns:mix="http://www.jcp.org/jcr/mix/1.0" xmlns:cq="http://www.day.com/jcr/cq/1.0" xmlns:sling="http://sling.apache.org/jcr/sling/1.0"
    jcr:primaryType="cq:Page">
    <home/>
    <investment-solutions/>
    <research-insights/>
    <sustainable-investment/>
    <about/>
    <contact/>
    <global-disclosure/>
    <cookie-policy/>
    <complaint-management/>
    <notice/>
    <jcr:content
        cq:lastModified="{Date}2024-10-01T17:18:09.247Z"
        cq:lastModifiedBy="bassel.eladas@lazard.com"
        cq:lastRolledout="{Date}2024-07-24T19:57:38.218Z"
        cq:lastRolledoutBy="anna.herbst@lazard.com"
        cq:propertyInheritanceCancelled="[sling:sitemapRoot]"
        cq:template="/conf/lam/settings/wcm/templates/home-page"
        jcr:isCheckedOut="{Boolean}true"
        jcr:mixinTypes="[cq:LiveRelationship,cq:LiveSync,cq:PropertyLiveSyncCancelled,mix:versionable]"
        jcr:primaryType="cq:PageContent"
        jcr:title="en_gb"
        jcr:uuid="c6a8e13a-a47c-466f-9426-071cc5429b69"
        sling:resourceType="lam/components/page"
        sling:sitemapRoot="true"
        assetClass="assetClass0"
        category="strategy"
        headerTheme="dark"
        hideInNav="true"
        linkType="internal"
        nodesMoved="{Boolean}true"
        pageProductData="fund-listing"
        pwaCachestrategy="staleWhileRevalidate"
        pwaDisplay="standalone"
        pwaOrientation="any">
        <root
            cq:lastRolledout="{Date}2024-07-24T19:57:37.315Z"
            cq:lastRolledoutBy="anna.herbst@lazard.com"
            jcr:mixinTypes="[cq:LiveRelationship]"
            jcr:primaryType="nt:unstructured"
            sling:resourceType="lam/components/container"
            layout="responsiveGrid">
            <container
                cq:lastRolledout="{Date}2024-07-24T19:57:37.327Z"
                cq:lastRolledoutBy="anna.herbst@lazard.com"
                jcr:mixinTypes="[cq:LiveRelationship]"
                jcr:primaryType="nt:unstructured"
                sling:resourceType="lam/components/container"
                layout="responsiveGrid">
                <container
                    cq:lastRolledout="{Date}2024-07-24T19:57:37.359Z"
                    cq:lastRolledoutBy="anna.herbst@lazard.com"
                    jcr:mixinTypes="[cq:LiveRelationship]"
                    jcr:primaryType="nt:unstructured"
                    sling:resourceType="lam/components/container"
                    layout="responsiveGrid">
                    <custom_container_182
                        cq:lastRolledout="{Date}2024-07-24T19:57:37.389Z"
                        cq:lastRolledoutBy="anna.herbst@lazard.com"
                        cq:styleIds="[1718059993783]"
                        jcr:created="{Date}2024-07-23T21:28:59.193Z"
                        jcr:createdBy="anna.herbst@lazard.com"
                        jcr:lastModified="{Date}2024-07-24T19:57:37.379Z"
                        jcr:lastModifiedBy="anna.herbst@lazard.com"
                        jcr:mixinTypes="[cq:LiveRelationship]"
                        jcr:primaryType="nt:unstructured"
                        sling:resourceType="lam/components/custom-container"
                        applyCustomizedBorder="false"
                        backgroundColor="#EBF4FA"
                        containetBoxType="fixed-contained"
                        enableVerticalScrollbar="false"
                        hasNestedCustomContainer="is-not-NestedCustomContainer"
                        hideFinancialIntermediary="false"
                        hideIndividualInvestor="false"
                        hideInstitucionalInvestor="false"
                        hidePrivateWealth="false"
                        isGapless="is-gapped"
                        isHorizontalCentered="is-hnormal"
                        isMobileColumns="is-normal"
                        isVerticalCentered="is-vnormal"
                        showSeparator="false">
                        <columnsList
                            cq:lastRolledout="{Date}2024-07-24T19:57:37.394Z"
                            cq:lastRolledoutBy="anna.herbst@lazard.com"
                            jcr:mixinTypes="[cq:LiveRelationship]"
                            jcr:primaryType="nt:unstructured">
                            <item0
                                cq:lastRolledout="{Date}2024-07-24T19:57:37.399Z"
                                cq:lastRolledoutBy="anna.herbst@lazard.com"
                                jcr:mixinTypes="[cq:LiveRelationship]"
                                jcr:primaryType="nt:unstructured"
                                desktopSize="is-auto-desktop"
                                mobileSize="is-auto-mobile"
                                tabletSize="is-auto-tablet"/>
                        </columnsList>
                        <colpar_1
                            cq:lastRolledout="{Date}2024-07-24T19:57:37.401Z"
                            cq:lastRolledoutBy="anna.herbst@lazard.com"
                            jcr:mixinTypes="[cq:LiveRelationship]"
                            jcr:primaryType="nt:unstructured"
                            sling:resourceType="wcm/foundation/components/responsivegrid">
                            <flexiblepathingcards
                                cq:lastRolledout="{Date}2024-07-24T19:57:37.423Z"
                                cq:lastRolledoutBy="anna.herbst@lazard.com"
                                jcr:created="{Date}2024-07-23T21:29:31.498Z"
                                jcr:createdBy="anna.herbst@lazard.com"
                                jcr:lastModified="{Date}2024-07-24T19:57:37.406Z"
                                jcr:lastModifiedBy="anna.herbst@lazard.com"
                                jcr:mixinTypes="[cq:LiveRelationship]"
                                jcr:primaryType="nt:unstructured"
                                sling:resourceType="lam/components/flexiblePathingCards"
                                childDepth="1"
                                listFrom="static"
                                maxItems="3"
                                sortOrder="asc"
                                tagsMatch="any">
                                <flexibleText
                                    cq:lastRolledout="{Date}2024-07-24T19:57:37.434Z"
                                    cq:lastRolledoutBy="anna.herbst@lazard.com"
                                    jcr:lastModified="{Date}2024-07-24T19:57:37.431Z"
                                    jcr:lastModifiedBy="anna.herbst@lazard.com"
                                    jcr:mixinTypes="[cq:LiveRelationship]"
                                    jcr:primaryType="nt:unstructured"
                                    sling:resourceType="lam/components/text"
                                    text="&lt;p>Lorem ipsum dolor sit amet, consectetur adipiscing elit. Tellus in odio at quisque at odio lobortis id.&lt;/p>&#xd;&#xa;"
                                    textIsRich="true"/>
                                <flexibleButton
                                    cq:lastRolledout="{Date}2024-07-24T19:57:37.439Z"
                                    cq:lastRolledoutBy="anna.herbst@lazard.com"
                                    cq:styleIds="[1714685066661]"
                                    jcr:lastModified="{Date}2024-07-24T19:57:37.437Z"
                                    jcr:lastModifiedBy="anna.herbst@lazard.com"
                                    jcr:mixinTypes="[cq:LiveRelationship]"
                                    jcr:primaryType="nt:unstructured"
                                    jcr:title="View All"
                                    sling:resourceType="lam/components/button"
                                    linkTarget="_self"
                                    linkURL="#"/>
                                <flexibleTitle
                                    cq:lastRolledout="{Date}2024-07-24T19:57:37.445Z"
                                    cq:lastRolledoutBy="anna.herbst@lazard.com"
                                    cq:styleIds="[1714663198464,1716563302577]"
                                    jcr:lastModified="{Date}2024-07-24T19:57:37.442Z"
                                    jcr:lastModifiedBy="anna.herbst@lazard.com"
                                    jcr:mixinTypes="[cq:LiveRelationship]"
                                    jcr:primaryType="nt:unstructured"
                                    jcr:title="Featured Insights"
                                    sling:resourceType="lam/components/title"
                                    eyebrow="Lorem Ipsum"
                                    eyebrowWeight="eyebrow"
                                    linkTarget="_self"
                                    type="h1"/>
                                <static
                                    cq:lastRolledout="{Date}2024-07-24T19:57:37.457Z"
                                    cq:lastRolledoutBy="anna.herbst@lazard.com"
                                    jcr:mixinTypes="[cq:LiveRelationship]"
                                    jcr:primaryType="nt:unstructured">
                                    <item0
                                        cq:lastRolledout="{Date}2024-07-24T19:57:37.465Z"
                                        cq:lastRolledoutBy="anna.herbst@lazard.com"
                                        jcr:mixinTypes="[cq:LiveRelationship]"
                                        jcr:primaryType="nt:unstructured"
                                        linkTarget="_self"
                                        linkURL="/content/lam/us/test/demo-pages/research-and-insights/risk-exhaustion-navigating-new-regime"/>
                                    <item1
                                        cq:lastRolledout="{Date}2024-07-24T19:57:37.468Z"
                                        cq:lastRolledoutBy="anna.herbst@lazard.com"
                                        jcr:mixinTypes="[cq:LiveRelationship]"
                                        jcr:primaryType="nt:unstructured"
                                        linkTarget="_self"
                                        linkURL="/content/lam/us/test/demo-pages/research-and-insights/what-to-watch-2024"/>
                                    <item2
                                        cq:lastRolledout="{Date}2024-07-24T19:57:37.471Z"
                                        cq:lastRolledoutBy="anna.herbst@lazard.com"
                                        jcr:mixinTypes="[cq:LiveRelationship]"
                                        jcr:primaryType="nt:unstructured"
                                        linkTarget="_self"
                                        linkURL="/content/lam/us/test/demo-pages/research-and-insights/japanese-equities-why-is-now-different"/>
                                </static>
                            </flexiblepathingcards>
                        </colpar_1>
                    </custom_container_182>
                    <custom_container_951
                        cq:lastRolledout="{Date}2024-07-24T19:57:37.488Z"
                        cq:lastRolledoutBy="anna.herbst@lazard.com"
                        cq:styleIds="[1718059993783]"
                        jcr:created="{Date}2024-07-24T02:49:35.011Z"
                        jcr:createdBy="anna.herbst@lazard.com"
                        jcr:lastModified="{Date}2024-07-24T19:57:37.477Z"
                        jcr:lastModifiedBy="anna.herbst@lazard.com"
                        jcr:mixinTypes="[cq:LiveRelationship]"
                        jcr:primaryType="nt:unstructured"
                        sling:resourceType="lam/components/custom-container"
                        applyCustomizedBorder="false"
                        backgroundColor="#EBF4FA"
                        containetBoxType="fixed-contained"
                        enableVerticalScrollbar="false"
                        hasNestedCustomContainer="is-not-NestedCustomContainer"
                        hideFinancialIntermediary="false"
                        hideIndividualInvestor="false"
                        hideInstitucionalInvestor="false"
                        hidePrivateWealth="false"
                        isGapless="is-gapped"
                        isHorizontalCentered="is-hnormal"
                        isMobileColumns="is-normal"
                        isVerticalCentered="is-vnormal"
                        showSeparator="false">
                        <columnsList
                            cq:lastRolledout="{Date}2024-07-24T19:57:37.493Z"
                            cq:lastRolledoutBy="anna.herbst@lazard.com"
                            jcr:mixinTypes="[cq:LiveRelationship]"
                            jcr:primaryType="nt:unstructured">
                            <item0
                                cq:lastRolledout="{Date}2024-07-24T19:57:37.498Z"
                                cq:lastRolledoutBy="anna.herbst@lazard.com"
                                jcr:mixinTypes="[cq:LiveRelationship]"
                                jcr:primaryType="nt:unstructured"
                                desktopSize="is-auto-desktop"
                                mobileSize="is-auto-mobile"
                                tabletSize="is-auto-tablet"/>
                        </columnsList>
                        <colpar_1
                            cq:lastRolledout="{Date}2024-07-24T19:57:37.500Z"
                            cq:lastRolledoutBy="anna.herbst@lazard.com"
                            jcr:mixinTypes="[cq:LiveRelationship]"
                            jcr:primaryType="nt:unstructured"
                            sling:resourceType="wcm/foundation/components/responsivegrid">
                            <title
                                cq:lastRolledout="{Date}2024-07-24T19:57:37.510Z"
                                cq:lastRolledoutBy="anna.herbst@lazard.com"
                                jcr:created="{Date}2024-07-24T02:50:12.065Z"
                                jcr:createdBy="anna.herbst@lazard.com"
                                jcr:lastModified="{Date}2024-07-24T19:57:37.506Z"
                                jcr:lastModifiedBy="anna.herbst@lazard.com"
                                jcr:mixinTypes="[cq:LiveRelationship]"
                                jcr:primaryType="nt:unstructured"
                                jcr:title="50/50 Card Grid Placeholder"
                                sling:resourceType="lam/components/title"
                                bottomMarginD="50px"
                                bottomMarginM="50px"
                                eyebrowWeight="eyebrow"
                                linkTarget="_self"
                                topMarginD="50px"
                                topMarginM="50px"
                                type="h2"/>
                        </colpar_1>
                    </custom_container_951>
                    <custom_container_779
                        cq:lastRolledout="{Date}2024-07-24T19:57:37.531Z"
                        cq:lastRolledoutBy="anna.herbst@lazard.com"
                        cq:styleIds="[1718059993783,1716903752204]"
                        jcr:created="{Date}2024-07-24T02:50:46.120Z"
                        jcr:createdBy="anna.herbst@lazard.com"
                        jcr:lastModified="{Date}2024-07-24T19:57:37.516Z"
                        jcr:lastModifiedBy="anna.herbst@lazard.com"
                        jcr:mixinTypes="[cq:LiveRelationship]"
                        jcr:primaryType="nt:unstructured"
                        sling:resourceType="lam/components/custom-container"
                        applyCustomizedBorder="true"
                        borderWidth="1px"
                        containerBorders="[rightBorder,leftBorder,insideBorder]"
                        containetBoxType="fixed-contained"
                        contentBorderColor="rgba(23,26,28,0.12)"
                        enableVerticalScrollbar="false"
                        hasNestedCustomContainer="is-not-NestedCustomContainer"
                        hideFinancialIntermediary="false"
                        hideIndividualInvestor="false"
                        hideInstitucionalInvestor="false"
                        hidePrivateWealth="false"
                        isGapless="is-gapped"
                        isHorizontalCentered="is-hnormal"
                        isMobileColumns="is-normal"
                        isVerticalCentered="is-vnormal"
                        showSeparator="false">
                        <columnsList
                            cq:lastRolledout="{Date}2024-07-24T19:57:37.546Z"
                            cq:lastRolledoutBy="anna.herbst@lazard.com"
                            jcr:mixinTypes="[cq:LiveRelationship]"
                            jcr:primaryType="nt:unstructured">
                            <item0
                                cq:lastRolledout="{Date}2024-07-24T19:57:37.555Z"
                                cq:lastRolledoutBy="anna.herbst@lazard.com"
                                jcr:mixinTypes="[cq:LiveRelationship]"
                                jcr:primaryType="nt:unstructured"
                                desktopSize="is-half-desktop"
                                mobileSize="is-auto-mobile"
                                tabletSize="is-auto-tablet"/>
                            <item1
                                cq:lastRolledout="{Date}2024-07-24T19:57:37.558Z"
                                cq:lastRolledoutBy="anna.herbst@lazard.com"
                                jcr:mixinTypes="[cq:LiveRelationship]"
                                jcr:primaryType="nt:unstructured"
                                desktopSize="is-auto-desktop"
                                mobileSize="is-auto-mobile"
                                tabletSize="is-auto-tablet"/>
                            <item2
                                cq:lastRolledout="{Date}2024-07-24T19:57:37.561Z"
                                cq:lastRolledoutBy="anna.herbst@lazard.com"
                                jcr:mixinTypes="[cq:LiveRelationship]"
                                jcr:primaryType="nt:unstructured"
                                desktopSize="is-auto-desktop"
                                mobileSize="is-auto-mobile"
                                tabletSize="is-auto-tablet"/>
                        </columnsList>
                        <colpar_1
                            cq:lastRolledout="{Date}2024-07-24T19:57:37.563Z"
                            cq:lastRolledoutBy="anna.herbst@lazard.com"
                            jcr:mixinTypes="[cq:LiveRelationship]"
                            jcr:primaryType="nt:unstructured"
                            sling:resourceType="wcm/foundation/components/responsivegrid">
                            <title
                                cq:lastRolledout="{Date}2024-07-24T19:57:37.572Z"
                                cq:lastRolledoutBy="anna.herbst@lazard.com"
                                cq:styleIds="[1714663198464,1716563302577]"
                                jcr:created="{Date}2024-07-24T02:51:39.765Z"
                                jcr:createdBy="anna.herbst@lazard.com"
                                jcr:lastModified="{Date}2024-07-24T19:57:37.569Z"
                                jcr:lastModifiedBy="anna.herbst@lazard.com"
                                jcr:mixinTypes="[cq:LiveRelationship]"
                                jcr:primaryType="nt:unstructured"
                                jcr:title="Lorem Fund"
                                sling:resourceType="lam/components/title"
                                bottomMarginD="67px"
                                eyebrow="Lorem Ipsum"
                                eyebrowWeight="eyebrow"
                                linkTarget="_self"
                                topMarginD="80px"
                                type="h2"/>
                        </colpar_1>
                        <colpar_2
                            cq:lastRolledout="{Date}2024-07-24T19:57:37.574Z"
                            cq:lastRolledoutBy="anna.herbst@lazard.com"
                            jcr:mixinTypes="[cq:LiveRelationship]"
                            jcr:primaryType="nt:unstructured"
                            sling:resourceType="wcm/foundation/components/responsivegrid">
                            <text
                                cq:lastRolledout="{Date}2024-07-24T19:57:37.582Z"
                                cq:lastRolledoutBy="anna.herbst@lazard.com"
                                jcr:created="{Date}2024-07-24T02:52:34.646Z"
                                jcr:createdBy="anna.herbst@lazard.com"
                                jcr:lastModified="{Date}2024-07-24T19:57:37.579Z"
                                jcr:lastModifiedBy="anna.herbst@lazard.com"
                                jcr:mixinTypes="[cq:LiveRelationship]"
                                jcr:primaryType="nt:unstructured"
                                sling:resourceType="lam/components/text"
                                bottomMarginD="53px"
                                text="&lt;p>Lorem ipsum dolor sit amet, consectetur adipiscing elit. Tellus in odio at quisque at odio lobortis id.&lt;/p>&#xd;&#xa;"
                                textIsRich="true"
                                topMarginD="132px"/>
                        </colpar_2>
                    </custom_container_779>
                    <custom_container_151
                        cq:lastRolledout="{Date}2024-07-24T19:57:37.607Z"
                        cq:lastRolledoutBy="anna.herbst@lazard.com"
                        cq:styleIds="[1716903752204]"
                        jcr:created="{Date}2024-07-24T03:12:12.313Z"
                        jcr:createdBy="anna.herbst@lazard.com"
                        jcr:lastModified="{Date}2024-07-24T19:57:37.588Z"
                        jcr:lastModifiedBy="anna.herbst@lazard.com"
                        jcr:mixinTypes="[cq:LiveRelationship]"
                        jcr:primaryType="nt:unstructured"
                        sling:resourceType="lam/components/custom-container"
                        applyCustomizedBorder="true"
                        borderWidth="1px"
                        containerBorders="[rightBorder,leftBorder,insideBorder]"
                        containetBoxType="fixed-contained"
                        contentBorderColor="rgba(23,26,28,0.12)"
                        enableVerticalScrollbar="false"
                        hasNestedCustomContainer="is-not-NestedCustomContainer"
                        hideFinancialIntermediary="false"
                        hideIndividualInvestor="false"
                        hideInstitucionalInvestor="false"
                        hidePrivateWealth="false"
                        isGapless="is-gapped"
                        isHorizontalCentered="is-hnormal"
                        isMobileColumns="is-normal"
                        isVerticalCentered="is-vnormal"
                        showSeparator="false">
                        <columnsList
                            cq:lastRolledout="{Date}2024-07-24T19:57:37.630Z"
                            cq:lastRolledoutBy="anna.herbst@lazard.com"
                            jcr:mixinTypes="[cq:LiveRelationship]"
                            jcr:primaryType="nt:unstructured">
                            <item0
                                cq:lastRolledout="{Date}2024-07-24T19:57:37.640Z"
                                cq:lastRolledoutBy="anna.herbst@lazard.com"
                                jcr:mixinTypes="[cq:LiveRelationship]"
                                jcr:primaryType="nt:unstructured"
                                desktopSize="is-auto-desktop"
                                mobileSize="is-auto-mobile"
                                tabletSize="is-auto-tablet"/>
                            <item1
                                cq:lastRolledout="{Date}2024-07-24T19:57:37.643Z"
                                cq:lastRolledoutBy="anna.herbst@lazard.com"
                                jcr:mixinTypes="[cq:LiveRelationship]"
                                jcr:primaryType="nt:unstructured"
                                desktopSize="is-auto-desktop"
                                mobileSize="is-auto-mobile"
                                tabletSize="is-auto-tablet"/>
                            <item2
                                cq:lastRolledout="{Date}2024-07-24T19:57:37.646Z"
                                cq:lastRolledoutBy="anna.herbst@lazard.com"
                                jcr:mixinTypes="[cq:LiveRelationship]"
                                jcr:primaryType="nt:unstructured"
                                desktopSize="is-auto-desktop"
                                mobileSize="is-auto-mobile"
                                tabletSize="is-auto-tablet"/>
                            <item3
                                cq:lastRolledout="{Date}2024-07-24T19:57:37.650Z"
                                cq:lastRolledoutBy="anna.herbst@lazard.com"
                                jcr:mixinTypes="[cq:LiveRelationship]"
                                jcr:primaryType="nt:unstructured"
                                desktopSize="is-auto-desktop"
                                mobileSize="is-auto-mobile"
                                tabletSize="is-auto-tablet"/>
                        </columnsList>
                        <colpar_1
                            cq:lastRolledout="{Date}2024-07-24T19:57:37.652Z"
                            cq:lastRolledoutBy="anna.herbst@lazard.com"
                            jcr:mixinTypes="[cq:LiveRelationship]"
                            jcr:primaryType="nt:unstructured"
                            sling:resourceType="wcm/foundation/components/responsivegrid">
                            <fund_card
                                cq:lastRolledout="{Date}2024-07-24T19:57:37.659Z"
                                cq:lastRolledoutBy="anna.herbst@lazard.com"
                                jcr:created="{Date}2024-07-24T03:12:57.193Z"
                                jcr:createdBy="anna.herbst@lazard.com"
                                jcr:lastModified="{Date}2024-07-24T19:57:37.656Z"
                                jcr:lastModifiedBy="anna.herbst@lazard.com"
                                jcr:mixinTypes="[cq:LiveRelationship]"
                                jcr:primaryType="nt:unstructured"
                                sling:resourceType="lam/components/fund-card"
                                bottomMarginD="80px"
                                productPagePath="/content/lam/us/test/demo-pages/demo-fund-detail-page"/>
                        </colpar_1>
                        <colpar_2
                            cq:lastRolledout="{Date}2024-07-24T19:57:37.661Z"
                            cq:lastRolledoutBy="anna.herbst@lazard.com"
                            jcr:mixinTypes="[cq:LiveRelationship]"
                            jcr:primaryType="nt:unstructured"
                            sling:resourceType="wcm/foundation/components/responsivegrid">
                            <fund_card_copy
                                cq:lastRolledout="{Date}2024-07-24T19:57:37.667Z"
                                cq:lastRolledoutBy="anna.herbst@lazard.com"
                                jcr:created="{Date}2024-07-24T03:12:57.193Z"
                                jcr:createdBy="anna.herbst@lazard.com"
                                jcr:lastModified="{Date}2024-07-24T19:57:37.665Z"
                                jcr:lastModifiedBy="anna.herbst@lazard.com"
                                jcr:mixinTypes="[cq:LiveRelationship]"
                                jcr:primaryType="nt:unstructured"
                                sling:resourceType="lam/components/fund-card"
                                bottomMarginD="80px"
                                productPagePath="/content/lam/us/test/demo-pages/demo-fund-detail-page"/>
                        </colpar_2>
                        <colpar_3
                            cq:lastRolledout="{Date}2024-07-24T19:57:37.669Z"
                            cq:lastRolledoutBy="anna.herbst@lazard.com"
                            jcr:mixinTypes="[cq:LiveRelationship]"
                            jcr:primaryType="nt:unstructured"
                            sling:resourceType="wcm/foundation/components/responsivegrid">
                            <fund_card_copy
                                cq:lastRolledout="{Date}2024-07-24T19:57:37.676Z"
                                cq:lastRolledoutBy="anna.herbst@lazard.com"
                                jcr:created="{Date}2024-07-24T03:12:57.193Z"
                                jcr:createdBy="anna.herbst@lazard.com"
                                jcr:lastModified="{Date}2024-07-24T19:57:37.673Z"
                                jcr:lastModifiedBy="anna.herbst@lazard.com"
                                jcr:mixinTypes="[cq:LiveRelationship]"
                                jcr:primaryType="nt:unstructured"
                                sling:resourceType="lam/components/fund-card"
                                bottomMarginD="80px"
                                productPagePath="/content/lam/us/test/demo-pages/demo-fund-detail-page"/>
                        </colpar_3>
                        <colpar_4
                            cq:lastRolledout="{Date}2024-07-24T19:57:37.678Z"
                            cq:lastRolledoutBy="anna.herbst@lazard.com"
                            jcr:mixinTypes="[cq:LiveRelationship]"
                            jcr:primaryType="nt:unstructured"
                            sling:resourceType="wcm/foundation/components/responsivegrid">
                            <fund_card_copy
                                cq:lastRolledout="{Date}2024-07-24T19:57:37.685Z"
                                cq:lastRolledoutBy="anna.herbst@lazard.com"
                                jcr:created="{Date}2024-07-24T03:12:57.193Z"
                                jcr:createdBy="anna.herbst@lazard.com"
                                jcr:lastModified="{Date}2024-07-24T19:57:37.682Z"
                                jcr:lastModifiedBy="anna.herbst@lazard.com"
                                jcr:mixinTypes="[cq:LiveRelationship]"
                                jcr:primaryType="nt:unstructured"
                                sling:resourceType="lam/components/fund-card"
                                bottomMarginD="80px"
                                productPagePath="/content/lam/us/test/demo-pages/demo-fund-detail-page"/>
                        </colpar_4>
                    </custom_container_151>
                    <custom_container_177
                        cq:lastRolledout="{Date}2024-07-24T19:57:37.700Z"
                        cq:lastRolledoutBy="anna.herbst@lazard.com"
                        cq:styleIds="[1716903741074,1718059993783]"
                        jcr:created="{Date}2024-07-24T03:56:26.368Z"
                        jcr:createdBy="anna.herbst@lazard.com"
                        jcr:lastModified="{Date}2024-07-24T19:57:37.690Z"
                        jcr:lastModifiedBy="anna.herbst@lazard.com"
                        jcr:mixinTypes="[cq:LiveRelationship]"
                        jcr:primaryType="nt:unstructured"
                        sling:resourceType="lam/components/custom-container"
                        applyCustomizedBorder="false"
                        containetBoxType="fixed-contained"
                        enableVerticalScrollbar="false"
                        hasNestedCustomContainer="is-not-NestedCustomContainer"
                        hideFinancialIntermediary="false"
                        hideIndividualInvestor="false"
                        hideInstitucionalInvestor="false"
                        hidePrivateWealth="false"
                        isGapless="is-gapped"
                        isHorizontalCentered="is-hnormal"
                        isMobileColumns="is-normal"
                        isVerticalCentered="is-vnormal"
                        showSeparator="false">
                        <columnsList
                            cq:lastRolledout="{Date}2024-07-24T19:57:37.705Z"
                            cq:lastRolledoutBy="anna.herbst@lazard.com"
                            jcr:mixinTypes="[cq:LiveRelationship]"
                            jcr:primaryType="nt:unstructured">
                            <item0
                                cq:lastRolledout="{Date}2024-07-24T19:57:37.710Z"
                                cq:lastRolledoutBy="anna.herbst@lazard.com"
                                jcr:mixinTypes="[cq:LiveRelationship]"
                                jcr:primaryType="nt:unstructured"
                                desktopSize="is-auto-desktop"
                                mobileSize="is-auto-mobile"
                                tabletSize="is-auto-tablet"/>
                        </columnsList>
                        <colpar_1
                            cq:lastRolledout="{Date}2024-07-24T19:57:37.730Z"
                            cq:lastRolledoutBy="anna.herbst@lazard.com"
                            jcr:mixinTypes="[cq:LiveRelationship]"
                            jcr:primaryType="nt:unstructured"
                            sling:resourceType="wcm/foundation/components/responsivegrid">
                            <title
                                cq:lastRolledout="{Date}2024-07-24T19:57:37.748Z"
                                cq:lastRolledoutBy="anna.herbst@lazard.com"
                                cq:styleIds="[1714663198464,1716563302577]"
                                jcr:created="{Date}2024-07-24T03:57:09.527Z"
                                jcr:createdBy="anna.herbst@lazard.com"
                                jcr:lastModified="{Date}2024-07-24T19:57:37.744Z"
                                jcr:lastModifiedBy="anna.herbst@lazard.com"
                                jcr:mixinTypes="[cq:LiveRelationship]"
                                jcr:primaryType="nt:unstructured"
                                jcr:title="Lorem Fund"
                                sling:resourceType="lam/components/title"
                                bottomMarginM="40px"
                                eyebrow="Lorem Ipsum"
                                eyebrowWeight="eyebrow"
                                linkTarget="_self"
                                topMarginM="47px"
                                type="h2"/>
                            <text
                                cq:lastRolledout="{Date}2024-07-24T19:57:37.754Z"
                                cq:lastRolledoutBy="anna.herbst@lazard.com"
                                cq:styleIds="[1715181164415]"
                                jcr:created="{Date}2024-07-24T03:57:42.377Z"
                                jcr:createdBy="anna.herbst@lazard.com"
                                jcr:lastModified="{Date}2024-07-24T19:57:37.751Z"
                                jcr:lastModifiedBy="anna.herbst@lazard.com"
                                jcr:mixinTypes="[cq:LiveRelationship]"
                                jcr:primaryType="nt:unstructured"
                                sling:resourceType="lam/components/text"
                                bottomMarginM="40px"
                                text="&lt;p>Lorem ipsum dolor sit amet, consectetur adipiscing elit. Tellus in odio at quisque at odio lobortis id.&lt;/p>&#xd;&#xa;"
                                textIsRich="true"/>
                            <fund_card
                                cq:lastRolledout="{Date}2024-07-24T19:57:37.759Z"
                                cq:lastRolledoutBy="anna.herbst@lazard.com"
                                jcr:created="{Date}2024-07-24T03:58:19.470Z"
                                jcr:createdBy="anna.herbst@lazard.com"
                                jcr:lastModified="{Date}2024-07-24T19:57:37.756Z"
                                jcr:lastModifiedBy="anna.herbst@lazard.com"
                                jcr:mixinTypes="[cq:LiveRelationship]"
                                jcr:primaryType="nt:unstructured"
                                sling:resourceType="lam/components/fund-card"
                                bottomMarginM="24px"
                                productPagePath="/content/lam/us/test/demo-pages/demo-fund-detail-page"/>
                            <fund_card_copy
                                cq:lastRolledout="{Date}2024-07-24T19:57:37.764Z"
                                cq:lastRolledoutBy="anna.herbst@lazard.com"
                                jcr:created="{Date}2024-07-24T03:58:19.470Z"
                                jcr:createdBy="anna.herbst@lazard.com"
                                jcr:lastModified="{Date}2024-07-24T19:57:37.761Z"
                                jcr:lastModifiedBy="anna.herbst@lazard.com"
                                jcr:mixinTypes="[cq:LiveRelationship]"
                                jcr:primaryType="nt:unstructured"
                                sling:resourceType="lam/components/fund-card"
                                bottomMarginM="24px"
                                productPagePath="/content/lam/us/test/demo-pages/demo-fund-detail-page"/>
                            <fund_card_copy_1747100575
                                cq:lastRolledout="{Date}2024-07-24T19:57:37.769Z"
                                cq:lastRolledoutBy="anna.herbst@lazard.com"
                                jcr:created="{Date}2024-07-24T03:58:19.470Z"
                                jcr:createdBy="anna.herbst@lazard.com"
                                jcr:lastModified="{Date}2024-07-24T19:57:37.766Z"
                                jcr:lastModifiedBy="anna.herbst@lazard.com"
                                jcr:mixinTypes="[cq:LiveRelationship]"
                                jcr:primaryType="nt:unstructured"
                                sling:resourceType="lam/components/fund-card"
                                bottomMarginM="24px"
                                productPagePath="/content/lam/us/test/demo-pages/demo-fund-detail-page"/>
                            <fund_card_copy_1286375023
                                cq:lastRolledout="{Date}2024-07-24T19:57:37.773Z"
                                cq:lastRolledoutBy="anna.herbst@lazard.com"
                                jcr:created="{Date}2024-07-24T03:58:19.470Z"
                                jcr:createdBy="anna.herbst@lazard.com"
                                jcr:lastModified="{Date}2024-07-24T19:57:37.771Z"
                                jcr:lastModifiedBy="anna.herbst@lazard.com"
                                jcr:mixinTypes="[cq:LiveRelationship]"
                                jcr:primaryType="nt:unstructured"
                                sling:resourceType="lam/components/fund-card"
                                bottomMarginM="49px"
                                productPagePath="/content/lam/us/test/demo-pages/demo-fund-detail-page"/>
                        </colpar_1>
                    </custom_container_177>
                    <custom_container_200
                        cq:lastRolledout="{Date}2024-07-24T19:57:37.802Z"
                        cq:lastRolledoutBy="anna.herbst@lazard.com"
                        jcr:created="{Date}2024-07-24T03:44:03.672Z"
                        jcr:createdBy="anna.herbst@lazard.com"
                        jcr:lastModified="{Date}2024-07-24T19:57:37.779Z"
                        jcr:lastModifiedBy="anna.herbst@lazard.com"
                        jcr:mixinTypes="[cq:LiveRelationship]"
                        jcr:primaryType="nt:unstructured"
                        sling:resourceType="lam/components/custom-container"
                        applyCustomizedBorder="false"
                        containetBoxType="fixed-contained"
                        enableVerticalScrollbar="false"
                        hasNestedCustomContainer="is-NestedCustomContainer"
                        hideFinancialIntermediary="false"
                        hideIndividualInvestor="true"
                        hideInstitucionalInvestor="false"
                        hidePrivateWealth="true"
                        isGapless="is-gapped"
                        isHorizontalCentered="is-hnormal"
                        isMobileColumns="is-normal"
                        isVerticalCentered="is-vnormal"
                        showSeparator="false">
                        <colpar_1
                            cq:lastRolledout="{Date}2024-07-24T19:57:37.807Z"
                            cq:lastRolledoutBy="anna.herbst@lazard.com"
                            jcr:mixinTypes="[cq:LiveRelationship]"
                            jcr:primaryType="nt:unstructured"
                            sling:resourceType="wcm/foundation/components/responsivegrid">
                            <image_and_text
                                cq:lastRolledout="{Date}2024-07-24T19:57:37.818Z"
                                cq:lastRolledoutBy="anna.herbst@lazard.com"
                                jcr:created="{Date}2024-07-24T03:44:15.491Z"
                                jcr:createdBy="anna.herbst@lazard.com"
                                jcr:lastModified="{Date}2024-07-24T19:57:37.814Z"
                                jcr:lastModifiedBy="anna.herbst@lazard.com"
                                jcr:mixinTypes="[cq:LiveRelationship]"
                                jcr:primaryType="nt:unstructured"
                                jcr:title="Learn More"
                                sling:resourceType="lam/components/image-and-text/image-and-text"
                                assetPosition="left"
                                colorType="light"
                                darkColor="#171A1C"
                                displayLayout="2-up"
                                lightColor="#FFFFFF"
                                linkTarget="_self"
                                linkURL="#"
                                text="\[Body] Lorem ipsum dolor sit amet, consectetur adipiscing elit. Tellus in odio at quisque at odio lobortis id."
                                title="Lazard Family Office Partners">
                                <items
                                    cq:lastRolledout="{Date}2024-07-24T19:57:37.823Z"
                                    cq:lastRolledoutBy="anna.herbst@lazard.com"
                                    jcr:mixinTypes="[cq:LiveRelationship]"
                                    jcr:primaryType="nt:unstructured"
                                    sling:resourceType="lam/components/image-and-text/image-and-text-item-container">
                                    <image
                                        cq:lastRolledout="{Date}2024-07-24T19:57:37.832Z"
                                        cq:lastRolledoutBy="anna.herbst@lazard.com"
                                        cq:styleIds="[1715193184573]"
                                        jcr:created="{Date}2024-07-24T03:45:30.943Z"
                                        jcr:createdBy="anna.herbst@lazard.com"
                                        jcr:lastModified="{Date}2024-07-24T19:57:37.828Z"
                                        jcr:lastModifiedBy="anna.herbst@lazard.com"
                                        jcr:mixinTypes="[cq:LiveRelationship]"
                                        jcr:primaryType="nt:unstructured"
                                        sling:resourceType="lam/components/image"
                                        displayPopupTitle="true"
                                        dmPresetType="imagePreset"
                                        fileReference="/content/dam/lam/demo-asset/Homepage Image Text.png"
                                        imageFromPageImage="false"
                                        isDecorative="true"
                                        linkTarget="_self"
                                        showExpandButton="true"
                                        titleValueFromDAM="true"/>
                                </items>
                            </image_and_text>
                        </colpar_1>
                        <columnsList
                            cq:lastRolledout="{Date}2024-07-24T19:57:37.834Z"
                            cq:lastRolledoutBy="anna.herbst@lazard.com"
                            jcr:mixinTypes="[cq:LiveRelationship]"
                            jcr:primaryType="nt:unstructured">
                            <item0
                                cq:lastRolledout="{Date}2024-07-24T19:57:37.839Z"
                                cq:lastRolledoutBy="anna.herbst@lazard.com"
                                jcr:mixinTypes="[cq:LiveRelationship]"
                                jcr:primaryType="nt:unstructured"
                                desktopSize="is-auto-desktop"
                                mobileSize="is-auto-mobile"
                                tabletSize="is-auto-tablet"/>
                        </columnsList>
                    </custom_container_200>
                    <custom_container_cop
                        cq:lastRolledout="{Date}2024-07-24T19:57:37.860Z"
                        cq:lastRolledoutBy="anna.herbst@lazard.com"
                        cq:styleIds="[1716903752204,1718059985668]"
                        jcr:created="{Date}2024-07-24T03:19:28.564Z"
                        jcr:createdBy="anna.herbst@lazard.com"
                        jcr:lastModified="{Date}2024-07-24T19:57:37.845Z"
                        jcr:lastModifiedBy="anna.herbst@lazard.com"
                        jcr:mixinTypes="[cq:LiveRelationship]"
                        jcr:primaryType="nt:unstructured"
                        sling:resourceType="lam/components/custom-container"
                        applyCustomizedBorder="true"
                        backgroundColor="#171A1C"
                        borderWidth="1px"
                        containerBorders="[rightBorder,leftBorder]"
                        containetBoxType="fixed-contained"
                        contentBorderColor="rgba(255,255,255,0.12)"
                        enableVerticalScrollbar="false"
                        hasNestedCustomContainer="is-NestedCustomContainer"
                        hideFinancialIntermediary="false"
                        hideIndividualInvestor="false"
                        hideInstitucionalInvestor="false"
                        hidePrivateWealth="false"
                        isGapless="is-gapped"
                        isHorizontalCentered="is-hnormal"
                        isMobileColumns="is-normal"
                        isVerticalCentered="is-vnormal"
                        showSeparator="false">
                        <columnsList
                            cq:lastRolledout="{Date}2024-07-24T19:57:37.873Z"
                            cq:lastRolledoutBy="anna.herbst@lazard.com"
                            jcr:mixinTypes="[cq:LiveRelationship]"
                            jcr:primaryType="nt:unstructured">
                            <item0
                                cq:lastRolledout="{Date}2024-07-24T19:57:37.880Z"
                                cq:lastRolledoutBy="anna.herbst@lazard.com"
                                jcr:mixinTypes="[cq:LiveRelationship]"
                                jcr:primaryType="nt:unstructured"
                                desktopSize="is-auto-desktop"
                                mobileSize="is-auto-mobile"
                                tabletSize="is-auto-tablet"/>
                            <item1
                                cq:lastRolledout="{Date}2024-07-24T19:57:37.883Z"
                                cq:lastRolledoutBy="anna.herbst@lazard.com"
                                jcr:mixinTypes="[cq:LiveRelationship]"
                                jcr:primaryType="nt:unstructured"
                                desktopSize="is-auto-desktop"
                                mobileSize="is-auto-mobile"
                                tabletSize="is-auto-tablet"/>
                        </columnsList>
                        <colpar_1
                            cq:lastRolledout="{Date}2024-07-24T19:57:37.892Z"
                            cq:lastRolledoutBy="anna.herbst@lazard.com"
                            jcr:mixinTypes="[cq:LiveRelationship]"
                            jcr:primaryType="nt:unstructured"
                            sling:resourceType="wcm/foundation/components/responsivegrid">
                            <custom_container
                                cq:lastRolledout="{Date}2024-07-24T19:57:37.914Z"
                                cq:lastRolledoutBy="anna.herbst@lazard.com"
                                cq:styleIds="[1716903752204]"
                                jcr:created="{Date}2024-07-24T03:20:25.085Z"
                                jcr:createdBy="anna.herbst@lazard.com"
                                jcr:lastModified="{Date}2024-07-24T19:57:37.902Z"
                                jcr:lastModifiedBy="anna.herbst@lazard.com"
                                jcr:mixinTypes="[cq:LiveRelationship]"
                                jcr:primaryType="nt:unstructured"
                                sling:resourceType="lam/components/custom-container"
                                applyCustomizedBorder="true"
                                borderWidth="1px"
                                containerBorders="[rightBorder,bottomBorder]"
                                containetBoxType="fixed-contained"
                                contentBorderColor="rgba(255,255,255,0.12)"
                                enableVerticalScrollbar="false"
                                hasNestedCustomContainer="is-not-NestedCustomContainer"
                                hideFinancialIntermediary="false"
                                hideIndividualInvestor="false"
                                hideInstitucionalInvestor="false"
                                hidePrivateWealth="false"
                                isGapless="is-gapped"
                                isHorizontalCentered="is-hnormal"
                                isMobileColumns="is-normal"
                                isVerticalCentered="is-vnormal"
                                showSeparator="false">
                                <columnsList
                                    cq:lastRolledout="{Date}2024-07-24T19:57:37.920Z"
                                    cq:lastRolledoutBy="anna.herbst@lazard.com"
                                    jcr:mixinTypes="[cq:LiveRelationship]"
                                    jcr:primaryType="nt:unstructured">
                                    <item0
                                        cq:lastRolledout="{Date}2024-07-24T19:57:37.926Z"
                                        cq:lastRolledoutBy="anna.herbst@lazard.com"
                                        jcr:mixinTypes="[cq:LiveRelationship]"
                                        jcr:primaryType="nt:unstructured"
                                        desktopSize="is-auto-desktop"
                                        mobileSize="is-auto-mobile"
                                        tabletSize="is-auto-tablet"/>
                                </columnsList>
                                <colpar_1
                                    cq:lastRolledout="{Date}2024-07-24T19:57:37.928Z"
                                    cq:lastRolledoutBy="anna.herbst@lazard.com"
                                    jcr:mixinTypes="[cq:LiveRelationship]"
                                    jcr:primaryType="nt:unstructured"
                                    sling:resourceType="wcm/foundation/components/responsivegrid">
                                    <title
                                        cq:lastRolledout="{Date}2024-07-24T19:57:37.938Z"
                                        cq:lastRolledoutBy="anna.herbst@lazard.com"
                                        cq:styleIds="[1714663198464,1718058320182]"
                                        jcr:created="{Date}2024-07-24T03:20:49.219Z"
                                        jcr:createdBy="anna.herbst@lazard.com"
                                        jcr:lastModified="{Date}2024-07-24T19:57:37.934Z"
                                        jcr:lastModifiedBy="anna.herbst@lazard.com"
                                        jcr:mixinTypes="[cq:LiveRelationship]"
                                        jcr:primaryType="nt:unstructured"
                                        jcr:title="Get In Touch"
                                        sling:resourceType="lam/components/title"
                                        bottomMarginD="31px"
                                        eyebrowWeight="eyebrow"
                                        linkTarget="_self"
                                        topMarginD="271px"
                                        type="h2"/>
                                </colpar_1>
                            </custom_container>
                            <custom_container_243973212
                                cq:lastRolledout="{Date}2024-07-24T19:57:37.949Z"
                                cq:lastRolledoutBy="anna.herbst@lazard.com"
                                cq:styleIds="[1716903752204]"
                                jcr:created="{Date}2024-07-24T03:21:27.581Z"
                                jcr:createdBy="anna.herbst@lazard.com"
                                jcr:lastModified="{Date}2024-07-24T19:57:37.945Z"
                                jcr:lastModifiedBy="anna.herbst@lazard.com"
                                jcr:mixinTypes="[cq:LiveRelationship]"
                                jcr:primaryType="nt:unstructured"
                                sling:resourceType="lam/components/custom-container"
                                applyCustomizedBorder="false"
                                containetBoxType="fixed-contained"
                                enableVerticalScrollbar="false"
                                hasNestedCustomContainer="is-not-NestedCustomContainer"
                                hideFinancialIntermediary="false"
                                hideIndividualInvestor="false"
                                hideInstitucionalInvestor="false"
                                hidePrivateWealth="false"
                                isGapless="is-gapped"
                                isHorizontalCentered="is-hnormal"
                                isMobileColumns="is-normal"
                                isVerticalCentered="is-vnormal"
                                showSeparator="false"
                                topMarginD="64px">
                                <columnsList
                                    cq:lastRolledout="{Date}2024-07-24T19:57:37.953Z"
                                    cq:lastRolledoutBy="anna.herbst@lazard.com"
                                    jcr:mixinTypes="[cq:LiveRelationship]"
                                    jcr:primaryType="nt:unstructured">
                                    <item0
                                        cq:lastRolledout="{Date}2024-07-24T19:57:37.958Z"
                                        cq:lastRolledoutBy="anna.herbst@lazard.com"
                                        jcr:mixinTypes="[cq:LiveRelationship]"
                                        jcr:primaryType="nt:unstructured"
                                        desktopSize="is-auto-desktop"
                                        mobileSize="is-auto-mobile"
                                        tabletSize="is-auto-tablet"/>
                                </columnsList>
                            </custom_container_243973212>
                        </colpar_1>
                        <colpar_2
                            cq:lastRolledout="{Date}2024-07-24T19:57:37.967Z"
                            cq:lastRolledoutBy="anna.herbst@lazard.com"
                            jcr:mixinTypes="[cq:LiveRelationship]"
                            jcr:primaryType="nt:unstructured"
                            sling:resourceType="wcm/foundation/components/responsivegrid">
                            <custom_container
                                cq:lastRolledout="{Date}2024-07-24T19:57:37.991Z"
                                cq:lastRolledoutBy="anna.herbst@lazard.com"
                                cq:styleIds="[1716903752204]"
                                jcr:created="{Date}2024-07-24T03:21:59.447Z"
                                jcr:createdBy="anna.herbst@lazard.com"
                                jcr:lastModified="{Date}2024-07-24T19:57:37.977Z"
                                jcr:lastModifiedBy="anna.herbst@lazard.com"
                                jcr:mixinTypes="[cq:LiveRelationship]"
                                jcr:primaryType="nt:unstructured"
                                sling:resourceType="lam/components/custom-container"
                                applyCustomizedBorder="true"
                                borderWidth="1px"
                                containerBorders="[topBorder,bottomBorder]"
                                containetBoxType="fixed-contained"
                                contentBorderColor="rgba(255,255,255,0.12)"
                                enableVerticalScrollbar="false"
                                hasNestedCustomContainer="is-not-NestedCustomContainer"
                                hideFinancialIntermediary="false"
                                hideIndividualInvestor="false"
                                hideInstitucionalInvestor="false"
                                hidePrivateWealth="false"
                                isGapless="is-gapless"
                                isHorizontalCentered="is-hnormal"
                                isMobileColumns="is-normal"
                                isVerticalCentered="is-vnormal"
                                showSeparator="false"
                                topMarginD="60px">
                                <colpar_1
                                    cq:lastRolledout="{Date}2024-07-24T19:57:37.998Z"
                                    cq:lastRolledoutBy="anna.herbst@lazard.com"
                                    jcr:mixinTypes="[cq:LiveRelationship]"
                                    jcr:primaryType="nt:unstructured"
                                    sling:resourceType="wcm/foundation/components/responsivegrid">
                                    <text
                                        cq:lastRolledout="{Date}2024-07-24T19:57:38.006Z"
                                        cq:lastRolledoutBy="anna.herbst@lazard.com"
                                        cq:styleIds="[1715181126107]"
                                        jcr:created="{Date}2024-07-24T03:22:30.390Z"
                                        jcr:createdBy="anna.herbst@lazard.com"
                                        jcr:lastModified="{Date}2024-07-24T19:57:38.003Z"
                                        jcr:lastModifiedBy="anna.herbst@lazard.com"
                                        jcr:mixinTypes="[cq:LiveRelationship]"
                                        jcr:primaryType="nt:unstructured"
                                        sling:resourceType="lam/components/text"
                                        bottomMarginD="50px"
                                        text="&lt;p>Lorem ipsum dolor sit amet consectetur. Tristique tincidunt porttitor lobortis etiam.&lt;/p>&#xd;&#xa;"
                                        textIsRich="true"
                                        topMarginD="222px"/>
                                </colpar_1>
                                <columnsList
                                    cq:lastRolledout="{Date}2024-07-24T19:57:38.014Z"
                                    cq:lastRolledoutBy="anna.herbst@lazard.com"
                                    jcr:mixinTypes="[cq:LiveRelationship]"
                                    jcr:primaryType="nt:unstructured">
                                    <item0
                                        cq:lastRolledout="{Date}2024-07-24T19:57:38.021Z"
                                        cq:lastRolledoutBy="anna.herbst@lazard.com"
                                        jcr:mixinTypes="[cq:LiveRelationship]"
                                        jcr:primaryType="nt:unstructured"
                                        desktopSize="is-auto-desktop"
                                        mobileSize="is-auto-mobile"
                                        tabletSize="is-auto-tablet"/>
                                    <item1
                                        cq:lastRolledout="{Date}2024-07-24T19:57:38.024Z"
                                        cq:lastRolledoutBy="anna.herbst@lazard.com"
                                        jcr:mixinTypes="[cq:LiveRelationship]"
                                        jcr:primaryType="nt:unstructured"
                                        desktopSize="is-one-third-desktop"
                                        mobileSize="is-auto-mobile"
                                        tabletSize="is-auto-tablet"/>
                                </columnsList>
                                <colpar_2
                                    cq:lastRolledout="{Date}2024-07-24T19:57:38.027Z"
                                    cq:lastRolledoutBy="anna.herbst@lazard.com"
                                    jcr:mixinTypes="[cq:LiveRelationship]"
                                    jcr:primaryType="nt:unstructured"
                                    sling:resourceType="wcm/foundation/components/responsivegrid">
                                    <button
                                        cq:lastRolledout="{Date}2024-07-24T19:57:38.035Z"
                                        cq:lastRolledoutBy="anna.herbst@lazard.com"
                                        cq:styleIds="[1714575764632]"
                                        jcr:created="{Date}2024-07-24T03:23:28.809Z"
                                        jcr:createdBy="anna.herbst@lazard.com"
                                        jcr:lastModified="{Date}2024-07-24T19:57:38.032Z"
                                        jcr:lastModifiedBy="anna.herbst@lazard.com"
                                        jcr:mixinTypes="[cq:LiveRelationship]"
                                        jcr:primaryType="nt:unstructured"
                                        jcr:title="Contact Us"
                                        sling:resourceType="lam/components/button"
                                        bottomMarginD="32px"
                                        linkTarget="_self"
                                        linkURL="#"
                                        topMarginD="219px"/>
                                </colpar_2>
                            </custom_container>
                            <custom_container_1521425160
                                cq:lastRolledout="{Date}2024-07-24T19:57:38.045Z"
                                cq:lastRolledoutBy="anna.herbst@lazard.com"
                                cq:styleIds="[1716903752204]"
                                jcr:created="{Date}2024-07-24T03:23:59.810Z"
                                jcr:createdBy="anna.herbst@lazard.com"
                                jcr:lastModified="{Date}2024-07-24T19:57:38.041Z"
                                jcr:lastModifiedBy="anna.herbst@lazard.com"
                                jcr:mixinTypes="[cq:LiveRelationship]"
                                jcr:primaryType="nt:unstructured"
                                sling:resourceType="lam/components/custom-container"
                                applyCustomizedBorder="false"
                                containetBoxType="fixed-contained"
                                enableVerticalScrollbar="false"
                                hasNestedCustomContainer="is-not-NestedCustomContainer"
                                hideFinancialIntermediary="false"
                                hideIndividualInvestor="false"
                                hideInstitucionalInvestor="false"
                                hidePrivateWealth="false"
                                isGapless="is-gapped"
                                isHorizontalCentered="is-hnormal"
                                isMobileColumns="is-normal"
                                isVerticalCentered="is-vnormal"
                                showSeparator="false"
                                topMarginD="64px">
                                <columnsList
                                    cq:lastRolledout="{Date}2024-07-24T19:57:38.049Z"
                                    cq:lastRolledoutBy="anna.herbst@lazard.com"
                                    jcr:mixinTypes="[cq:LiveRelationship]"
                                    jcr:primaryType="nt:unstructured">
                                    <item0
                                        cq:lastRolledout="{Date}2024-07-24T19:57:38.054Z"
                                        cq:lastRolledoutBy="anna.herbst@lazard.com"
                                        jcr:mixinTypes="[cq:LiveRelationship]"
                                        jcr:primaryType="nt:unstructured"
                                        desktopSize="is-auto-desktop"
                                        mobileSize="is-auto-mobile"
                                        tabletSize="is-auto-tablet"/>
                                </columnsList>
                            </custom_container_1521425160>
                        </colpar_2>
                    </custom_container_cop>
                    <custom_container_147
                        cq:lastRolledout="{Date}2024-07-24T19:57:38.069Z"
                        cq:lastRolledoutBy="anna.herbst@lazard.com"
                        cq:styleIds="[1716903741074,1718059985668]"
                        jcr:created="{Date}2024-07-24T03:27:04.680Z"
                        jcr:createdBy="anna.herbst@lazard.com"
                        jcr:lastModified="{Date}2024-07-24T19:57:38.059Z"
                        jcr:lastModifiedBy="anna.herbst@lazard.com"
                        jcr:mixinTypes="[cq:LiveRelationship]"
                        jcr:primaryType="nt:unstructured"
                        sling:resourceType="lam/components/custom-container"
                        applyCustomizedBorder="false"
                        backgroundColor="#171A1C"
                        containetBoxType="fixed-contained"
                        enableVerticalScrollbar="false"
                        hasNestedCustomContainer="is-NestedCustomContainer"
                        hideFinancialIntermediary="false"
                        hideIndividualInvestor="false"
                        hideInstitucionalInvestor="false"
                        hidePrivateWealth="false"
                        isGapless="is-gapped"
                        isHorizontalCentered="is-hnormal"
                        isMobileColumns="is-normal"
                        isVerticalCentered="is-vnormal"
                        showSeparator="false">
                        <columnsList
                            cq:lastRolledout="{Date}2024-07-24T19:57:38.074Z"
                            cq:lastRolledoutBy="anna.herbst@lazard.com"
                            jcr:mixinTypes="[cq:LiveRelationship]"
                            jcr:primaryType="nt:unstructured">
                            <item0
                                cq:lastRolledout="{Date}2024-07-24T19:57:38.079Z"
                                cq:lastRolledoutBy="anna.herbst@lazard.com"
                                jcr:mixinTypes="[cq:LiveRelationship]"
                                jcr:primaryType="nt:unstructured"
                                desktopSize="is-auto-desktop"
                                mobileSize="is-auto-mobile"
                                tabletSize="is-auto-tablet"/>
                        </columnsList>
                        <colpar_1
                            cq:lastRolledout="{Date}2024-07-24T19:57:38.095Z"
                            cq:lastRolledoutBy="anna.herbst@lazard.com"
                            jcr:mixinTypes="[cq:LiveRelationship]"
                            jcr:primaryType="nt:unstructured"
                            sling:resourceType="wcm/foundation/components/responsivegrid">
                            <custom_container
                                cq:lastRolledout="{Date}2024-07-24T19:57:38.115Z"
                                cq:lastRolledoutBy="anna.herbst@lazard.com"
                                cq:styleIds="[1716903741074]"
                                jcr:created="{Date}2024-07-24T03:31:12.158Z"
                                jcr:createdBy="anna.herbst@lazard.com"
                                jcr:lastModified="{Date}2024-07-24T19:57:38.111Z"
                                jcr:lastModifiedBy="anna.herbst@lazard.com"
                                jcr:mixinTypes="[cq:LiveRelationship]"
                                jcr:primaryType="nt:unstructured"
                                sling:resourceType="lam/components/custom-container"
                                applyCustomizedBorder="true"
                                borderWidth="1px"
                                containerBorders="bottomBorder"
                                containetBoxType="fixed-contained"
                                contentBorderColor="rgba(255,255,255,0.12)"
                                enableVerticalScrollbar="false"
                                hasNestedCustomContainer="is-not-NestedCustomContainer"
                                hideFinancialIntermediary="false"
                                hideIndividualInvestor="false"
                                hideInstitucionalInvestor="false"
                                hidePrivateWealth="false"
                                isGapless="is-gapped"
                                isHorizontalCentered="is-hnormal"
                                isMobileColumns="is-normal"
                                isVerticalCentered="is-vnormal"
                                showSeparator="false"
                                topPaddingM="48px">
                                <columnsList
                                    cq:lastRolledout="{Date}2024-07-24T19:57:38.119Z"
                                    cq:lastRolledoutBy="anna.herbst@lazard.com"
                                    jcr:mixinTypes="[cq:LiveRelationship]"
                                    jcr:primaryType="nt:unstructured">
                                    <item0
                                        cq:lastRolledout="{Date}2024-07-24T19:57:38.124Z"
                                        cq:lastRolledoutBy="anna.herbst@lazard.com"
                                        jcr:mixinTypes="[cq:LiveRelationship]"
                                        jcr:primaryType="nt:unstructured"
                                        desktopSize="is-auto-desktop"
                                        mobileSize="is-auto-mobile"
                                        tabletSize="is-auto-tablet"/>
                                </columnsList>
                            </custom_container>
                            <title
                                cq:lastRolledout="{Date}2024-07-24T19:57:38.132Z"
                                cq:lastRolledoutBy="anna.herbst@lazard.com"
                                cq:styleIds="[1714663198464,1718058320182]"
                                jcr:created="{Date}2024-07-24T03:33:27.523Z"
                                jcr:createdBy="anna.herbst@lazard.com"
                                jcr:lastModified="{Date}2024-07-24T19:57:38.128Z"
                                jcr:lastModifiedBy="anna.herbst@lazard.com"
                                jcr:mixinTypes="[cq:LiveRelationship]"
                                jcr:primaryType="nt:unstructured"
                                jcr:title="Get In Touch"
                                sling:resourceType="lam/components/title"
                                bottomMarginM="124px"
                                eyebrowWeight="eyebrow"
                                leftMarginM="12px"
                                linkTarget="_self"
                                topMarginM="31px"
                                type="h2"/>
                            <text
                                cq:lastRolledout="{Date}2024-07-24T19:57:38.138Z"
                                cq:lastRolledoutBy="anna.herbst@lazard.com"
                                cq:styleIds="[1715181126107]"
                                jcr:created="{Date}2024-07-24T03:35:31.380Z"
                                jcr:createdBy="anna.herbst@lazard.com"
                                jcr:lastModified="{Date}2024-07-24T19:57:38.135Z"
                                jcr:lastModifiedBy="anna.herbst@lazard.com"
                                jcr:mixinTypes="[cq:LiveRelationship]"
                                jcr:primaryType="nt:unstructured"
                                sling:resourceType="lam/components/text"
                                bottomMarginM="20px"
                                leftMarginM="12px"
                                rightMarginM="37px"
                                text="&lt;p>Lorem ipsum dolor sit amet consectetur. Tristique tincidunt porttitor lobortis etiam.Lorem ipsum dolor sit amet consectetur. Tristique tincidunt porttitor lobortis etiam.&lt;/p>&#xd;&#xa;"
                                textIsRich="true"/>
                            <button
                                cq:lastRolledout="{Date}2024-07-24T19:57:38.145Z"
                                cq:lastRolledoutBy="anna.herbst@lazard.com"
                                cq:styleIds="[1714575764632]"
                                jcr:created="{Date}2024-07-24T03:37:45.299Z"
                                jcr:createdBy="anna.herbst@lazard.com"
                                jcr:lastModified="{Date}2024-07-24T19:57:38.142Z"
                                jcr:lastModifiedBy="anna.herbst@lazard.com"
                                jcr:mixinTypes="[cq:LiveRelationship]"
                                jcr:primaryType="nt:unstructured"
                                jcr:title="Contact Us"
                                sling:resourceType="lam/components/button"
                                bottomMarginM="30px"
                                leftMarginM="12px"
                                linkTarget="_self"
                                linkURL="#"/>
                            <custom_container_1006233756
                                cq:lastRolledout="{Date}2024-07-24T19:57:38.157Z"
                                cq:lastRolledoutBy="anna.herbst@lazard.com"
                                cq:styleIds="[1716903741074]"
                                jcr:created="{Date}2024-07-24T03:40:35.025Z"
                                jcr:createdBy="anna.herbst@lazard.com"
                                jcr:lastModified="{Date}2024-07-24T19:57:38.152Z"
                                jcr:lastModifiedBy="anna.herbst@lazard.com"
                                jcr:mixinTypes="[cq:LiveRelationship]"
                                jcr:primaryType="nt:unstructured"
                                sling:resourceType="lam/components/custom-container"
                                applyCustomizedBorder="true"
                                borderWidth="1px"
                                bottomMarginM="48px"
                                containerBorders="topBorder"
                                containetBoxType="fixed-contained"
                                contentBorderColor="rgba(255,255,255,0.12)"
                                enableVerticalScrollbar="false"
                                hasNestedCustomContainer="is-not-NestedCustomContainer"
                                hideFinancialIntermediary="false"
                                hideIndividualInvestor="false"
                                hideInstitucionalInvestor="false"
                                hidePrivateWealth="false"
                                isGapless="is-gapped"
                                isHorizontalCentered="is-hnormal"
                                isMobileColumns="is-normal"
                                isVerticalCentered="is-vnormal"
                                showSeparator="false">
                                <columnsList
                                    cq:lastRolledout="{Date}2024-07-24T19:57:38.160Z"
                                    cq:lastRolledoutBy="anna.herbst@lazard.com"
                                    jcr:mixinTypes="[cq:LiveRelationship]"
                                    jcr:primaryType="nt:unstructured">
                                    <item0
                                        cq:lastRolledout="{Date}2024-07-24T19:57:38.165Z"
                                        cq:lastRolledoutBy="anna.herbst@lazard.com"
                                        jcr:mixinTypes="[cq:LiveRelationship]"
                                        jcr:primaryType="nt:unstructured"
                                        desktopSize="is-auto-desktop"
                                        mobileSize="is-auto-mobile"
                                        tabletSize="is-auto-tablet"/>
                                </columnsList>
                            </custom_container_1006233756>
                        </colpar_1>
                    </custom_container_147>
                </container>
                <showcasehero
                    cq:lastRolledout="{Date}2024-07-24T19:57:38.169Z"
                    cq:lastRolledoutBy="anna.herbst@lazard.com"
                    jcr:lastModified="{Date}2024-07-24T19:57:38.167Z"
                    jcr:lastModifiedBy="anna.herbst@lazard.com"
                    jcr:mixinTypes="[cq:LiveRelationship]"
                    jcr:primaryType="nt:unstructured"
                    sling:resourceType="lam/components/showcasehero"
                    autoplayDuration="5000"
                    autoplayEnabled="true">
                    <tabItems
                        cq:lastRolledout="{Date}2024-07-24T19:57:38.184Z"
                        cq:lastRolledoutBy="anna.herbst@lazard.com"
                        jcr:mixinTypes="[cq:LiveRelationship]"
                        jcr:primaryType="nt:unstructured">
                        <item0
                            cq:lastRolledout="{Date}2024-07-24T19:57:38.197Z"
                            cq:lastRolledoutBy="anna.herbst@lazard.com"
                            jcr:mixinTypes="[cq:LiveRelationship]"
                            jcr:primaryType="nt:unstructured"
                            backgroundImage="/content/dam/lam/demo-asset/Homepage Hero Asset.png"
                            ctaLabel="Read More"
                            eyebrow="Featured"
                            hideEyebrow="true"
                            hideText="true"
                            sourceType="manual"
                            tabTitle="We're Committed To Partnering With You"
                            targetPage="/content/lam/us/en_us/home"
                            text="Partnership is the key to success. Our portfolio managers work with you to craft investment solutions that meet your needs."
                            title="We're Committed To Partnering With You"/>
                        <item1
                            cq:lastRolledout="{Date}2024-07-24T19:57:38.202Z"
                            cq:lastRolledoutBy="anna.herbst@lazard.com"
                            jcr:mixinTypes="[cq:LiveRelationship]"
                            jcr:primaryType="nt:unstructured"
                            backgroundImage="/content/dam/lam/demo-asset/Homepage Hero Asset.png"
                            ctaLabel="Read More"
                            hideEyebrow="false"
                            hideText="false"
                            sourceType="manual"
                            tabTitle="Signposts And Signals: What To Watch In 2024"
                            targetPage="/content/lam/us/en_us/home"
                            title="Signposts And Signals: What To Watch In 2024"/>
                        <item2
                            cq:lastRolledout="{Date}2024-07-24T19:57:38.207Z"
                            cq:lastRolledoutBy="anna.herbst@lazard.com"
                            jcr:mixinTypes="[cq:LiveRelationship]"
                            jcr:primaryType="nt:unstructured"
                            backgroundImage="/content/dam/lam/demo-asset/Homepage Hero Asset.png"
                            ctaLabel="Read More"
                            hideEyebrow="false"
                            hideText="false"
                            sourceType="manual"
                            tabTitle="Q1 Investment Outlooks"
                            targetPage="/content/lam/us/en_us/home"
                            title="Q1 Investment Outlooks"/>
                        <item3
                            cq:lastRolledout="{Date}2024-07-24T19:57:38.212Z"
                            cq:lastRolledoutBy="anna.herbst@lazard.com"
                            jcr:mixinTypes="[cq:LiveRelationship]"
                            jcr:primaryType="nt:unstructured"
                            backgroundImage="/content/dam/lam/demo-asset/Homepage Hero Asset.png"
                            ctaLabel="Read More"
                            hideEyebrow="false"
                            hideText="false"
                            sourceType="manual"
                            tabTitle="Risk Exhaustion: Navigating The New Regime"
                            targetPage="/content/lam/us/en_us/home"
                            title="Risk Exhaustion: Navigating The New Regime"/>
                    </tabItems>
                </showcasehero>
            </container>
            <container_msm_moved
                cq:isManuallyCreated="{Boolean}true"
                jcr:primaryType="nt:unstructured"
                sling:resourceType="lam/components/container"
                layout="responsiveGrid">
                <container
                    cq:lastRolledout="{Date}2024-05-30T16:48:10.874Z"
                    cq:lastRolledoutBy="bassel.eladas@lazard.com"
                    jcr:mixinTypes="[cq:LiveRelationship]"
                    jcr:primaryType="nt:unstructured"
                    sling:resourceType="lam/components/container"
                    layout="responsiveGrid"/>
            </container_msm_moved>
        </root>
        <cq:featuredimage
            cq:lastRolledout="{Date}2024-07-24T19:57:38.218Z"
            cq:lastRolledoutBy="anna.herbst@lazard.com"
            jcr:lastModified="{Date}2024-07-24T19:57:38.214Z"
            jcr:lastModifiedBy="sophia.ponce@lazard.com"
            jcr:mixinTypes="[cq:LiveRelationship]"
            jcr:primaryType="nt:unstructured"
            sling:resourceType="core/wcm/components/image/v3/image"
            altValueFromDAM="true"/>
        <cq:LiveSyncConfig
            cq:excludedPaths="[doc/page,about/media-relations,investment-solutions/wealth-management,about/about,sustainable-insights,research-insights/investment-insights/emerging-markets-monitor/march-2024,investment-solutions/how-to-invest/mutual-fund,investment-solutions/how-to-invest/closed-end-funds,doc,investment-solutions/asset-class/alternatives,investment-solutions/how-to-invest/etfs,research-insights/investment-insights/perspectives/us-regulated-utilities-still-not-cheap-enough,investment-solutions/how-to-invest/investment-trusts]"
            cq:isDeep="{Boolean}true"
            cq:master="/content/lam/language-masters/en"
            cq:rolloutConfigs="[]"
            jcr:primaryType="cq:LiveCopy"/>
    </jcr:content>
    <privacy-policy/>
    <errors/>
    <security-fraud-awareness/>
    <doc/>
    <terms-of-use/>
</jcr:root>
