<?xml version="1.0" encoding="UTF-8"?>
<jcr:root xmlns:jcr="http://www.jcp.org/jcr/1.0" xmlns:nt="http://www.jcp.org/jcr/nt/1.0" xmlns:mix="http://www.jcp.org/jcr/mix/1.0" xmlns:cq="http://www.day.com/jcr/cq/1.0" xmlns:sling="http://sling.apache.org/jcr/sling/1.0"
    jcr:primaryType="cq:Page">
    <jcr:content
        cq:lastModified="{Date}2024-08-14T15:05:43.449Z"
        cq:lastModifiedBy="bassel.eladas@lazard.com"
        cq:template="/conf/lam/settings/wcm/templates/page-content"
        jcr:isCheckedOut="{Boolean}true"
        jcr:mixinTypes="[mix:versionable]"
        jcr:primaryType="cq:PageContent"
        jcr:title="Fonds Informationsdokument"
        jcr:uuid="e01b39f6-0f8c-43ab-92d7-8330e4718fd0"
        sling:resourceType="lam/components/page"
        assetClass="assetClass0"
        linkType="internal"
        pageProductData="fund-listing"
        pwaCachestrategy="staleWhileRevalidate"
        pwaDisplay="standalone"
        pwaOrientation="any">
        <root
            jcr:primaryType="nt:unstructured"
            sling:resourceType="lam/components/container"
            layout="responsiveGrid">
            <container
                jcr:primaryType="nt:unstructured"
                sling:resourceType="lam/components/container"
                layout="responsiveGrid">
                <container
                    jcr:primaryType="nt:unstructured"
                    sling:resourceType="lam/components/container"
                    layout="responsiveGrid"/>
            </container>
        </root>
        <cq:featuredimage
            jcr:lastModified="{Date}2024-08-14T15:05:43.423Z"
            jcr:lastModifiedBy="bassel.eladas@lazard.com"
            jcr:primaryType="nt:unstructured"
            sling:resourceType="core/wcm/components/image/v3/image"
            altValueFromDAM="false"/>
    </jcr:content>
    <kvmv-fonds/>
    <kd-1-fonds/>
    <kd-2-fonds/>
    <a-mpel-fonds/>
    <egi-fonds/>
    <lzo-1-fonds/>
    <vm-v-fonds/>
    <pwco-fonds/>
    <wupp-fonds/>
    <a-aller-fonds/>
    <lqr-fonds/>
    <sh-corp-fonds/>
    <snh-2003-fonds/>
    <wiehen-fonds/>
    <oetk-fonds/>
</jcr:root>
