<?xml version="1.0"?>
<x:xmpmeta xmlns:x="adobe:ns:meta/" x:xmptk="Adobe XMP Core 6.2.9.B001">
  <rdf:RDF xmlns:rdf="http://www.w3.org/1999/02/22-rdf-syntax-ns#">
    <rdf:Description rdf:about=""
        xmlns:pdf="http://ns.adobe.com/pdf/1.3/"
        xmlns:xmp="http://ns.adobe.com/xap/1.0/"
        xmlns:dc="http://purl.org/dc/elements/1.1/"
        xmlns:dam="http://www.day.com/dam/1.0"
      pdf:Producer="Microsoft® Word for Microsoft 365"
      xmp:CreatorTool="Microsoft® Word for Microsoft 365"
      xmp:CreateDate="2023-02-06T14:47:50Z"
      xmp:ModifyDate="2023-02-06T14:47:50Z"
      dc:format="application/pdf"
      dam:numPages="5"
      dam:size="126655"
      dam:Physicalheightininches="11.0"
      dam:Producer="Microsoft® Word for Microsoft 365"
      dam:sha1="d628dbb7d790bd806369cc7c2d0da18bce6eaa45"
      dam:Author="Lazard Asset Management LLC"
      dam:Physicalwidthininches="8.5">
      <dc:creator>
        <rdf:Seq>
          <rdf:li>Lazard Asset Management LLC</rdf:li>
        </rdf:Seq>
      </dc:creator>
      <dc:description>
        <rdf:Alt>
          <rdf:li xml:lang="x-default">Strategy Review</rdf:li>
        </rdf:Alt>
      </dc:description>
      <dc:title>
        <rdf:Alt>
          <rdf:li xml:lang="x-default">International Quality Growth</rdf:li>
        </rdf:Alt>
      </dc:title>
    </rdf:Description>
  </rdf:RDF>
</x:xmpmeta>
