<?xml version="1.0" encoding="UTF-8"?>
<jcr:root xmlns:jcr="http://www.jcp.org/jcr/1.0" xmlns:nt="http://www.jcp.org/jcr/nt/1.0" xmlns:mix="http://www.jcp.org/jcr/mix/1.0" xmlns:cq="http://www.day.com/jcr/cq/1.0" xmlns:sling="http://sling.apache.org/jcr/sling/1.0"
    jcr:primaryType="cq:Page">
    <jcr:content
        cq:isDelivered="{Boolean}false"
        cq:lastModified="{Date}2024-10-18T17:08:06.372Z"
        cq:lastModifiedBy="products-service-user"
        cq:lastReplicated="{Date}2024-10-21T16:24:24.184Z"
        cq:lastReplicated_publish="{Date}2024-10-21T16:24:24.184Z"
        cq:lastReplicatedBy="sophia.ponce@lazard.com"
        cq:lastReplicatedBy_publish="sophia.ponce@lazard.com"
        cq:lastReplicationAction="Activate"
        cq:lastReplicationAction_publish="Activate"
        cq:template="/conf/lam/settings/wcm/templates/strategy-detail"
        jcr:isCheckedOut="{Boolean}true"
        jcr:mixinTypes="[cq:ReplicationStatus2,mix:versionable]"
        jcr:primaryType="cq:PageContent"
        jcr:title="UK Aggregate Bond"
        jcr:uuid="8caaa5db-de4a-485a-9bb3-912aad5179c0"
        sling:resourceType="lam/components/page"
        assetClass="assetClass0"
        hideInNav="true"
        linkType="internal"
        pageProductData="fund-listing"
        productType="Strategy"
        pwaCachestrategy="staleWhileRevalidate"
        pwaDisplay="standalone"
        pwaOrientation="any">
        <root
            jcr:primaryType="nt:unstructured"
            sling:resourceType="lam/components/container"
            layout="responsiveGrid">
            <container
                jcr:primaryType="nt:unstructured"
                sling:resourceType="lam/components/container"
                layout="responsiveGrid"/>
        </root>
        <cq:featuredimage
            jcr:lastModified="{Date}2024-07-30T18:40:14.786Z"
            jcr:lastModifiedBy="bassel.eladas@lazard.com"
            jcr:primaryType="nt:unstructured"
            sling:resourceType="core/wcm/components/image/v3/image"
            altValueFromDAM="true"/>
    </jcr:content>
    <productData
        jcr:primaryType="nt:unstructured"
        title="UK Aggregate Bond"
        type="Strategy"/>
    <externalMetadata
        jcr:primaryType="nt:unstructured"
        assetClasses="[Fixed Income]"
        aumCurrency="USD"
        aumCurrencySymbol="US$"
        isEMD="{Boolean}false"
        isSMA="{Boolean}false"
        languages="[da-dk,de-de,en-au,en-de,en-gb,en-us,es-es,fii-fi,fr-be,fr-ca,fr-fr,ja-jp,nb-no,nl-nl,pt-pt,sv-se]"
        pmTeamAsOfDate="2024-09-30"
        shareClassIds="[55]">
        <productLanguages jcr:primaryType="nt:unstructured">
            <en-us
                jcr:primaryType="nt:unstructured"
                shortDesc="The Lazard UK Aggregate Bond strategy invests in sterling-denominated investment grade financial and non-financial corporate and sovereign bonds. Most of our active performance is generated by security selection. The results are based on the in-depth credit analysis by our credit team in collaboration with LAM's equity professionals. Sector and country allocation as well as duration positioning add to our outperformance against a broad sterling fixed income index. With this approach, we aim to generate an active return of 100 bps per annum over a full market cycle."
                tagline="Aims to outperform the UK Aggregate IG index on a risk-adjusted basis based on active management"/>
            <de-de
                jcr:primaryType="nt:unstructured"
                tagline="Zielt darauf ab, den UK Aggregate IG Index risikobereinigt,  durch aktives Management, zu übertreffen."/>
            <en-gb
                jcr:primaryType="nt:unstructured"
                shortDesc="The Lazard UK Aggregate Bond strategy invests in sterling-denominated investment grade financial and non-financial corporate and sovereign bonds. Most of our active performance is generated by security selection. The results are based on the in-depth credit analysis by our credit team in collaboration with LAM's equity professionals. Sector and country allocation as well as duration positioning add to our outperformance against a broad sterling fixed income index. With this approach, we aim to generate an active return of 100 bps per annum over a full market cycle."
                tagline="Aims to outperform the UK Aggregate IG index on a risk-adjusted basis based on active management"/>
        </productLanguages>
        <platforms jcr:primaryType="nt:unstructured">
            <_x0039_8
                jcr:primaryType="nt:unstructured"
                countries="[AE,AU,BE,BH,BN,CA,CN,DK,ES,FI,FR,GB,HK,ID,IE,IL,JP,LU,MO,MT,MY,NL,NO,NZ,PG,PH,PT,SA,SE,SG,TH,TW,US,XX,ZA]"
                regions="[19,22,1,5,16,2,3]"
                sortOrder="{Long}700"
                title="Fixed Income Platform"/>
        </platforms>
        <pmTeamMembers jcr:primaryType="nt:unstructured">
            <_x0030_
                jcr:primaryType="nt:unstructured"
                bioId="{Long}480"
                firstName="Benjamin"
                isLead="{Boolean}true"
                lastName="Boehme"
                sortOrder="{Long}1"/>
            <_x0031_
                jcr:primaryType="nt:unstructured"
                bioId="{Long}410"
                firstName="Ulrich"
                isLead="{Boolean}false"
                lastName="Teutsch"
                sortOrder="{Long}2"/>
        </pmTeamMembers>
        <webClassifications jcr:primaryType="nt:unstructured">
            <_x0030_
                jcr:primaryType="nt:unstructured"
                type="Geography"
                value="European"/>
            <_x0031_
                jcr:primaryType="nt:unstructured"
                type="Sector"
                value="Multi-sector"/>
            <_x0032_
                jcr:primaryType="nt:unstructured"
                type="Duration"
                value="Long"/>
            <_x0033_
                jcr:primaryType="nt:unstructured"
                type="Credit Quality"
                value="Investment Grade"/>
        </webClassifications>
        <subStrategies jcr:primaryType="nt:unstructured">
            <_x0031_36
                jcr:primaryType="nt:unstructured"
                defaultShareClass="{Long}55"
                inceptionDate="1999-01-01"
                primaryBenchmark="UK Core Fixed Income Blended Index"
                title="UK Aggregate Bond"/>
        </subStrategies>
    </externalMetadata>
    <disclaimerMappings jcr:primaryType="nt:unstructured">
        <DisclaimerLabel
            jcr:primaryType="nt:unstructured"
            approvedLanguages="[en_us]"
            disclaimerPaths="[/content/dam/lazard-asset-management/disclaimers/en_us/2078031161/jcr:content/indexedData/master]"
            isGlobalProductMapping="{Boolean}true"
            placeholderKeys="[]"
            type="DisclaimerLabel"/>
    </disclaimerMappings>
</jcr:root>
