<?xml version="1.0" encoding="UTF-8"?>
<jcr:root xmlns:jcr="http://www.jcp.org/jcr/1.0" xmlns:nt="http://www.jcp.org/jcr/nt/1.0" xmlns:cq="http://www.day.com/jcr/cq/1.0" xmlns:sling="http://sling.apache.org/jcr/sling/1.0"
    jcr:primaryType="cq:Page">
    <jcr:content
        cq:lastModified="{Date}2024-10-30T20:26:21.262Z"
        cq:lastModifiedBy="products-service-user"
        cq:template="/conf/lam/settings/wcm/templates/fund-detail"
        jcr:primaryType="cq:PageContent"
        jcr:title="Lazard Thematic Inflation Opportunities Fund"
        sling:resourceType="lam/components/page"
        productType="Fund">
        <root
            jcr:primaryType="nt:unstructured"
            sling:resourceType="lam/components/container"
            layout="responsiveGrid">
            <container
                jcr:primaryType="nt:unstructured"
                sling:resourceType="lam/components/container"
                layout="responsiveGrid"/>
        </root>
    </jcr:content>
    <productData
        jcr:primaryType="nt:unstructured"
        title="Lazard Thematic Inflation Opportunities Fund"
        type="Fund"/>
    <disclaimerMappings jcr:primaryType="nt:unstructured">
        <DisclaimerLabel
            jcr:primaryType="nt:unstructured"
            approvedLanguages="[en_us]"
            disclaimerPaths="[/content/dam/lazard-asset-management/disclaimers/en_us/2078031161]"
            isGlobalProductMapping="{Boolean}true"
            type="DisclaimerLabel"/>
        <DisclaimerOverride
            jcr:primaryType="nt:unstructured"
            approvedLanguages="[en_at,en_ch,en_de,en_it,en_li]"
            disclaimerPaths="[/content/dam/lazard-asset-management/disclaimers/en_us/1860449896]"
            isGlobalProductMapping="{Boolean}false"
            type="DisclaimerOverride"/>
    </disclaimerMappings>
    <externalMetadata
        jcr:primaryType="nt:unstructured"
        assetClasses="[Equity]"
        availableOnInvestmentPlatform="{Boolean}false"
        benchmarkName="MSCI All Country World Index"
        categorySortOrder="{Long}999999"
        distributionDate="April and October"
        hasSMAonly="{Boolean}false"
        languages="[da-dk,de-at,de-ch,de-de,en-au,en-de,en-gb,en-us,es-es,fii-fi,fr-be,fr-ca,fr-fr,it-de,it-it,nb-no,nl-nl,sv-se]"
        pmTeamAsOfDate="2024-09-30"
        sfdrCategory="{Long}8"
        sortOrderWithinCategory="{Long}99999"
        strategyId="{Long}306"
        subStrategyId="{Long}670"
        suppressBenchmarks="{Boolean}false"
        umbrellaName="LGIF"
        umbrellaNumDigitsDividend="{Long}4"
        umbrellaNumDigitsNav="{Long}4">
        <productLanguages jcr:primaryType="nt:unstructured">
            <de-de
                jcr:primaryType="nt:unstructured"
                shortDesc="Der Lazard Thematic Inflation Opportunities Fund verfolgt eine stilunabhängige Anlagestrategie, um von einem Umfeld höherer struktureller Inflation zu profitieren. Der Fonds basiert auf 5-8 Themen und umfasst typischerweise 40 bis 80 Wertpapiere mit einer Marktkapitalisierung von gewöhnlich 1 Milliarde US-Dollar oder mehr. Er verfügt über Ausschlusskriterien, ESG-Merkmale und einen Nachhaltigkeitsrahmen zur Bewertung verschiedener Unternehmensrisiken. Der Fonds ist nicht benchmarkorientiert, aber für Performancevergleiche wird der MSCI ACWI Index herangezogen"/>
            <en-gb
                jcr:primaryType="nt:unstructured"
                fundDesc="The Lazard Thematic Inflation Opportunities Fund employs a style-agnostic investment discipline designed to benefit from an environment of higher structural inflation. The Fund is based on 5-8 themes and typically comprises 40 to 80 securities with a market capitalization of generally $1 billion or greater. The Fund features exclusions, ESG characteristics and a Sustainability Framework for assessing multiple aspects of business risk. The Fund is benchmark unaware, but for performance comparison purposes we utilize the MSCI ACWI Index."/>
        </productLanguages>
        <defaultShareClass
            jcr:primaryType="nt:unstructured"
            AT="{Long}12805"
            BE="{Long}12805"
            CH="{Long}12765"
            DE="{Long}12805"
            DK="{Long}12805"
            ES="{Long}12805"
            FI="{Long}12805"
            FR="{Long}12805"
            GB="{Long}12805"
            IE="{Long}12805"
            IT="{Long}12805"
            LU="{Long}12805"
            NL="{Long}12805"
            NO="{Long}12805"
            SE="{Long}12805"
            SG="{Long}12805"/>
        <pmTeamMembers jcr:primaryType="nt:unstructured">
            <_x0030_
                jcr:primaryType="nt:unstructured"
                bioId="{Long}49"
                firstName="Nicholas"
                isLead="{Boolean}false"
                lastName="Bratt"
                sortOrder="{Long}2"/>
            <_x0031_
                jcr:primaryType="nt:unstructured"
                bioId="{Long}195"
                firstName="John"
                isLead="{Boolean}false"
                lastName="King"
                sortOrder="{Long}2"/>
            <_x0032_
                jcr:primaryType="nt:unstructured"
                bioId="{Long}1324"
                firstName="Sarbjit"
                isLead="{Boolean}false"
                lastName="Nahal"
                sortOrder="{Long}2"/>
            <_x0033_
                jcr:primaryType="nt:unstructured"
                bioId="{Long}457"
                firstName="Steve"
                isLead="{Boolean}false"
                lastName="Wreford"
                sortOrder="{Long}2"/>
        </pmTeamMembers>
        <shareClasses jcr:primaryType="nt:unstructured">
            <_x0031_2706
                jcr:primaryType="nt:unstructured"
                countries="[AT,BE,CH,DE,DK,ES,FI,FR,GB,IE,IT,LU,NL,NO,SE,XX]"
                currency="EUR"
                currencySymbol="€"
                fundId="{Long}4801"
                fundingStatus="Authorized/Pending"
                initialCharge="3.00%"
                isAuthorizedPending="{Boolean}true"
                isGLIF="{Boolean}false"
                isin="IE000CBM6AJ6"
                isSMA="{Boolean}false"
                minimumInvestment="US$ 100,000,000"
                primaryBenchmark="MSCI All Country World Index"
                sedol="BLNKWS5"
                ticker="LRDTJDE ID"
                title="J Dist EUR"
                valoren="119037889"
                vehicleId="{Long}17"
                vehicleName="UCITS (Ireland)"
                wknCd="A3DQEY">
                <professionalOnlyCountries
                    jcr:primaryType="nt:unstructured"
                    AT="{Boolean}false"
                    BE="{Boolean}false"
                    CH="{Boolean}false"
                    DE="{Boolean}false"
                    DK="{Boolean}false"
                    ES="{Boolean}false"
                    FI="{Boolean}false"
                    FR="{Boolean}false"
                    GB="{Boolean}false"
                    IE="{Boolean}false"
                    IT="{Boolean}false"
                    LU="{Boolean}false"
                    NL="{Boolean}false"
                    NO="{Boolean}false"
                    SE="{Boolean}false"/>
            </_x0031_2706>
            <_x0031_2708
                jcr:primaryType="nt:unstructured"
                countries="[AT,DE,IE,XX]"
                currency="EUR"
                currencySymbol="€"
                fundId="{Long}4801"
                fundingStatus="Authorized/Pending"
                initialCharge="3.00%"
                isAuthorizedPending="{Boolean}true"
                isGLIF="{Boolean}false"
                isin="IE000R3L6UQ8"
                isSMA="{Boolean}false"
                minimumInvestment="US$ 250,000"
                title="A Dist EUR Hedged"
                valoren="120036333"
                vehicleId="{Long}17"
                vehicleName="UCITS (Ireland)"
                wknCd="A3DSK5">
                <professionalOnlyCountries
                    jcr:primaryType="nt:unstructured"
                    AT="{Boolean}false"
                    DE="{Boolean}false"
                    IE="{Boolean}false"/>
            </_x0031_2708>
            <_x0031_2711
                jcr:primaryType="nt:unstructured"
                countries="[AT,DE,IE,XX]"
                currency="EUR"
                currencySymbol="€"
                fundId="{Long}4801"
                fundingStatus="Authorized/Pending"
                initialCharge="5.00%"
                isAuthorizedPending="{Boolean}true"
                isGLIF="{Boolean}false"
                isin="IE000FGPUOQ7"
                isSMA="{Boolean}false"
                minimumInvestment="US$ 500"
                title="BP Dist EUR Hedged"
                valoren="120037668"
                vehicleId="{Long}17"
                vehicleName="UCITS (Ireland)"
                wknCd="A3DSK3">
                <professionalOnlyCountries
                    jcr:primaryType="nt:unstructured"
                    AT="{Boolean}false"
                    DE="{Boolean}false"
                    IE="{Boolean}false"/>
            </_x0031_2711>
            <_x0031_2713
                jcr:primaryType="nt:unstructured"
                countries="[AT,DE,IE,XX]"
                currency="EUR"
                currencySymbol="€"
                fundId="{Long}4801"
                fundingStatus="Authorized/Pending"
                initialCharge="3.00%"
                isAuthorizedPending="{Boolean}true"
                isGLIF="{Boolean}false"
                isin="IE000LRQGLP7"
                isSMA="{Boolean}false"
                minimumInvestment="US$ 500"
                title="EA Dist EUR Hedged"
                valoren="120037776"
                vehicleId="{Long}17"
                vehicleName="UCITS (Ireland)"
                wknCd="A3DSK4">
                <professionalOnlyCountries
                    jcr:primaryType="nt:unstructured"
                    AT="{Boolean}false"
                    DE="{Boolean}false"
                    IE="{Boolean}false"/>
            </_x0031_2713>
            <_x0031_2716
                jcr:primaryType="nt:unstructured"
                countries="[GB,IE,XX]"
                currency="GBP"
                currencySymbol="£"
                fundId="{Long}4801"
                fundingStatus="Authorized/Pending"
                initialCharge="3.00%"
                isAuthorizedPending="{Boolean}true"
                isGLIF="{Boolean}false"
                isin="IE000U7Y1SV8"
                isSMA="{Boolean}false"
                minimumInvestment="US$ 250,000"
                sedol="BLNKWL8"
                ticker="LRDTADG ID"
                title="A Dist GBP"
                valoren="119035756"
                vehicleId="{Long}17"
                vehicleName="UCITS (Ireland)"
                wknCd="A3DQEW">
                <professionalOnlyCountries
                    jcr:primaryType="nt:unstructured"
                    GB="{Boolean}false"
                    IE="{Boolean}false"/>
            </_x0031_2716>
            <_x0031_2720
                jcr:primaryType="nt:unstructured"
                countries="[GB,IE,XX]"
                currency="GBP"
                currencySymbol="£"
                fundId="{Long}4801"
                fundingStatus="Authorized/Pending"
                initialCharge="3.00%"
                isAuthorizedPending="{Boolean}true"
                isGLIF="{Boolean}false"
                isin="IE0001IQ6SP8"
                isSMA="{Boolean}false"
                minimumInvestment="US$ 500"
                sedol="BLNKWW9"
                ticker="LRDTCDG ID"
                title="C Dist GBP"
                valoren="119033893"
                vehicleId="{Long}17"
                vehicleName="UCITS (Ireland)"
                wknCd="A3DQE0">
                <professionalOnlyCountries
                    jcr:primaryType="nt:unstructured"
                    GB="{Boolean}false"
                    IE="{Boolean}false"/>
            </_x0031_2720>
            <_x0031_2721
                jcr:primaryType="nt:unstructured"
                countries="[CH,GB,IE,XX]"
                currency="GBP"
                currencySymbol="£"
                fundId="{Long}4801"
                fundingStatus="Open"
                inceptionDate="2022-08-03"
                initialCharge="3.00%"
                isAuthorizedPending="{Boolean}false"
                isGLIF="{Boolean}false"
                isin="IE0009CW2QV9"
                isSMA="{Boolean}false"
                minimumInvestment="US$ 500"
                primaryBenchmark="MSCI All Country World Index"
                sedol="BLNKWB8"
                ticker="LRDEADG ID"
                title="EA Dist GBP"
                valoren="119036836"
                vehicleId="{Long}17"
                vehicleName="UCITS (Ireland)"
                wknCd="A3DQEU">
                <professionalOnlyCountries
                    jcr:primaryType="nt:unstructured"
                    CH="{Boolean}false"
                    GB="{Boolean}false"
                    IE="{Boolean}false"/>
            </_x0031_2721>
            <_x0031_2722
                jcr:primaryType="nt:unstructured"
                countries="[AT,BE,CH,DE,DK,ES,FI,FR,GB,IE,IT,LU,NL,NO,SE,XX]"
                currency="GBP"
                currencySymbol="£"
                fundId="{Long}4801"
                fundingStatus="Open"
                inceptionDate="2022-06-21"
                initialCharge="3.00%"
                isAuthorizedPending="{Boolean}false"
                isGLIF="{Boolean}false"
                isin="IE0002FJ8VD5"
                isSMA="{Boolean}false"
                minimumInvestment="US$ 100,000,000"
                primaryBenchmark="MSCI All Country World Index"
                sedol="BLNKWR4"
                ticker="LRDTJDG ID"
                title="J Dist GBP"
                valoren="119033894"
                vehicleId="{Long}17"
                vehicleName="UCITS (Ireland)"
                wknCd="A3DQER">
                <professionalOnlyCountries
                    jcr:primaryType="nt:unstructured"
                    AT="{Boolean}false"
                    BE="{Boolean}false"
                    CH="{Boolean}false"
                    DE="{Boolean}false"
                    DK="{Boolean}false"
                    ES="{Boolean}false"
                    FI="{Boolean}false"
                    FR="{Boolean}false"
                    GB="{Boolean}false"
                    IE="{Boolean}false"
                    IT="{Boolean}false"
                    LU="{Boolean}false"
                    NL="{Boolean}false"
                    NO="{Boolean}false"
                    SE="{Boolean}false"/>
            </_x0031_2722>
            <_x0031_2738
                jcr:primaryType="nt:unstructured"
                countries="[AT,BE,CH,DE,DK,ES,FI,FR,GB,IE,IT,LU,NL,NO,SE,XX]"
                currency="USD"
                currencySymbol="US$"
                fundId="{Long}4801"
                fundingStatus="Open"
                inceptionDate="2022-06-21"
                initialCharge="3.00%"
                isAuthorizedPending="{Boolean}false"
                isGLIF="{Boolean}false"
                isin="IE000AT2KJ13"
                isSMA="{Boolean}false"
                minimumInvestment="US$ 100,000,000"
                primaryBenchmark="MSCI All Country World Index"
                sedol="BLNKWT6"
                ticker="LRDTJDU ID"
                title="J Dist USD"
                valoren="119044525"
                vehicleId="{Long}17"
                vehicleName="UCITS (Ireland)"
                wknCd="A3DQES">
                <professionalOnlyCountries
                    jcr:primaryType="nt:unstructured"
                    AT="{Boolean}false"
                    BE="{Boolean}false"
                    CH="{Boolean}false"
                    DE="{Boolean}false"
                    DK="{Boolean}false"
                    ES="{Boolean}false"
                    FI="{Boolean}false"
                    FR="{Boolean}false"
                    GB="{Boolean}false"
                    IE="{Boolean}false"
                    IT="{Boolean}false"
                    LU="{Boolean}false"
                    NL="{Boolean}false"
                    NO="{Boolean}false"
                    SE="{Boolean}false"/>
            </_x0031_2738>
            <_x0031_2765
                jcr:primaryType="nt:unstructured"
                countries="[CH,IE,XX]"
                currency="CHF"
                fundId="{Long}4801"
                fundingStatus="Open"
                inceptionDate="2023-03-24"
                initialCharge="3.00%"
                isAuthorizedPending="{Boolean}false"
                isGLIF="{Boolean}false"
                isin="IE000MAQIM66"
                isSMA="{Boolean}false"
                minimumInvestment="US$ 250,000"
                primaryBenchmark="MSCI All Country World Index"
                sedol="BNBTNZ2"
                ticker="LRDTACH ID"
                title="A Acc CHF Hedged"
                valoren="123084748"
                vehicleId="{Long}17"
                vehicleName="UCITS (Ireland)">
                <professionalOnlyCountries
                    jcr:primaryType="nt:unstructured"
                    CH="{Boolean}false"
                    IE="{Boolean}false"/>
            </_x0031_2765>
            <_x0031_2768
                jcr:primaryType="nt:unstructured"
                countries="[CH,IE,XX]"
                currency="CHF"
                fundId="{Long}4801"
                fundingStatus="Authorized/Pending"
                initialCharge="5.00%"
                isAuthorizedPending="{Boolean}true"
                isGLIF="{Boolean}false"
                isin="IE000SMUWR67"
                isSMA="{Boolean}false"
                minimumInvestment="US$ 500"
                sedol="BNBTNZ2"
                title="BP Acc CHF Hedged"
                valoren="123078195"
                vehicleId="{Long}17"
                vehicleName="UCITS (Ireland)">
                <professionalOnlyCountries
                    jcr:primaryType="nt:unstructured"
                    CH="{Boolean}false"
                    IE="{Boolean}false"/>
            </_x0031_2768>
            <_x0031_2769
                jcr:primaryType="nt:unstructured"
                countries="[CH,IE,XX]"
                currency="CHF"
                fundId="{Long}4801"
                fundingStatus="Authorized/Pending"
                initialCharge="3.00%"
                isAuthorizedPending="{Boolean}true"
                isGLIF="{Boolean}false"
                isin="IE0007BK2OH0"
                isSMA="{Boolean}false"
                minimumInvestment="US$ 500"
                sedol="BNBTP01"
                ticker="LRDTCCH ID"
                title="C Acc CHF Hedged"
                valoren="123084728"
                vehicleId="{Long}17"
                vehicleName="UCITS (Ireland)">
                <professionalOnlyCountries
                    jcr:primaryType="nt:unstructured"
                    CH="{Boolean}false"
                    IE="{Boolean}false"/>
            </_x0031_2769>
            <_x0031_2773
                jcr:primaryType="nt:unstructured"
                countries="[DK,FI,IE,IT,NL,NO,SE,XX]"
                currency="EUR"
                currencySymbol="€"
                fundId="{Long}4801"
                fundingStatus="Authorized/Pending"
                initialCharge="3.00%"
                isAuthorizedPending="{Boolean}true"
                isGLIF="{Boolean}false"
                isin="IE000KO6YKM9"
                isSMA="{Boolean}false"
                minimumInvestment="US$ 250,000"
                sedol="BP6RPJ3"
                title="A Acc EUR"
                valoren="120661337"
                vehicleId="{Long}17"
                vehicleName="UCITS (Ireland)">
                <professionalOnlyCountries
                    jcr:primaryType="nt:unstructured"
                    DK="{Boolean}false"
                    FI="{Boolean}false"
                    IE="{Boolean}false"
                    IT="{Boolean}false"
                    NL="{Boolean}false"
                    NO="{Boolean}false"
                    SE="{Boolean}false"/>
            </_x0031_2773>
            <_x0031_2776
                jcr:primaryType="nt:unstructured"
                countries="[IE,IT,XX]"
                currency="EUR"
                currencySymbol="€"
                fundId="{Long}4801"
                fundingStatus="Authorized/Pending"
                initialCharge="5.00%"
                isAuthorizedPending="{Boolean}true"
                isGLIF="{Boolean}false"
                isin="IE000Y0V1IY5"
                isSMA="{Boolean}false"
                minimumInvestment="US$ 500"
                sedol="BPLZ7M9"
                ticker="LTHGBPA ID"
                title="BP Acc EUR"
                valoren="121969453"
                vehicleId="{Long}17"
                vehicleName="UCITS (Ireland)">
                <professionalOnlyCountries
                    jcr:primaryType="nt:unstructured"
                    IE="{Boolean}false"
                    IT="{Boolean}false"/>
            </_x0031_2776>
            <_x0031_2777
                jcr:primaryType="nt:unstructured"
                countries="[DK,FI,IE,NL,NO,SE,XX]"
                currency="EUR"
                currencySymbol="€"
                fundId="{Long}4801"
                fundingStatus="Authorized/Pending"
                initialCharge="3.00%"
                isAuthorizedPending="{Boolean}true"
                isGLIF="{Boolean}false"
                isin="IE000SHZ5WO3"
                isSMA="{Boolean}false"
                minimumInvestment="US$ 500"
                sedol="BP6RPL5"
                title="C Acc EUR"
                valoren="120660902"
                vehicleId="{Long}17"
                vehicleName="UCITS (Ireland)">
                <professionalOnlyCountries
                    jcr:primaryType="nt:unstructured"
                    DK="{Boolean}false"
                    FI="{Boolean}false"
                    IE="{Boolean}false"
                    NL="{Boolean}false"
                    NO="{Boolean}false"
                    SE="{Boolean}false"/>
            </_x0031_2777>
            <_x0031_2779
                jcr:primaryType="nt:unstructured"
                countries="[AT,BE,CH,DE,DK,ES,FI,FR,GB,IE,IT,LU,NL,NO,SE,XX]"
                currency="EUR"
                currencySymbol="€"
                fundId="{Long}4801"
                fundingStatus="Open"
                inceptionDate="2024-03-26"
                initialCharge="3.00%"
                isAuthorizedPending="{Boolean}false"
                isGLIF="{Boolean}false"
                isin="IE000YTNC8J2"
                isSMA="{Boolean}false"
                minimumInvestment="US$ 100,000,000"
                sedol="BS3B8K1"
                title="J Acc EUR"
                valoren="128832871"
                vehicleId="{Long}17"
                vehicleName="UCITS (Ireland)"
                wknCd="A4ZZR5">
                <professionalOnlyCountries
                    jcr:primaryType="nt:unstructured"
                    AT="{Boolean}false"
                    BE="{Boolean}false"
                    CH="{Boolean}false"
                    DE="{Boolean}false"
                    DK="{Boolean}false"
                    ES="{Boolean}false"
                    FI="{Boolean}false"
                    FR="{Boolean}false"
                    GB="{Boolean}false"
                    IE="{Boolean}false"
                    IT="{Boolean}false"
                    LU="{Boolean}false"
                    NL="{Boolean}false"
                    NO="{Boolean}false"
                    SE="{Boolean}false"/>
            </_x0031_2779>
            <_x0031_2781
                jcr:primaryType="nt:unstructured"
                countries="[AT,DE,IE,XX]"
                currency="EUR"
                currencySymbol="€"
                fundId="{Long}4801"
                fundingStatus="Authorized/Pending"
                initialCharge="3.00%"
                isAuthorizedPending="{Boolean}true"
                isGLIF="{Boolean}false"
                isin="IE000KE9T6C3"
                isSMA="{Boolean}false"
                minimumInvestment="US$ 250,000"
                title="A Acc EUR Hedged"
                valoren="120035113"
                vehicleId="{Long}17"
                vehicleName="UCITS (Ireland)"
                wknCd="A3DSK6">
                <professionalOnlyCountries
                    jcr:primaryType="nt:unstructured"
                    AT="{Boolean}false"
                    DE="{Boolean}false"
                    IE="{Boolean}false"/>
            </_x0031_2781>
            <_x0031_2784
                jcr:primaryType="nt:unstructured"
                countries="[IE,IT,XX]"
                currency="EUR"
                currencySymbol="€"
                fundId="{Long}4801"
                fundingStatus="Authorized/Pending"
                initialCharge="5.00%"
                isAuthorizedPending="{Boolean}true"
                isGLIF="{Boolean}false"
                isin="IE000JU8BQV6"
                isSMA="{Boolean}false"
                minimumInvestment="US$ 500"
                title="BP Acc EUR Hedged"
                valoren="120660903"
                vehicleId="{Long}17"
                vehicleName="UCITS (Ireland)">
                <professionalOnlyCountries
                    jcr:primaryType="nt:unstructured"
                    IE="{Boolean}false"
                    IT="{Boolean}false"/>
            </_x0031_2784>
            <_x0031_2785
                jcr:primaryType="nt:unstructured"
                countries="[IE,IT,XX]"
                currency="EUR"
                currencySymbol="€"
                fundId="{Long}4801"
                fundingStatus="Authorized/Pending"
                initialCharge="3.00%"
                isAuthorizedPending="{Boolean}true"
                isGLIF="{Boolean}false"
                isin="IE000W9UTB55"
                isSMA="{Boolean}false"
                minimumInvestment="US$ 500"
                title="C Acc EUR Hedged"
                valoren="120662888"
                vehicleId="{Long}17"
                vehicleName="UCITS (Ireland)">
                <professionalOnlyCountries
                    jcr:primaryType="nt:unstructured"
                    IE="{Boolean}false"
                    IT="{Boolean}false"/>
            </_x0031_2785>
            <_x0031_2786
                jcr:primaryType="nt:unstructured"
                countries="[AT,CH,DE,IE,IT,XX]"
                currency="EUR"
                currencySymbol="€"
                fundId="{Long}4801"
                fundingStatus="Open"
                inceptionDate="2022-10-19"
                initialCharge="3.00%"
                isAuthorizedPending="{Boolean}false"
                isGLIF="{Boolean}false"
                isin="IE000QHK4B20"
                isSMA="{Boolean}false"
                minimumInvestment="US$ 500"
                primaryBenchmark="MSCI All Country World Index"
                title="EA Acc EUR Hedged"
                valoren="120035074"
                vehicleId="{Long}17"
                vehicleName="UCITS (Ireland)"
                wknCd="A3DSK7">
                <professionalOnlyCountries
                    jcr:primaryType="nt:unstructured"
                    AT="{Boolean}false"
                    CH="{Boolean}false"
                    DE="{Boolean}false"
                    IE="{Boolean}false"
                    IT="{Boolean}false"/>
            </_x0031_2786>
            <_x0031_2787
                jcr:primaryType="nt:unstructured"
                countries="[AT,BE,CH,DE,DK,ES,FI,FR,GB,IE,IT,LU,NL,NO,SE,XX]"
                currency="EUR"
                currencySymbol="€"
                fundId="{Long}4801"
                fundingStatus="Open"
                inceptionDate="2024-03-26"
                initialCharge="3.00%"
                isAuthorizedPending="{Boolean}false"
                isGLIF="{Boolean}false"
                isin="IE0002D770L1"
                isSMA="{Boolean}false"
                minimumInvestment="US$ 100,000,000"
                sedol="BS3B8L2"
                title="J Acc EUR Hedged"
                valoren="128801553"
                vehicleId="{Long}17"
                vehicleName="UCITS (Ireland)"
                wknCd="A4ZZR9">
                <professionalOnlyCountries
                    jcr:primaryType="nt:unstructured"
                    AT="{Boolean}false"
                    BE="{Boolean}false"
                    CH="{Boolean}false"
                    DE="{Boolean}false"
                    DK="{Boolean}false"
                    ES="{Boolean}false"
                    FI="{Boolean}false"
                    FR="{Boolean}false"
                    GB="{Boolean}false"
                    IE="{Boolean}false"
                    IT="{Boolean}false"
                    LU="{Boolean}false"
                    NL="{Boolean}false"
                    NO="{Boolean}false"
                    SE="{Boolean}false"/>
            </_x0031_2787>
            <_x0031_2789
                jcr:primaryType="nt:unstructured"
                countries="[GB,IE,XX]"
                currency="GBP"
                currencySymbol="£"
                fundId="{Long}4801"
                fundingStatus="Authorized/Pending"
                initialCharge="3.00%"
                isAuthorizedPending="{Boolean}true"
                isGLIF="{Boolean}false"
                isin="IE000EPTDRZ3"
                isSMA="{Boolean}false"
                minimumInvestment="US$ 250,000"
                sedol="BLNKWC9"
                ticker="LRDTOAG ID"
                title="A Acc GBP"
                valoren="119045215"
                vehicleId="{Long}17"
                vehicleName="UCITS (Ireland)"
                wknCd="A3DQEV">
                <professionalOnlyCountries
                    jcr:primaryType="nt:unstructured"
                    GB="{Boolean}false"
                    IE="{Boolean}false"/>
            </_x0031_2789>
            <_x0031_2793
                jcr:primaryType="nt:unstructured"
                countries="[CH,GB,IE,XX]"
                currency="GBP"
                currencySymbol="£"
                fundId="{Long}4801"
                fundingStatus="Open"
                inceptionDate="2022-09-14"
                initialCharge="3.00%"
                isAuthorizedPending="{Boolean}false"
                isGLIF="{Boolean}false"
                isin="IE000J68NOV8"
                isSMA="{Boolean}false"
                minimumInvestment="US$ 500"
                primaryBenchmark="MSCI All Country World Index"
                sedol="BLNKWV8"
                ticker="LRDTCAG ID"
                title="C Acc GBP"
                valoren="119035755"
                vehicleId="{Long}17"
                vehicleName="UCITS (Ireland)"
                wknCd="A3DQEZ">
                <professionalOnlyCountries
                    jcr:primaryType="nt:unstructured"
                    CH="{Boolean}false"
                    GB="{Boolean}false"
                    IE="{Boolean}false"/>
            </_x0031_2793>
            <_x0031_2794
                jcr:primaryType="nt:unstructured"
                countries="[CH,GB,IE,XX]"
                currency="GBP"
                currencySymbol="£"
                fundId="{Long}4801"
                fundingStatus="Open"
                inceptionDate="2022-08-03"
                initialCharge="3.00%"
                isAuthorizedPending="{Boolean}false"
                isGLIF="{Boolean}false"
                isin="IE0006VY9515"
                isSMA="{Boolean}false"
                minimumInvestment="US$ 500"
                primaryBenchmark="MSCI All Country World Index"
                sedol="BLNKQF0"
                ticker="LRDEAAL ID"
                title="EA Acc GBP"
                valoren="119035760"
                vehicleId="{Long}17"
                vehicleName="UCITS (Ireland)"
                wknCd="A3DQET">
                <professionalOnlyCountries
                    jcr:primaryType="nt:unstructured"
                    CH="{Boolean}false"
                    GB="{Boolean}false"
                    IE="{Boolean}false"/>
            </_x0031_2794>
            <_x0031_2795
                jcr:primaryType="nt:unstructured"
                countries="[CH,GB,IE,XX]"
                currency="GBP"
                currencySymbol="£"
                fundId="{Long}4801"
                fundingStatus="Open"
                inceptionDate="2024-01-17"
                initialCharge="3.00%"
                isAuthorizedPending="{Boolean}false"
                isGLIF="{Boolean}false"
                isin="IE000G4Z1WZ2"
                isSMA="{Boolean}false"
                minimumInvestment="US$ 100,000,000"
                sedol="BLNKWM9"
                ticker="LRDTJAG ID"
                title="J Acc GBP"
                valoren="119043985"
                vehicleId="{Long}17"
                vehicleName="UCITS (Ireland)"
                wknCd="A3DQEX">
                <professionalOnlyCountries
                    jcr:primaryType="nt:unstructured"
                    CH="{Boolean}false"
                    GB="{Boolean}false"
                    IE="{Boolean}false"/>
            </_x0031_2795>
            <_x0031_2805
                jcr:primaryType="nt:unstructured"
                countries="[AT,CH,DE,DK,FI,IE,IT,NL,NO,SE,XX]"
                currency="USD"
                currencySymbol="US$"
                fundId="{Long}4801"
                fundingStatus="Open"
                inceptionDate="2022-06-21"
                initialCharge="3.00%"
                isAuthorizedPending="{Boolean}false"
                isGLIF="{Boolean}false"
                isin="IE0002UFRTQ1"
                isSMA="{Boolean}false"
                minimumInvestment="US$ 250,000"
                primaryBenchmark="MSCI All Country World Index"
                sedol="BMBWXV0"
                ticker="LRDTAUA ID"
                title="A Acc USD"
                valoren="119239912"
                vehicleId="{Long}17"
                vehicleName="UCITS (Ireland)"
                wknCd="A3DQEQ">
                <professionalOnlyCountries
                    jcr:primaryType="nt:unstructured"
                    AT="{Boolean}false"
                    CH="{Boolean}false"
                    DE="{Boolean}false"
                    DK="{Boolean}false"
                    FI="{Boolean}false"
                    IE="{Boolean}false"
                    IT="{Boolean}false"
                    NL="{Boolean}false"
                    NO="{Boolean}false"
                    SE="{Boolean}false"/>
            </_x0031_2805>
            <_x0031_2808
                jcr:primaryType="nt:unstructured"
                countries="[CH,IE,XX]"
                currency="USD"
                currencySymbol="US$"
                fundId="{Long}4801"
                fundingStatus="Authorized/Pending"
                initialCharge="5.00%"
                isAuthorizedPending="{Boolean}true"
                isGLIF="{Boolean}false"
                isin="IE0008QOESX4"
                isSMA="{Boolean}false"
                minimumInvestment="US$ 500"
                sedol="BNBTNX0"
                title="BP Acc USD"
                valoren="123084740"
                vehicleId="{Long}17"
                vehicleName="UCITS (Ireland)">
                <professionalOnlyCountries
                    jcr:primaryType="nt:unstructured"
                    CH="{Boolean}false"
                    IE="{Boolean}false"/>
            </_x0031_2808>
            <_x0031_2809
                jcr:primaryType="nt:unstructured"
                countries="[AT,CH,DE,IE,IT,XX]"
                currency="USD"
                currencySymbol="US$"
                fundId="{Long}4801"
                fundingStatus="Authorized/Pending"
                initialCharge="3.00%"
                isAuthorizedPending="{Boolean}true"
                isGLIF="{Boolean}false"
                isin="IE000XGSAVF4"
                isSMA="{Boolean}false"
                minimumInvestment="US$ 500"
                sedol="BPQWB34"
                ticker="LRDTCAU ID"
                title="C Acc USD"
                valoren="120661283"
                vehicleId="{Long}17"
                vehicleName="UCITS (Ireland)"
                wknCd="A4ZZR6">
                <professionalOnlyCountries
                    jcr:primaryType="nt:unstructured"
                    AT="{Boolean}false"
                    CH="{Boolean}false"
                    DE="{Boolean}false"
                    IE="{Boolean}false"
                    IT="{Boolean}false"/>
            </_x0031_2809>
            <_x0031_2811
                jcr:primaryType="nt:unstructured"
                countries="[AT,BE,CH,DE,DK,ES,FI,FR,GB,IE,IT,LU,NL,NO,SE,XX]"
                currency="USD"
                currencySymbol="US$"
                fundId="{Long}4801"
                fundingStatus="Open"
                inceptionDate="2024-03-26"
                initialCharge="3.00%"
                isAuthorizedPending="{Boolean}false"
                isGLIF="{Boolean}false"
                isin="IE0009IKELR4"
                isSMA="{Boolean}false"
                minimumInvestment="US$ 100,000,000"
                sedol="BS3B8M3"
                title="J Acc USD"
                valoren="128819477"
                vehicleId="{Long}17"
                vehicleName="UCITS (Ireland)"
                wknCd="A4ZZR4">
                <professionalOnlyCountries
                    jcr:primaryType="nt:unstructured"
                    AT="{Boolean}false"
                    BE="{Boolean}false"
                    CH="{Boolean}false"
                    DE="{Boolean}false"
                    DK="{Boolean}false"
                    ES="{Boolean}false"
                    FI="{Boolean}false"
                    FR="{Boolean}false"
                    GB="{Boolean}false"
                    IE="{Boolean}false"
                    IT="{Boolean}false"
                    LU="{Boolean}false"
                    NL="{Boolean}false"
                    NO="{Boolean}false"
                    SE="{Boolean}false"/>
            </_x0031_2811>
        </shareClasses>
        <platforms jcr:primaryType="nt:unstructured">
            <_x0039_2
                jcr:primaryType="nt:unstructured"
                countries="[AE,AU,BH,CA,DK,ES,FI,GB,IE,IL,LU,MT,NL,NO,NZ,PG,SA,SE,US,XX,ZA]"
                regions="[3,5,2,1]"
                sortOrder="{Long}100"
                title="Global Equity Platform"/>
            <_x0033_5745
                jcr:primaryType="nt:unstructured"
                countries="[AT,CH,DE,IT,LI]"
                regions="[18,4,21]"
                sortOrder="{Long}9700"
                title="Equity Platform"/>
        </platforms>
    </externalMetadata>
</jcr:root>
