<?xml version="1.0" encoding="UTF-8"?>
<jcr:root xmlns:jcr="http://www.jcp.org/jcr/1.0" xmlns:nt="http://www.jcp.org/jcr/nt/1.0" xmlns:cq="http://www.day.com/jcr/cq/1.0" xmlns:sling="http://sling.apache.org/jcr/sling/1.0"
    jcr:primaryType="cq:Page">
    <jcr:content
        cq:isDelivered="{Boolean}false"
        cq:lastModified="{Date}2024-10-18T17:18:09.957Z"
        cq:lastModifiedBy="products-service-user"
        cq:template="/conf/lam/settings/wcm/templates/fund-detail"
        jcr:mixinTypes="[cq:ReplicationStatus2]"
        jcr:primaryType="cq:PageContent"
        jcr:title="Lazard International Strategic Equity"
        sling:resourceType="lam/components/page"
        productType="Fund">
        <root
            jcr:primaryType="nt:unstructured"
            sling:resourceType="lam/components/container"
            layout="responsiveGrid">
            <container
                jcr:primaryType="nt:unstructured"
                sling:resourceType="lam/components/container"
                layout="responsiveGrid"/>
        </root>
    </jcr:content>
    <productData
        jcr:primaryType="nt:unstructured"
        title="Lazard International Strategic Equity"
        type="Fund"/>
    <externalMetadata
        jcr:primaryType="nt:unstructured"
        assetClasses="[Equity]"
        availableOnInvestmentPlatform="{Boolean}false"
        category="Equity"
        categorySortOrder="{Long}100"
        hasSMAonly="{Boolean}false"
        languages="[en-au,en-de,en-gb,en-us,fr-ca]"
        pmTeamAsOfDate="2024-09-30"
        pmTeamMembers="[]"
        sortOrderWithinCategory="{Long}350"
        strategyId="{Long}40"
        subStrategyId="{Long}196"
        suppressBenchmarks="{Boolean}false"
        umbrellaNumDigitsDividend="{Long}4"
        umbrellaNumDigitsNav="{Long}4">
        <productLanguages jcr:primaryType="nt:unstructured">
            <en-us
                jcr:primaryType="nt:unstructured"
                productHighlight="Fundamental, bottom-up investment process, carefully considering each company's competitive advantages, weaknesses, and relative valuations &#xd;&#xa;Broad flexibility across developed markets and emerging markets&#xd;&#xa;Global sector specialists dedicated to proprietary research and differentiated insight&#xd;&#xa;Historically pattern of performance-attractive upside/downside capture ratios"
                shortDesc="Lazard International Strategic Equity is a multi-capitalization strategy that seeks to generate strong relative returns over a full market cycle by opportunistically investing in companies with strong and/or improving financial productivity at attractive valuations. The strategy typically invests in 40-60 securities of non-US companies, including those from emerging markets. The benchmark is the MSCI EAFE Index."/>
            <en-gb
                jcr:primaryType="nt:unstructured"
                productHighlight="Fundamental, bottom-up investment process, carefully considering each company's competitive advantages, weaknesses, and relative valuations &#xd;&#xa;Broad flexibility across developed markets and emerging markets&#xd;&#xa;Global sector specialists dedicated to proprietary research and differentiated insight&#xd;&#xa;Historically pattern of performance-attractive upside/downside capture ratios"
                shortDesc="Lazard International Strategic Equity is a multi-capitalization strategy that seeks to generate strong relative returns over a full market cycle by opportunistically investing in companies with strong and/or improving financial productivity at attractive valuations. The strategy typically invests in 40-60 securities of non-US companies, including those from emerging markets. The benchmark is the MSCI EAFE Index."/>
        </productLanguages>
        <defaultShareClass jcr:primaryType="nt:unstructured"/>
        <shareClasses jcr:primaryType="nt:unstructured">
            <_x0037_2
                jcr:primaryType="nt:unstructured"
                countries="[BS,CA,US,XX]"
                currency="USD"
                currencySymbol="US$"
                fundId="{Long}44"
                fundingStatus="Soft-Closed"
                inceptionDate="2001-10-01"
                isAuthorizedPending="{Boolean}false"
                isGLIF="{Boolean}false"
                isSMA="{Boolean}false"
                minimumInvestment="US$ 5,000,000"
                primaryBenchmark="MSCI EAFE Index"
                vehicleId="{Long}1"
                vehicleName="Separate Account">
                <professionalOnlyCountries jcr:primaryType="nt:unstructured"/>
            </_x0037_2>
        </shareClasses>
        <platforms jcr:primaryType="nt:unstructured">
            <_x0039_3
                jcr:primaryType="nt:unstructured"
                countries="[CA,US]"
                regions="[1]"
                sortOrder="{Long}200"
                title="International Equity Platform"/>
        </platforms>
    </externalMetadata>
    <disclaimerMappings jcr:primaryType="nt:unstructured">
        <DisclaimerLabel
            jcr:primaryType="nt:unstructured"
            approvedLanguages="[en_us]"
            disclaimerPaths="[/content/dam/lazard-asset-management/disclaimers/en_us/2078031161/jcr:content/indexedData/master]"
            isGlobalProductMapping="{Boolean}true"
            placeholderKeys="[]"
            type="DisclaimerLabel"/>
        <StatPro_NY-P_IEQ_STRATWEM
            jcr:primaryType="nt:unstructured"
            approvedLanguages="[en_us]"
            disclaimerPaths="[/content/dam/lazard-asset-management/disclaimers/en_us/1899510747]"
            isGlobalProductMapping="{Boolean}false"
            placeholderKeys="[]"
            type="StatPro_NY-P_IEQ_STRATWEM"/>
        <DisclaimerCharacteristics jcr:primaryType="nt:unstructured"/>
        <DisclaimerDividends jcr:primaryType="nt:unstructured"/>
    </disclaimerMappings>
</jcr:root>
