<?xml version="1.0" encoding="UTF-8"?>
<jcr:root xmlns:jcr="http://www.jcp.org/jcr/1.0" xmlns:nt="http://www.jcp.org/jcr/nt/1.0" xmlns:sling="http://sling.apache.org/jcr/sling/1.0"
    jcr:primaryType="sling:OrderedFolder"
    jcr:title="Placeholder">
    <featured-documents/>
    <footer-disclaimer/>
    <performance/>
    <general-facts/>
    <allocation/>
    <characteristics/>
    <top-holdings/>
    <extra-content/>
    <jcr:content jcr:primaryType="nt:unstructured"/>
    <announcements/>
    <awards/>
    <pdp-hero/>
    <pdp-hero-announcements/>
    <pdp-eyebrow/>
    <distributions/>
</jcr:root>
