<?xml version="1.0" encoding="UTF-8"?>
<jcr:root xmlns:jcr="http://www.jcp.org/jcr/1.0" xmlns:nt="http://www.jcp.org/jcr/nt/1.0" xmlns:cq="http://www.day.com/jcr/cq/1.0" xmlns:sling="http://sling.apache.org/jcr/sling/1.0"
    jcr:primaryType="cq:Page">
    <jcr:content
        cq:lastModified="{Date}2024-10-21T20:30:29.708Z"
        cq:lastModifiedBy="disclaimer-service-user"
        cq:template="/conf/lam/settings/wcm/templates/fund-detail"
        jcr:primaryType="cq:PageContent"
        jcr:title="Lazard US Sustainable Equity"
        sling:resourceType="lam/components/page"
        productType="Fund">
        <root
            jcr:primaryType="nt:unstructured"
            sling:resourceType="lam/components/container"
            layout="responsiveGrid">
            <container
                jcr:primaryType="nt:unstructured"
                sling:resourceType="lam/components/container"
                layout="responsiveGrid"/>
        </root>
    </jcr:content>
    <productData
        jcr:primaryType="nt:unstructured"
        title="Lazard US Sustainable Equity"
        type="Fund"/>
    <externalMetadata
        jcr:primaryType="nt:unstructured"
        assetClasses="[Equity]"
        availableOnInvestmentPlatform="{Boolean}false"
        category="US"
        categorySortOrder="{Long}999999"
        hasSMAonly="{Boolean}false"
        languages="[da-dk,de-at,de-ch,de-de,en-au,en-de,en-gb,en-us,es-es,fii-fi,fr-be,fr-ca,fr-fr,it-de,it-it,ja-jp,nb-no,nl-nl,pt-pt,sv-se]"
        pmTeamAsOfDate="2024-09-30"
        pmTeamMembers="[]"
        sortOrderWithinCategory="{Long}99999"
        strategyId="{Long}266"
        subStrategyId="{Long}618"
        suppressBenchmarks="{Boolean}false"
        umbrellaNumDigitsDividend="{Long}4"
        umbrellaNumDigitsNav="{Long}4">
        <productLanguages jcr:primaryType="nt:unstructured">
            <en-us
                jcr:primaryType="nt:unstructured"
                productHighlight="We seek to outperform the S&amp;P 500 Index over a full market cycle.&#xd;&#xa;Our integrated research embeds sustainability analysis into our fundamental, bottom-up research.&#xd;&#xa;The process assesses sustainability across multiple dimensions including products, operations and stakeholders."
                shortDesc="Lazard US Sustainable Equity seeks to invest in attractively valued enterprises that can prosper while attempting to protect and preserve human and natural capital. The portfolio aims to invest in companies with high or improving levels of financial productivity, whose products or services support a greener, healthier, safer, and fairer world, and whose own operations are aligned with a more sustainable future."/>
            <ja-jp
                jcr:primaryType="nt:unstructured"
                strategyTitle="米国サステナブル株式"/>
            <en-gb
                jcr:primaryType="nt:unstructured"
                productHighlight="We seek to outperform the S&amp;P 500 Index over a full market cycle.&#xd;&#xa;Our integrated research embeds sustainability analysis into our fundamental, bottom-up research.&#xd;&#xa;The process assesses sustainability across multiple dimensions including products, operations and stakeholders."
                shortDesc="Lazard US Sustainable Equity seeks to invest in attractively valued enterprises that can prosper while attempting to protect and preserve human and natural capital. The portfolio aims to invest in companies with high or improving levels of financial productivity, whose products or services support a greener, healthier, safer, and fairer world, and whose own operations are aligned with a more sustainable future."/>
        </productLanguages>
        <defaultShareClass jcr:primaryType="nt:unstructured"/>
        <shareClasses jcr:primaryType="nt:unstructured">
            <_x0039_321
                jcr:primaryType="nt:unstructured"
                countries="[AE,AT,AU,BE,BH,BS,CA,CH,DE,DK,ES,FI,FR,GB,IE,IL,IT,JP,LI,LU,MT,NL,NO,NZ,PG,PT,SA,SE,US,XX,ZA,XX]"
                currency="USD"
                currencySymbol="US$"
                fundId="{Long}3401"
                fundingStatus="Open"
                isAuthorizedPending="{Boolean}false"
                isGLIF="{Boolean}false"
                isSMA="{Boolean}false"
                minimumInvestment="US$ 5,000,000"
                primaryBenchmark="S&amp;P 500 Index"
                vehicleId="{Long}1"
                vehicleName="Separate Account">
                <professionalOnlyCountries jcr:primaryType="nt:unstructured"/>
            </_x0039_321>
        </shareClasses>
        <platforms jcr:primaryType="nt:unstructured">
            <_x0039_5
                jcr:primaryType="nt:unstructured"
                countries="[AE,BE,BH,CA,DK,ES,FI,FR,GB,IE,IL,JP,LU,MT,NL,NO,PT,SA,SE,US,XX,ZA]"
                regions="[16,3,2,22,1]"
                sortOrder="{Long}300"
                title="US Equity Platform"/>
            <_x0033_1183
                jcr:primaryType="nt:unstructured"
                countries="[AU,NZ,PG]"
                regions="[5]"
                sortOrder="{Long}9300"
                title="Australian Regional Equities Platform"/>
            <_x0033_5745
                jcr:primaryType="nt:unstructured"
                countries="[AT,CH,DE,IT,LI]"
                regions="[18,4,21]"
                sortOrder="{Long}9700"
                title="Equity Platform"/>
        </platforms>
    </externalMetadata>
    <disclaimerMappings jcr:primaryType="nt:unstructured">
        <DisclaimerLabel
            jcr:primaryType="nt:unstructured"
            approvedLanguages="[en_us]"
            disclaimerPaths="[/content/dam/lazard-asset-management/disclaimers/en_us/2078031161/jcr:content/indexedData/master]"
            isGlobalProductMapping="{Boolean}true"
            placeholderKeys="[]"
            type="DisclaimerLabel"/>
        <DisclaimerCharacteristics
            jcr:primaryType="nt:unstructured"
            approvedLanguages="[en_be,en_ch,en_es,en_fi,en_fr,en_gb,en_ie,en_it,en_li,en_lu,en_nl,en_no,en_pt,en_se]"
            disclaimerPaths="[/content/dam/lazard-asset-management/disclaimers/en_us/860061669]"
            isGlobalProductMapping="{Boolean}false"
            type="DisclaimerCharacteristics"/>
    </disclaimerMappings>
</jcr:root>
