<?xml version="1.0" encoding="UTF-8"?>
<jcr:root xmlns:jcr="http://www.jcp.org/jcr/1.0" xmlns:nt="http://www.jcp.org/jcr/nt/1.0" xmlns:cq="http://www.day.com/jcr/cq/1.0" xmlns:sling="http://sling.apache.org/jcr/sling/1.0"
    jcr:primaryType="cq:Page">
    <jcr:content
        cq:isDelivered="{Boolean}false"
        cq:lastModified="{Date}2024-10-18T17:40:21.107Z"
        cq:lastModifiedBy="products-service-user"
        cq:template="/conf/lam/settings/wcm/templates/fund-detail"
        jcr:mixinTypes="[cq:ReplicationStatus2]"
        jcr:primaryType="cq:PageContent"
        jcr:title="Lazard Rathmore Plus"
        sling:resourceType="lam/components/page"
        productType="Fund">
        <root
            jcr:primaryType="nt:unstructured"
            sling:resourceType="lam/components/container"
            layout="responsiveGrid">
            <container
                jcr:primaryType="nt:unstructured"
                sling:resourceType="lam/components/container"
                layout="responsiveGrid"/>
        </root>
    </jcr:content>
    <productData
        jcr:primaryType="nt:unstructured"
        title="Lazard Rathmore Plus"
        type="Fund"/>
    <externalMetadata
        jcr:primaryType="nt:unstructured"
        assetClasses="[Alternatives]"
        availableOnInvestmentPlatform="{Boolean}false"
        category="Alternatives"
        categorySortOrder="{Long}600"
        hasSMAonly="{Boolean}false"
        languages="[en-au,en-de,en-gb,en-us,fr-ca]"
        pmTeamAsOfDate="2024-09-30"
        pmTeamMembers="[]"
        sortOrderWithinCategory="{Long}970"
        strategyId="{Long}86"
        subStrategyId="{Long}627"
        suppressBenchmarks="{Boolean}false"
        umbrellaNumDigitsDividend="{Long}4"
        umbrellaNumDigitsNav="{Long}4">
        <productLanguages jcr:primaryType="nt:unstructured">
            <en-us
                jcr:primaryType="nt:unstructured"
                shortDesc="Lazard Rathmore Plus is a hedged convertibles strategy in which a long convertible bond position is typically hedged with a short stock position in the same company. Position-level hedges are actively traded in order to monetize market volatility. In addition to generating returns from credit and volatility (&quot;beta&quot;), the team's specialized approach focuses on extracting value from special situations and events (&quot;alpha&quot;), which supplements the traditional drivers of return to convertible arbitrage strategies and allows for a strategic, long-term approach to investing in the space. Lazard Rathmore Plus is expected to be managed in a substantially similar manner to the Lazard Rathmore strategy, but utilizing higher levels of leverage."/>
            <en-gb
                jcr:primaryType="nt:unstructured"
                shortDesc="Lazard Rathmore Plus is a hedged convertibles strategy in which a long convertible bond position is typically hedged with a short stock position in the same company. Position-level hedges are actively traded in order to monetize market volatility. In addition to generating returns from credit and volatility (&quot;beta&quot;), the team's specialized approach focuses on extracting value from special situations and events (&quot;alpha&quot;), which supplements the traditional drivers of return to convertible arbitrage strategies and allows for a strategic, long-term approach to investing in the space. Lazard Rathmore Plus is expected to be managed in a substantially similar manner to the Lazard Rathmore strategy, but utilizing higher levels of leverage."/>
        </productLanguages>
        <defaultShareClass jcr:primaryType="nt:unstructured"/>
        <shareClasses jcr:primaryType="nt:unstructured">
            <_x0039_561
                jcr:primaryType="nt:unstructured"
                countries="[BS,CA,US,XX]"
                fundId="{Long}3541"
                fundingStatus="Open"
                isAuthorizedPending="{Boolean}false"
                isGLIF="{Boolean}false"
                isSMA="{Boolean}false"
                vehicleId="{Long}1"
                vehicleName="Separate Account">
                <professionalOnlyCountries jcr:primaryType="nt:unstructured"/>
            </_x0039_561>
        </shareClasses>
        <platforms jcr:primaryType="nt:unstructured">
            <_x0031_00
                jcr:primaryType="nt:unstructured"
                countries="[CA,US]"
                regions="[1]"
                sortOrder="{Long}1000"
                title="Alternative Investments Platform"/>
        </platforms>
    </externalMetadata>
    <disclaimerMappings jcr:primaryType="nt:unstructured">
        <DisclaimerLabel
            jcr:primaryType="nt:unstructured"
            approvedLanguages="[en_us]"
            disclaimerPaths="[/content/dam/lazard-asset-management/disclaimers/en_us/2078031161/jcr:content/indexedData/master]"
            isGlobalProductMapping="{Boolean}true"
            placeholderKeys="[]"
            type="DisclaimerLabel"/>
        <StatPro_NY-P_RATHMORE_PLUS
            jcr:primaryType="nt:unstructured"
            approvedLanguages="[en_us]"
            disclaimerPaths="[/content/dam/lazard-asset-management/disclaimers/en_us/1024767403]"
            isGlobalProductMapping="{Boolean}false"
            placeholderKeys="[]"
            type="StatPro_NY-P_RATHMORE_PLUS"/>
    </disclaimerMappings>
</jcr:root>
