<?xml version="1.0" encoding="UTF-8"?>
<jcr:root xmlns:jcr="http://www.jcp.org/jcr/1.0" xmlns:nt="http://www.jcp.org/jcr/nt/1.0" xmlns:mix="http://www.jcp.org/jcr/mix/1.0" xmlns:cq="http://www.day.com/jcr/cq/1.0" xmlns:sling="http://sling.apache.org/jcr/sling/1.0"
    jcr:primaryType="cq:Page">
    <jcr:content
        cq:lastModified="{Date}2024-10-08T15:32:30.081Z"
        cq:lastModifiedBy="sophia.ponce@lazard.com"
        cq:lastRolledout="{Date}2024-10-08T15:32:30.083Z"
        cq:lastRolledoutBy="sophia.ponce@lazard.com"
        cq:template="/conf/lam/settings/wcm/templates/thought-leadership-hub"
        jcr:isCheckedOut="{Boolean}true"
        jcr:mixinTypes="[cq:LiveRelationship,cq:LiveSync,mix:versionable]"
        jcr:primaryType="cq:PageContent"
        jcr:title="Sustainable Insights"
        jcr:uuid="9aeaa80b-4f55-487a-8d7d-feebbc69244d"
        sling:resourceType="lam/components/page"
        assetClass="assetClass0"
        category="strategy"
        headerTheme="dark"
        linkType="internal"
        nodesMoved="{Boolean}true"
        pageProductData="fund-listing"
        pwaCachestrategy="staleWhileRevalidate"
        pwaDisplay="standalone"
        pwaOrientation="any">
        <root
            cq:lastRolledout="{Date}2024-10-08T15:32:30.049Z"
            cq:lastRolledoutBy="sophia.ponce@lazard.com"
            jcr:mixinTypes="[cq:LiveRelationship]"
            jcr:primaryType="nt:unstructured"
            sling:resourceType="lam/components/container"
            layout="responsiveGrid">
            <container
                cq:lastRolledout="{Date}2024-10-08T15:32:30.067Z"
                cq:lastRolledoutBy="sophia.ponce@lazard.com"
                jcr:mixinTypes="[cq:LiveRelationship]"
                jcr:primaryType="nt:unstructured"
                sling:resourceType="lam/components/container"
                layout="responsiveGrid">
                <container
                    cq:lastRolledout="{Date}2024-10-08T15:32:30.078Z"
                    cq:lastRolledoutBy="sophia.ponce@lazard.com"
                    jcr:mixinTypes="[cq:LiveRelationship]"
                    jcr:primaryType="nt:unstructured"
                    sling:resourceType="lam/components/container"
                    layout="responsiveGrid"/>
            </container>
            <container_msm_moved
                cq:isManuallyCreated="{Boolean}true"
                jcr:primaryType="nt:unstructured"
                sling:resourceType="lam/components/container"
                layout="responsiveGrid">
                <container
                    cq:lastRolledout="{Date}2024-05-30T16:48:13.669Z"
                    cq:lastRolledoutBy="bassel.eladas@lazard.com"
                    jcr:mixinTypes="[cq:LiveRelationship]"
                    jcr:primaryType="nt:unstructured"
                    sling:resourceType="lam/components/container"
                    layout="responsiveGrid"/>
            </container_msm_moved>
        </root>
        <cq:featuredimage
            cq:lastRolledout="{Date}2024-10-08T15:32:30.083Z"
            cq:lastRolledoutBy="sophia.ponce@lazard.com"
            jcr:lastModified="{Date}2024-10-08T15:32:30.079Z"
            jcr:lastModifiedBy="sophia.ponce@lazard.com"
            jcr:mixinTypes="[cq:LiveRelationship]"
            jcr:primaryType="nt:unstructured"
            sling:resourceType="core/wcm/components/image/v3/image"
            altValueFromDAM="false"/>
        <cq:LiveSyncConfig
            cq:isDeep="{Boolean}true"
            cq:master="/content/lam/language-masters/en/sustainable-insights"
            cq:moveTarget="/content/lam/de/en_gb/sustainable-insights"
            cq:rolloutConfigs="[]"
            jcr:primaryType="cq:LiveCopy"/>
    </jcr:content>
    <lqe-sustainability-framework/>
    <sustainable-agriculture/>
    <why-climate-action-now/>
    <esg-and-financial-productivity/>
</jcr:root>
