<?xml version="1.0" encoding="UTF-8"?>
<jcr:root xmlns:jcr="http://www.jcp.org/jcr/1.0" xmlns:nt="http://www.jcp.org/jcr/nt/1.0" xmlns:cq="http://www.day.com/jcr/cq/1.0" xmlns:sling="http://sling.apache.org/jcr/sling/1.0"
    jcr:primaryType="cq:Page">
    <jcr:content
        cq:lastModified="{Date}2024-10-30T19:38:38.681Z"
        cq:lastModifiedBy="disclaimer-service-user"
        cq:template="/conf/lam/settings/wcm/templates/fund-detail"
        jcr:primaryType="cq:PageContent"
        jcr:title="Lazard Emerging Markets Total Return Debt Fund"
        sling:resourceType="lam/components/page"
        productType="Fund">
        <root
            jcr:primaryType="nt:unstructured"
            sling:resourceType="lam/components/container"
            layout="responsiveGrid">
            <container
                jcr:primaryType="nt:unstructured"
                sling:resourceType="lam/components/container"
                layout="responsiveGrid"/>
        </root>
    </jcr:content>
    <productData
        jcr:primaryType="nt:unstructured"
        title="Lazard Emerging Markets Total Return Debt Fund"
        type="Fund"/>
    <externalMetadata
        jcr:primaryType="nt:unstructured"
        assetClasses="[Alternatives]"
        availableOnInvestmentPlatform="{Boolean}true"
        benchmarkName="None"
        category="Emerging Markets"
        categorySortOrder="{Long}200"
        distributionDate="April and October"
        hasSMAonly="{Boolean}false"
        languages="[de-at,de-ch,de-de,en-au,en-de,en-gb,en-us,es-es,fr-be,fr-ca,fr-fr,it-de,it-it,nl-nl,pt-pt]"
        pmTeamAsOfDate="2024-06-30"
        sfdrCategory="{Long}8"
        sortOrderWithinCategory="{Long}570"
        strategyId="{Long}131"
        subStrategyId="{Long}367"
        suppressBenchmarks="{Boolean}false"
        umbrellaName="LGIF"
        umbrellaNumDigitsDividend="{Long}4"
        umbrellaNumDigitsNav="{Long}4">
        <investmentPlatforms jcr:primaryType="nt:unstructured">
            <_x0032_
                jcr:primaryType="nt:unstructured"
                countries="[CA,US]"
                name="Pershing"/>
            <_x0033_
                jcr:primaryType="nt:unstructured"
                countries="[GB]"
                name="Allfunds"/>
        </investmentPlatforms>
        <productLanguages jcr:primaryType="nt:unstructured">
            <en-us
                jcr:primaryType="nt:unstructured"
                shortDesc="Lazard's Emerging Markets Total Return Debt Fund is a benchmark agnostic fund with active asset allocation across the full spectrum of the emerging market debt universe. The Fund seeks to protect capital by generating an absolute return with low volatility for this asset class. The fund is VAG-compliant."/>
            <fr-fr
                jcr:primaryType="nt:unstructured"
                shortDesc="Lazard Emerging Markets Total Return Debt Fund est un fonds dont les actifs sont répartis à travers tout l’univers de la dette des marchés émergents. Ce Fonds vise à protéger le capital en générant un rendement total ayant une faible volatilité pour cette catégorie d’actifs. Il est conforme à la norme VAG."/>
            <de-de
                jcr:primaryType="nt:unstructured"
                germanyFundObjective="Positive Gesamtrendite aus einer Kombination von Einkünften und Kapitalwachstum durch die Anlage in Entwicklungs- und Schwellenländeranleihen."
                shortDesc="Der Lazard Emerging Markets Total Return Debt Fund betreibt eine aktive Vermögensallokation über das gesamte Spektrum des Schwellenländer Anleihen-Universums. Der Fonds zielt darauf ab, Kapital zu schützen, indem er eine absolute Rendite mit geringer Volatilität in dieser Anlageklasse generiert. Der Fonds ist für VAG-Anleger geeignet."/>
        </productLanguages>
        <defaultShareClass
            jcr:primaryType="nt:unstructured"
            AT="{Long}1263"
            BE="{Long}1263"
            CH="{Long}1263"
            DE="{Long}1263"
            ES="{Long}722"
            FR="{Long}1263"
            GB="{Long}1263"
            HK="{Long}1263"
            IE="{Long}1263"
            IT="{Long}1263"
            LI="{Long}1263"
            LU="{Long}1263"
            PT="{Long}1263"
            SG="{Long}1263"/>
        <pmTeamMembers jcr:primaryType="nt:unstructured">
            <_x0030_
                jcr:primaryType="nt:unstructured"
                bioId="{Long}181"
                firstName="Arif"
                isLead="{Boolean}true"
                lastName="Joshi"
                sortOrder="{Long}1"/>
            <_x0031_
                jcr:primaryType="nt:unstructured"
                bioId="{Long}383"
                firstName="Denise"
                isLead="{Boolean}true"
                lastName="Simon"
                sortOrder="{Long}1"/>
            <_x0032_
                jcr:primaryType="nt:unstructured"
                bioId="{Long}644"
                firstName="Adam"
                isLead="{Boolean}false"
                lastName="Borneleit"
                sortOrder="{Long}2"/>
            <_x0033_
                jcr:primaryType="nt:unstructured"
                bioId="{Long}309"
                firstName="Felipe"
                isLead="{Boolean}false"
                lastName="Pianetti"
                sortOrder="{Long}2"/>
            <_x0034_
                jcr:primaryType="nt:unstructured"
                bioId="{Long}425"
                firstName="Sergio"
                isLead="{Boolean}false"
                lastName="Valderrama"
                sortOrder="{Long}2"/>
        </pmTeamMembers>
        <shareClasses jcr:primaryType="nt:unstructured">
            <_x0031_245
                jcr:primaryType="nt:unstructured"
                annualManagementCharge="1.75%"
                apir="N/A"
                countries="[AT,BE,CH,DE,IE,LU,XX]"
                currency="EUR"
                currencySymbol="€"
                cusip="N/A"
                fundId="{Long}410"
                fundingStatus="Authorized/Pending"
                initialCharge="3.00%"
                isAuthorizedPending="{Boolean}true"
                isGLIF="{Boolean}false"
                isin="IE00B4P2Z363"
                isSMA="{Boolean}false"
                minimumInvestment="1 000 000 USD"
                sedol="B4P2Z36"
                ticker="LZEMBDE ID"
                title="D Dist EUR Hedged"
                valoren="14632813"
                vehicleId="{Long}17"
                vehicleName="UCITS (Ireland)"
                wknCd="A1H58L">
                <professionalOnlyCountries
                    jcr:primaryType="nt:unstructured"
                    AT="{Boolean}false"
                    BE="{Boolean}false"
                    CH="{Boolean}false"
                    DE="{Boolean}false"
                    IE="{Boolean}false"
                    LU="{Boolean}false"/>
                <investmentPlatforms jcr:primaryType="nt:unstructured">
                    <_x0033_
                        jcr:primaryType="nt:unstructured"
                        countries="[GB]"
                        name="Allfunds"/>
                </investmentPlatforms>
            </_x0031_245>
            <_x0031_261
                jcr:primaryType="nt:unstructured"
                annualManagementCharge="0.75%"
                apir="N/A"
                countries="[AT,DE,IE,XX]"
                currency="EUR"
                currencySymbol="€"
                cusip="N/A"
                fundId="{Long}410"
                fundingStatus="Authorized/Pending"
                initialCharge="3.00%"
                isAuthorizedPending="{Boolean}true"
                isGLIF="{Boolean}false"
                isin="IE00B4PHC298"
                isSMA="{Boolean}false"
                minimumInvestment="250 000 USD"
                sedol="B4PHC29"
                ticker="LZEMLHI ID"
                title="A Dist EUR Hedged"
                valoren="19191254"
                vehicleId="{Long}17"
                vehicleName="UCITS (Ireland)"
                wknCd="A1C9MX">
                <professionalOnlyCountries
                    jcr:primaryType="nt:unstructured"
                    AT="{Boolean}false"
                    DE="{Boolean}false"
                    IE="{Boolean}false"/>
                <investmentPlatforms jcr:primaryType="nt:unstructured">
                    <_x0033_
                        jcr:primaryType="nt:unstructured"
                        countries="[GB]"
                        name="Allfunds"/>
                </investmentPlatforms>
            </_x0031_261>
            <_x0031_364
                jcr:primaryType="nt:unstructured"
                annualManagementCharge="0.00%"
                apir="N/A"
                countries="[GB,IE,XX]"
                currency="AUD"
                currencySymbol="A$"
                cusip="N/A"
                fundId="{Long}410"
                fundingStatus="Authorized/Pending"
                initialCharge="0.00%"
                isAuthorizedPending="{Boolean}true"
                isGLIF="{Boolean}false"
                isin="IE00B8BFVP14"
                isSMA="{Boolean}false"
                minimumInvestment="1 000 000 USD"
                sedol="B8BFVP1"
                ticker="LZEMAHM ID"
                title="M Dist AUD Hedged"
                valoren="21071768"
                vehicleId="{Long}17"
                vehicleName="UCITS (Ireland)"
                wknCd="A1T7EP">
                <professionalOnlyCountries
                    jcr:primaryType="nt:unstructured"
                    GB="{Boolean}false"
                    IE="{Boolean}false"/>
                <investmentPlatforms jcr:primaryType="nt:unstructured">
                    <_x0033_
                        jcr:primaryType="nt:unstructured"
                        countries="[GB]"
                        name="Allfunds"/>
                </investmentPlatforms>
            </_x0031_364>
            <_x0035_381
                jcr:primaryType="nt:unstructured"
                annualManagementCharge="0.70%"
                countries="[AT,BE,CH,DE,IE,IT,LU,XX]"
                currency="EUR"
                currencySymbol="€"
                fundId="{Long}410"
                fundingStatus="Authorized/Pending"
                initialCharge="3.00%"
                isAuthorizedPending="{Boolean}true"
                isGLIF="{Boolean}false"
                isin="IE00BD1K6J05"
                isSMA="{Boolean}false"
                minimumInvestment="250 000 USD"
                sedol="BD1K6J0"
                ticker="LEMCAEH ID"
                title="C Acc EUR Hedged"
                valoren="41302936"
                vehicleId="{Long}17"
                vehicleName="UCITS (Ireland)"
                wknCd="A2JF0W">
                <professionalOnlyCountries
                    jcr:primaryType="nt:unstructured"
                    AT="{Boolean}false"
                    BE="{Boolean}false"
                    CH="{Boolean}false"
                    DE="{Boolean}false"
                    IE="{Boolean}false"
                    IT="{Boolean}false"
                    LU="{Boolean}false"/>
                <investmentPlatforms jcr:primaryType="nt:unstructured">
                    <_x0033_
                        jcr:primaryType="nt:unstructured"
                        countries="[GB]"
                        name="Allfunds"/>
                </investmentPlatforms>
            </_x0035_381>
        </shareClasses>
        <platforms jcr:primaryType="nt:unstructured">
            <_x0039_4
                jcr:primaryType="nt:unstructured"
                countries="[AE,AU,BE,BH,BN,CA,CN,DK,ES,FI,FR,GB,HK,ID,IE,IL,JP,LU,MO,MT,MY,NL,NO,NZ,PG,PH,PT,SA,SE,SG,TH,TW,US,XX,ZA]"
                regions="[16,22,19,2,1,3,5]"
                sortOrder="{Long}600"
                title="Emerging Markets Platform"/>
            <_x0039_8
                jcr:primaryType="nt:unstructured"
                countries="[AE,AT,AU,BE,BH,BN,CA,CN,DE,DK,ES,FI,FR,GB,HK,ID,IE,IL,IT,JP,LU,MO,MT,MY,NL,NO,NZ,PG,PH,PT,SA,SE,SG,TH,TW,US,XX,ZA]"
                regions="[19,4,22,1,5,18,16,2,3]"
                sortOrder="{Long}700"
                title="Fixed Income Platform"/>
            <_x0031_00
                jcr:primaryType="nt:unstructured"
                countries="[AE,AT,AU,BE,BH,BN,CA,CH,CN,DE,DK,ES,FI,FR,GB,HK,ID,IE,IL,IT,JP,LI,LU,MO,MT,MY,NL,NO,NZ,PG,PH,PT,SA,SE,SG,TH,TW,US,XX,ZA]"
                regions="[16,18,2,21,22,3,19,4,5,1]"
                sortOrder="{Long}1000"
                title="Alternative Investments Platform"/>
        </platforms>
    </externalMetadata>
    <disclaimerMappings jcr:primaryType="nt:unstructured">
        <DisclaimerLabel
            jcr:primaryType="nt:unstructured"
            approvedLanguages="[en_us]"
            disclaimerPaths="[/content/dam/lazard-asset-management/disclaimers/en_us/2078031161]"
            isGlobalProductMapping="{Boolean}true"
            type="DisclaimerLabel"/>
        <DisclaimerOverride
            jcr:primaryType="nt:unstructured"
            approvedLanguages="[en_at,en_ch,en_de,en_fr,en_gb,en_it,en_li,en_us]"
            disclaimerPaths="[/content/dam/lazard-asset-management/disclaimers/en_us/2037704038]"
            isGlobalProductMapping="{Boolean}false"
            type="DisclaimerOverride"/>
        <DisclaimerPerformanceReview_tcm-1199-694309
            jcr:primaryType="nt:unstructured"
            approvedLanguages="[de_at,de_de,en_at,en_ch,en_de,en_fr,en_it,en_us]"
            disclaimerPaths="[/content/dam/lazard-asset-management/disclaimers/en_us/1882929028]"
            isGlobalProductMapping="{Boolean}false"
            placeholderKeys="[]"
            type="DisclaimerPerformanceReview_tcm-1199-694309"/>
        <DisclaimerPerformanceReview_tcm-67-694309
            jcr:primaryType="nt:unstructured"
            approvedLanguages="[de_at,de_de,en_at,en_ch,en_de,en_fr,en_it,en_us]"
            disclaimerPaths="[/content/dam/lazard-asset-management/disclaimers/en_us/1882929028]"
            isGlobalProductMapping="{Boolean}false"
            placeholderKeys="[]"
            type="DisclaimerPerformanceReview_tcm-67-694309"/>
        <DisclaimerPerformanceReview_tcm-70-694309
            jcr:primaryType="nt:unstructured"
            approvedLanguages="[de_at,de_de,en_at,en_ch,en_de,en_fr,en_it,en_us]"
            disclaimerPaths="[/content/dam/lazard-asset-management/disclaimers/en_us/1882929028]"
            isGlobalProductMapping="{Boolean}false"
            placeholderKeys="[]"
            type="DisclaimerPerformanceReview_tcm-70-694309"/>
        <DisclaimerCharacteristics
            jcr:primaryType="nt:unstructured"
            approvedLanguages="[en_be,en_ch,en_es,en_fi,en_fr,en_gb,en_ie,en_it,en_li,en_lu,en_nl,en_no,en_pt,en_se]"
            disclaimerPaths="[/content/dam/lazard-asset-management/disclaimers/en_us/860061669]"
            isGlobalProductMapping="{Boolean}false"
            type="DisclaimerCharacteristics"/>
        <DisclaimerPerformanceReview
            jcr:primaryType="nt:unstructured"
            approvedLanguages="[en_fr]"
            disclaimerPaths="[/content/dam/lazard-asset-management/disclaimers/en_us/1882929028]"
            isGlobalProductMapping="{Boolean}false"
            type="DisclaimerPerformanceReview"/>
    </disclaimerMappings>
</jcr:root>
