<?xml version="1.0" encoding="UTF-8"?>
<jcr:root xmlns:jcr="http://www.jcp.org/jcr/1.0" xmlns:nt="http://www.jcp.org/jcr/nt/1.0" xmlns:cq="http://www.day.com/jcr/cq/1.0" xmlns:sling="http://sling.apache.org/jcr/sling/1.0"
    jcr:primaryType="cq:Page">
    <jcr:content
        cq:lastModified="{Date}2024-10-21T20:39:12.724Z"
        cq:lastModifiedBy="disclaimer-service-user"
        cq:template="/conf/lam/settings/wcm/templates/fund-detail"
        jcr:primaryType="cq:PageContent"
        jcr:title="Lazard Global Equity Advantage (Shari'ah)"
        sling:resourceType="lam/components/page"
        productType="Fund">
        <root
            jcr:primaryType="nt:unstructured"
            sling:resourceType="lam/components/container"
            layout="responsiveGrid">
            <container
                jcr:primaryType="nt:unstructured"
                sling:resourceType="lam/components/container"
                layout="responsiveGrid"/>
        </root>
    </jcr:content>
    <productData
        jcr:primaryType="nt:unstructured"
        title="Lazard Global Equity Advantage (Shari'ah)"
        type="Fund"/>
    <externalMetadata
        jcr:primaryType="nt:unstructured"
        assetClasses="[Equity]"
        availableOnInvestmentPlatform="{Boolean}false"
        benchmarkName="Dow Jones Islamic Market World Index"
        categorySortOrder="{Long}999999"
        hasSMAonly="{Boolean}false"
        languages="[da-dk,de-de,en-au,en-de,en-gb,en-us,es-es,fii-fi,fr-be,fr-ca,fr-fr,nb-no,nl-nl,pt-pt,sv-se]"
        pmTeamAsOfDate="2024-09-30"
        pmTeamMembers="[]"
        sortOrderWithinCategory="{Long}99999"
        strategyId="{Long}92"
        subStrategyId="{Long}428"
        suppressBenchmarks="{Boolean}false"
        umbrellaNumDigitsDividend="{Long}4"
        umbrellaNumDigitsNav="{Long}4">
        <productLanguages jcr:primaryType="nt:unstructured">
            <en-gb
                jcr:primaryType="nt:unstructured"
                productHighlight="The strategy aims to deliver consistent outperformance versus its benchmark through stable and balanced exposure across four factor families: Value, Growth, Quality &amp; Sentiment.&#xd;&#xa;Risk exposures are managed to be similar to the benchmark, a process that seeks to allow active stock selection to drive relative results without reliance on specific macro trends for successful outcomes.&#xd;&#xa;Managed by a team of seasoned professionals who have been managing similar equity portfolios together in excess of two decades."
                shortDesc="The Lazard Global Equity Advantage (Shariah) strategy seeks to outperform Dow Jones Islamic Market World Index by 2%-3% per annum with an active risk target of 3%-5% per annum. The strategy relies on a core, bottom-up process to achieve these targets while avoiding unwanted top-down or macro exposures. Stocks are selected for the portfolio from an investment universe of approximately 2,000 developed-market stocks using an active, quantitatively based investment process that evaluates each company on a daily basis relative to global peers. Each company in the investable universe is measured daily in terms of its growth potential, valuation, market sentiment, and financial quality. Portfolio risks are managed independently by maintaining exposures that are similar to the benchmark including region, industry, country, capitalization, and beta. Expected annual turnover is between 60%-120% and portfolio holdings range between 150-250 securities."/>
            <en-us
                jcr:primaryType="nt:unstructured"
                productHighlight="The strategy aims to deliver consistent outperformance versus its benchmark through stable and balanced exposure across four factor families: Value, Growth, Quality &amp; Sentiment.&#xd;&#xa;Risk exposures are managed to be similar to the benchmark, a process that seeks to allow active stock selection to drive relative results without reliance on specific macro trends for successful outcomes.&#xd;&#xa;Managed by a team of seasoned professionals who have been managing similar equity portfolios together in excess of two decades."/>
        </productLanguages>
        <defaultShareClass jcr:primaryType="nt:unstructured"/>
        <shareClasses jcr:primaryType="nt:unstructured">
            <_x0038_62
                jcr:primaryType="nt:unstructured"
                countries="[AE,BE,BH,BS,DK,ES,FI,FR,IE,IL,LU,MT,NL,NO,PT,SA,SE,XX,ZA,XX]"
                currency="USD"
                currencySymbol="US$"
                fundId="{Long}421"
                fundingStatus="Open"
                inceptionDate="2013-04-01"
                isAuthorizedPending="{Boolean}false"
                isGLIF="{Boolean}false"
                isSMA="{Boolean}false"
                primaryBenchmark="Dow Jones Islamic Market World Index"
                vehicleId="{Long}1"
                vehicleName="Separate Account">
                <professionalOnlyCountries jcr:primaryType="nt:unstructured"/>
            </_x0038_62>
        </shareClasses>
        <platforms jcr:primaryType="nt:unstructured">
            <_x0039_9
                jcr:primaryType="nt:unstructured"
                countries="[AE,BE,BH,DK,ES,FI,FR,IE,IL,LU,MT,NL,NO,PT,SA,SE,XX,ZA]"
                regions="[22,3]"
                sortOrder="{Long}900"
                title="Quantitative Equity Platform"/>
        </platforms>
    </externalMetadata>
    <disclaimerMappings jcr:primaryType="nt:unstructured">
        <DisclaimerLabel
            jcr:primaryType="nt:unstructured"
            approvedLanguages="[en_us]"
            disclaimerPaths="[/content/dam/lazard-asset-management/disclaimers/en_us/2078031161/jcr:content/indexedData/master]"
            isGlobalProductMapping="{Boolean}true"
            placeholderKeys="[]"
            type="DisclaimerLabel"/>
        <DisclaimerCharacteristics
            jcr:primaryType="nt:unstructured"
            approvedLanguages="[en_be,en_ch,en_es,en_fi,en_fr,en_gb,en_ie,en_it,en_li,en_lu,en_nl,en_no,en_pt,en_se]"
            disclaimerPaths="[/content/dam/lazard-asset-management/disclaimers/en_us/860061669]"
            isGlobalProductMapping="{Boolean}false"
            type="DisclaimerCharacteristics"/>
    </disclaimerMappings>
</jcr:root>
