<?xml version="1.0" encoding="UTF-8"?>
<jcr:root xmlns:jcr="http://www.jcp.org/jcr/1.0" xmlns:mix="http://www.jcp.org/jcr/mix/1.0" xmlns:cq="http://www.day.com/jcr/cq/1.0" xmlns:sling="http://sling.apache.org/jcr/sling/1.0"
    jcr:primaryType="cq:Page">
    <jcr:content
        cq:isDelivered="{Boolean}false"
        cq:lastReplicated="{Date}2024-07-18T23:16:41.695Z"
        cq:lastReplicated_publish="{Date}2024-07-18T23:16:41.695Z"
        cq:lastReplicated_scene7="{Date}2024-07-18T19:19:44.631Z"
        cq:lastReplicatedBy="ilse.rivas@lazard.com"
        cq:lastReplicatedBy_publish="ilse.rivas@lazard.com"
        cq:lastReplicatedBy_scene7="anna.herbst@lazard.com"
        cq:lastReplicationAction="Activate"
        cq:lastReplicationAction_publish="Activate"
        cq:lastReplicationAction_scene7="Activate"
        jcr:isCheckedOut="{Boolean}true"
        jcr:lastModified="{Date}2024-07-18T20:01:32.059Z"
        jcr:lastModifiedBy="anna.herbst@lazard.com"
        jcr:mixinTypes="[cq:ReplicationStatus2,mix:versionable]"
        jcr:primaryType="cq:PageContent"
        jcr:uuid="588a0085-d199-409d-99e5-bc926fcb053d"
        sling:configCollectionInherit="{Boolean}true"/>
    <pdpHero/>
    <pdpCharacteristics/>
    <pdpAllocation/>
    <pdpDistribution/>
    <pdpGeneralFacts/>
    <pdpPlatformAvailability/>
    <pdpTopHoldings/>
    <pdpPerformance/>
    <featureStat/>
    <fundList/>
    <strategyList/>
</jcr:root>
