<?xml version="1.0" encoding="UTF-8"?>
<jcr:root xmlns:jcr="http://www.jcp.org/jcr/1.0" xmlns:sling="http://sling.apache.org/jcr/sling/1.0" xmlns:cq="http://www.day.com/jcr/cq/1.0"
    jcr:lastModified="{Date}2024-10-08T19:35:17.987Z"
    jcr:lastModifiedBy="bassel.eladas@lazard.com"
    jcr:primaryType="cq:Tag"
    jcr:title="Region"
    sling:resourceType="cq/tagging/components/tag">
    <europe/>
    <uk/>
    <japan/>
    <global/>
    <china/>
    <us/>
    <australia/>
    <middle-east/>
</jcr:root>
