<?xml version="1.0" encoding="UTF-8"?>
<jcr:root xmlns:jcr="http://www.jcp.org/jcr/1.0" xmlns:nt="http://www.jcp.org/jcr/nt/1.0" xmlns:cq="http://www.day.com/jcr/cq/1.0" xmlns:sling="http://sling.apache.org/jcr/sling/1.0"
    jcr:primaryType="cq:Page">
    <jcr:content
        cq:isDelivered="{Boolean}false"
        cq:lastModified="{Date}2024-10-18T17:18:29.961Z"
        cq:lastModifiedBy="products-service-user"
        cq:template="/conf/lam/settings/wcm/templates/fund-detail"
        jcr:mixinTypes="[cq:ReplicationStatus2]"
        jcr:primaryType="cq:PageContent"
        jcr:title="Lazard International Small Cap Equity"
        sling:resourceType="lam/components/page"
        productType="Fund">
        <root
            jcr:primaryType="nt:unstructured"
            sling:resourceType="lam/components/container"
            layout="responsiveGrid">
            <container
                jcr:primaryType="nt:unstructured"
                sling:resourceType="lam/components/container"
                layout="responsiveGrid"/>
        </root>
    </jcr:content>
    <productData
        jcr:primaryType="nt:unstructured"
        title="Lazard International Small Cap Equity"
        type="Fund"/>
    <externalMetadata
        jcr:primaryType="nt:unstructured"
        assetClasses="[Equity]"
        availableOnInvestmentPlatform="{Boolean}false"
        benchmarkName="MSCI EAFE Small Cap Index"
        category="Equity"
        categorySortOrder="{Long}100"
        hasSMAonly="{Boolean}false"
        languages="[en-au,en-de,en-gb,en-us,fr-ca]"
        pmTeamAsOfDate="2024-09-30"
        pmTeamMembers="[]"
        sortOrderWithinCategory="{Long}370"
        strategyId="{Long}39"
        subStrategyId="{Long}171"
        suppressBenchmarks="{Boolean}false"
        umbrellaNumDigitsDividend="{Long}4"
        umbrellaNumDigitsNav="{Long}4">
        <productLanguages jcr:primaryType="nt:unstructured">
            <en-us
                jcr:primaryType="nt:unstructured"
                shortDesc="Lazard International Small Cap Equity seeks to generate strong relative returns over a long-term time horizon by investing in companies with strong financial productivity at attractive valuations. The strategy typically invests in 60 to 90 non-US equity securities of companies with market capitalizations between $300 million and $5 billion, or in the range of companies included in the MSCI EAFE Small Cap Index."/>
            <en-gb
                jcr:primaryType="nt:unstructured"
                shortDesc="Lazard International Small Cap Equity seeks to generate strong relative returns over a long-term time horizon by investing in companies with strong financial productivity at attractive valuations. The strategy typically invests in 60 to 90 non-US equity securities of companies with market capitalizations between $300 million and $5 billion, or in the range of companies included in the MSCI EAFE Small Cap Index."/>
        </productLanguages>
        <defaultShareClass jcr:primaryType="nt:unstructured"/>
        <shareClasses jcr:primaryType="nt:unstructured">
            <_x0037_9
                jcr:primaryType="nt:unstructured"
                countries="[BS,CA,US,XX]"
                currency="USD"
                currencySymbol="US$"
                fundId="{Long}51"
                fundingStatus="Open"
                inceptionDate="1993-11-30"
                isAuthorizedPending="{Boolean}false"
                isGLIF="{Boolean}false"
                isSMA="{Boolean}false"
                minimumInvestment="US$ 5,000,000"
                primaryBenchmark="MSCI EAFE Small Cap Index"
                vehicleId="{Long}1"
                vehicleName="Separate Account">
                <professionalOnlyCountries jcr:primaryType="nt:unstructured"/>
            </_x0037_9>
        </shareClasses>
        <platforms jcr:primaryType="nt:unstructured">
            <_x0039_3
                jcr:primaryType="nt:unstructured"
                countries="[CA,US]"
                regions="[1]"
                sortOrder="{Long}200"
                title="International Equity Platform"/>
        </platforms>
    </externalMetadata>
    <disclaimerMappings jcr:primaryType="nt:unstructured">
        <StatPro_NY-P_I_I_SMCAP
            jcr:primaryType="nt:unstructured"
            approvedLanguages="[en_us]"
            disclaimerPaths="[/content/dam/lazard-asset-management/disclaimers/en_us/639278818]"
            isGlobalProductMapping="{Boolean}false"
            placeholderKeys="[]"
            type="StatPro_NY-P_I_I_SMCAP"/>
        <DisclaimerCharacteristics jcr:primaryType="nt:unstructured"/>
        <DisclaimerDividends jcr:primaryType="nt:unstructured"/>
    </disclaimerMappings>
</jcr:root>
