<?xml version="1.0" encoding="UTF-8"?>
<jcr:root xmlns:jcr="http://www.jcp.org/jcr/1.0" xmlns:nt="http://www.jcp.org/jcr/nt/1.0" xmlns:mix="http://www.jcp.org/jcr/mix/1.0" xmlns:cq="http://www.day.com/jcr/cq/1.0" xmlns:sling="http://sling.apache.org/jcr/sling/1.0"
    jcr:primaryType="cq:Page">
    <jcr:content
        cq:lastModified="{Date}2024-11-03T22:52:53.462Z"
        cq:lastModifiedBy="sophia.ponce@lazard.com"
        cq:lastRolledout="{Date}2024-11-03T22:52:53.466Z"
        cq:lastRolledoutBy="sophia.ponce@lazard.com"
        cq:template="/conf/lam/settings/wcm/templates/product-listing"
        jcr:isCheckedOut="{Boolean}true"
        jcr:mixinTypes="[cq:LiveRelationship,mix:versionable]"
        jcr:primaryType="cq:PageContent"
        jcr:title="Featured"
        jcr:uuid="2b09f65a-fda0-4ca6-9886-55c6e4c26610"
        sling:resourceType="lam/components/page"
        assetClass="assetClass0"
        includeSkipToMainContent="true"
        linkType="internal"
        pageProductData="fund-listing"
        pwaCachestrategy="staleWhileRevalidate"
        pwaDisplay="standalone"
        pwaOrientation="any">
        <root
            cq:lastRolledout="{Date}2024-11-03T22:52:53.429Z"
            cq:lastRolledoutBy="sophia.ponce@lazard.com"
            jcr:mixinTypes="[cq:LiveRelationship]"
            jcr:primaryType="nt:unstructured"
            sling:resourceType="lam/components/container"
            layout="responsiveGrid">
            <container
                cq:lastRolledout="{Date}2024-11-03T22:52:53.442Z"
                cq:lastRolledoutBy="sophia.ponce@lazard.com"
                jcr:mixinTypes="[cq:LiveRelationship]"
                jcr:primaryType="nt:unstructured"
                sling:resourceType="lam/components/container"
                layout="responsiveGrid">
                <container
                    cq:lastRolledout="{Date}2024-11-03T22:52:53.453Z"
                    cq:lastRolledoutBy="sophia.ponce@lazard.com"
                    jcr:mixinTypes="[cq:LiveRelationship]"
                    jcr:primaryType="nt:unstructured"
                    sling:resourceType="lam/components/container"
                    layout="responsiveGrid"/>
                <standardhero
                    cq:lastRolledout="{Date}2024-11-03T22:52:53.458Z"
                    cq:lastRolledoutBy="sophia.ponce@lazard.com"
                    cq:styleIds="[1721684544108]"
                    jcr:mixinTypes="[cq:LiveRelationship]"
                    jcr:primaryType="nt:unstructured"
                    sling:resourceType="lam/components/standard-hero"/>
            </container>
            <container_msm_moved
                cq:isManuallyCreated="{Boolean}true"
                jcr:primaryType="nt:unstructured"
                sling:resourceType="lam/components/container"
                layout="responsiveGrid">
                <container
                    cq:lastRolledout="{Date}2024-05-30T16:48:13.480Z"
                    cq:lastRolledoutBy="bassel.eladas@lazard.com"
                    jcr:mixinTypes="[cq:LiveRelationship]"
                    jcr:primaryType="nt:unstructured"
                    sling:resourceType="lam/components/container"
                    layout="responsiveGrid"/>
            </container_msm_moved>
        </root>
        <cq:featuredimage
            cq:lastRolledout="{Date}2024-11-03T22:52:53.466Z"
            cq:lastRolledoutBy="sophia.ponce@lazard.com"
            jcr:lastModified="{Date}2024-11-03T22:52:53.460Z"
            jcr:lastModifiedBy="sophia.ponce@lazard.com"
            jcr:mixinTypes="[cq:LiveRelationship]"
            jcr:primaryType="nt:unstructured"
            sling:resourceType="core/wcm/components/image/v3/image"
            altValueFromDAM="false"/>
    </jcr:content>
    <emerging-markets/>
    <glif/>
    <quality-investing/>
    <thematic-investing/>
</jcr:root>
