<?xml version="1.0" encoding="UTF-8"?>
<jcr:root xmlns:jcr="http://www.jcp.org/jcr/1.0" xmlns:nt="http://www.jcp.org/jcr/nt/1.0" xmlns:cq="http://www.day.com/jcr/cq/1.0" xmlns:sling="http://sling.apache.org/jcr/sling/1.0"
    jcr:primaryType="cq:Page">
    <jcr:content
        cq:isDelivered="{Boolean}false"
        cq:lastModified="{Date}2024-10-18T17:28:26.788Z"
        cq:lastModifiedBy="products-service-user"
        cq:template="/conf/lam/settings/wcm/templates/fund-detail"
        jcr:mixinTypes="[cq:ReplicationStatus2]"
        jcr:primaryType="cq:PageContent"
        jcr:title="Lazard Defensive Australian Equity"
        sling:resourceType="lam/components/page"
        productType="Fund">
        <root
            jcr:primaryType="nt:unstructured"
            sling:resourceType="lam/components/container"
            layout="responsiveGrid">
            <container
                jcr:primaryType="nt:unstructured"
                sling:resourceType="lam/components/container"
                layout="responsiveGrid"/>
        </root>
    </jcr:content>
    <productData
        jcr:primaryType="nt:unstructured"
        title="Lazard Defensive Australian Equity"
        type="Fund"/>
    <externalMetadata
        jcr:primaryType="nt:unstructured"
        assetClasses="[Equity]"
        availableOnInvestmentPlatform="{Boolean}false"
        category="Equity"
        categorySortOrder="{Long}100"
        hasSMAonly="{Boolean}false"
        languages="[en-au,en-de,en-gb,en-us,fr-ca,ja-jp]"
        pmTeamAsOfDate="2024-09-30"
        pmTeamMembers="[]"
        sortOrderWithinCategory="{Long}120"
        strategyId="{Long}167"
        subStrategyId="{Long}426"
        suppressBenchmarks="{Boolean}false"
        umbrellaNumDigitsDividend="{Long}4"
        umbrellaNumDigitsNav="{Long}4">
        <productLanguages jcr:primaryType="nt:unstructured">
            <en-us
                jcr:primaryType="nt:unstructured"
                shortDesc="Lazard Defensive Australian Equity is designed to provide regular, tax effective income that grows over time. It sources that income by investing in Australian companies with sustainable dividends, or by investing in cash, depending on where the best opportunities exist. The strategy's objective is to achieve reduced exposure to S&amp;P/ASX200 Accumulation Index drawdowns; a total return that exceeds the Reserve Bank of Australia Cash Rate; and an income return at a premium to the S&amp;P/ASX200 Accumulation Index dividend yield."/>
            <ja-jp
                jcr:primaryType="nt:unstructured"
                strategyTitle="ディフェンシブ・オーストラリア株式"/>
            <en-gb
                jcr:primaryType="nt:unstructured"
                shortDesc="Lazard Defensive Australian Equity is designed to provide regular, tax effective income that grows over time. It sources that income by investing in Australian companies with sustainable dividends, or by investing in cash, depending on where the best opportunities exist. The strategy's objective is to achieve reduced exposure to S&amp;P/ASX200 Accumulation Index drawdowns; a total return that exceeds the Reserve Bank of Australia Cash Rate; and an income return at a premium to the S&amp;P/ASX200 Accumulation Index dividend yield."/>
        </productLanguages>
        <defaultShareClass jcr:primaryType="nt:unstructured"/>
        <shareClasses jcr:primaryType="nt:unstructured">
            <_x0036_60
                jcr:primaryType="nt:unstructured"
                countries="[AU,BN,BS,CA,CN,HK,ID,JP,MO,MY,NZ,PG,PH,SG,TH,TW,US,XX]"
                currency="AUD"
                currencySymbol="A$"
                fundId="{Long}406"
                fundingStatus="Open"
                inceptionDate="2012-07-03"
                isAuthorizedPending="{Boolean}false"
                isGLIF="{Boolean}false"
                isSMA="{Boolean}false"
                minimumInvestment="A$ 50,000,000"
                primaryBenchmark="S&amp;P/ASX 200 Index"
                vehicleId="{Long}1"
                vehicleName="Separate Account">
                <professionalOnlyCountries jcr:primaryType="nt:unstructured"/>
            </_x0036_60>
        </shareClasses>
        <platforms jcr:primaryType="nt:unstructured">
            <_x0039_7
                jcr:primaryType="nt:unstructured"
                countries="[CA,JP,US]"
                regions="[1,16]"
                sortOrder="{Long}500"
                title="Asia-Pacific Equity Platform"/>
            <_x0033_1182
                jcr:primaryType="nt:unstructured"
                countries="[AU,NZ,PG]"
                regions="[5]"
                sortOrder="{Long}9200"
                title="Australian Equity Platform"/>
            <_x0033_1183
                jcr:primaryType="nt:unstructured"
                countries="[AU,NZ,PG]"
                regions="[5]"
                sortOrder="{Long}9300"
                title="Australian Regional Equities Platform"/>
            <_x0033_1185
                jcr:primaryType="nt:unstructured"
                countries="[BN,CN,HK,ID,MO,MY,PH,SG,TH,TW]"
                regions="[19]"
                sortOrder="{Long}9500"
                title="Singapore Regional Equities Platform"/>
        </platforms>
    </externalMetadata>
    <disclaimerMappings jcr:primaryType="nt:unstructured">
        <DisclaimerLabel
            jcr:primaryType="nt:unstructured"
            approvedLanguages="[en_us]"
            disclaimerPaths="[/content/dam/lazard-asset-management/disclaimers/en_us/2078031161/jcr:content/indexedData/master]"
            isGlobalProductMapping="{Boolean}true"
            placeholderKeys="[]"
            type="DisclaimerLabel"/>
        <StatPro_NY-P_AUS_DIV_INC
            jcr:primaryType="nt:unstructured"
            approvedLanguages="[en_us]"
            disclaimerPaths="[/content/dam/lazard-asset-management/disclaimers/en_us/1261387826]"
            isGlobalProductMapping="{Boolean}false"
            placeholderKeys="[]"
            type="StatPro_NY-P_AUS_DIV_INC"/>
    </disclaimerMappings>
</jcr:root>
