<?xml version="1.0" encoding="UTF-8"?>
<jcr:root xmlns:jcr="http://www.jcp.org/jcr/1.0" xmlns:nt="http://www.jcp.org/jcr/nt/1.0" xmlns:mix="http://www.jcp.org/jcr/mix/1.0" xmlns:cq="http://www.day.com/jcr/cq/1.0" xmlns:sling="http://sling.apache.org/jcr/sling/1.0"
    jcr:primaryType="cq:Page">
    <jcr:content
        cq:isDelivered="{Boolean}false"
        cq:lastModified="{Date}2024-09-17T20:54:54.307Z"
        cq:lastModifiedBy="products-service-user"
        cq:lastReplicated="{Date}2024-07-30T02:36:40.016Z"
        cq:lastReplicated_publish="{Date}2024-07-30T02:36:40.016Z"
        cq:lastReplicatedBy="anna.herbst@lazard.com"
        cq:lastReplicatedBy_publish="anna.herbst@lazard.com"
        cq:lastReplicationAction="Activate"
        cq:lastReplicationAction_publish="Activate"
        cq:template="/conf/lam/settings/wcm/templates/strategy-detail"
        jcr:isCheckedOut="{Boolean}true"
        jcr:mixinTypes="[cq:ReplicationStatus2,mix:versionable]"
        jcr:primaryType="cq:PageContent"
        jcr:title="International Quality Growth"
        jcr:uuid="6e68a566-587e-42d0-9f03-64a82915d6c5"
        sling:resourceType="lam/components/page"
        category="strategy"
        hideInNav="true"
        linkType="internal"
        pageProductData="fund-listing"
        productType="Strategy"
        pwaCachestrategy="staleWhileRevalidate"
        pwaDisplay="standalone"
        pwaOrientation="any">
        <root
            jcr:primaryType="nt:unstructured"
            sling:resourceType="lam/components/container"
            layout="responsiveGrid">
            <container
                jcr:primaryType="nt:unstructured"
                sling:resourceType="lam/components/container"
                layout="responsiveGrid"/>
        </root>
        <cq:featuredimage
            jcr:lastModified="{Date}2024-07-16T14:10:13.926Z"
            jcr:lastModifiedBy="bassel.eladas@lazard.com"
            jcr:primaryType="nt:unstructured"
            sling:resourceType="core/wcm/components/image/v3/image"
            altValueFromDAM="true"/>
    </jcr:content>
    <productData
        jcr:primaryType="nt:unstructured"
        title="International Quality Growth"
        type="Strategy"/>
    <externalMetadata
        jcr:primaryType="nt:unstructured"
        assetClasses="[Equity]"
        aumCurrency="USD"
        aumCurrencySymbol="US$"
        isEMD="{Boolean}false"
        isSMA="{Boolean}false"
        languages="[da-dk,de-at,de-ch,de-de,en-au,en-de,en-gb,en-us,es-es,fii-fi,fr-be,fr-ca,fr-fr,it-de,it-it,ja-jp,ko-kr,nb-no,nl-nl,sv-se]"
        pmTeamAsOfDate="2024-06-30"
        shareClassIds="[3381]">
        <productLanguages jcr:primaryType="nt:unstructured">
            <en-us
                jcr:primaryType="nt:unstructured"
                longDesc="The Lazard International Quality Growth strategy seeks to generate strong relative returns over a full market cycle by investing in &quot;Compounders&quot;, the world's leading companies that can generate, and sustain, the highest levels of financial productivity (i.e., return on equity, return on capital, and cashflow return on investment). In this strategy, we focus mainly on identifying high quality companies that are able to reinvest a significant portion of their cash flows back into their business at similarly attractive rates of return. The strategy invests in non-US securities, including those from emerging markets."
                productHighlight="The Lazard International Quality Growth strategy aims to achieve strong relative returns over a full market cycle by investing in &quot;Compounders&quot; (companies that can potentially generate and sustain high levels of financial productivity).&#xd;&#xa;The strategy focuses on non-US and emerging market companies that can reinvest a significant portion of their cash flows back into their business at comparable rates of return.&#xd;&#xa;The strategy seeks to deliver attractive returns, characterized by high active share, lower volatility relative to the benchmark, and favorable upside/downside capture ratios."
                tagline="Invests in highly financially productive companies with enduring competitive advantages that reinvest to grow."/>
        </productLanguages>
        <platforms jcr:primaryType="nt:unstructured">
            <_x0039_3
                jcr:primaryType="nt:unstructured"
                countries="[BM,CA,US]"
                regions="[1,20]"
                sortOrder="{Long}200"
                title="International Equity Platform"/>
        </platforms>
        <pmTeamMembers jcr:primaryType="nt:unstructured">
            <_x0030_
                jcr:primaryType="nt:unstructured"
                bioId="{Long}120"
                firstName="Louis"
                isLead="{Boolean}true"
                lastName="Florentin-Lee"
                sortOrder="{Long}1"/>
            <_x0031_
                jcr:primaryType="nt:unstructured"
                bioId="{Long}453"
                firstName="Barney"
                isLead="{Boolean}true"
                lastName="Wilson"
                sortOrder="{Long}1"/>
            <_x0032_
                jcr:primaryType="nt:unstructured"
                bioId="{Long}115"
                firstName="Robert"
                isLead="{Boolean}false"
                lastName="Failla"
                sortOrder="{Long}2"/>
        </pmTeamMembers>
        <webClassifications jcr:primaryType="nt:unstructured">
            <_x0030_
                jcr:primaryType="nt:unstructured"
                type="Geography"
                value="Global"/>
            <_x0031_
                jcr:primaryType="nt:unstructured"
                type="Geography"
                value="Non-US"/>
            <_x0032_
                jcr:primaryType="nt:unstructured"
                type="Type"
                value="Fundamental"/>
            <_x0033_
                jcr:primaryType="nt:unstructured"
                type="Style"
                value="Core"/>
            <_x0034_
                jcr:primaryType="nt:unstructured"
                type="Style"
                value="Quality"/>
            <_x0035_
                jcr:primaryType="nt:unstructured"
                type="Style"
                value="Growth"/>
        </webClassifications>
        <subStrategies jcr:primaryType="nt:unstructured">
            <_x0034_98
                jcr:primaryType="nt:unstructured"
                defaultShareClass="{Long}3381"
                inceptionDate="2015-12-23"
                primaryBenchmark="MSCI All Country World ex-US Index"
                title="International Quality Growth"/>
        </subStrategies>
    </externalMetadata>
    <disclaimerMappings jcr:primaryType="nt:unstructured">
        <DisclaimerLabel
            jcr:primaryType="nt:unstructured"
            approvedLanguages="[en_us]"
            disclaimerPaths="[]"
            isGlobalProductMapping="{Boolean}true"
            placeholderKeys="[]"
            type="DisclaimerLabel"/>
        <StrategyDisclaimerOverride
            jcr:primaryType="nt:unstructured"
            approvedLanguages="[en_us]"
            disclaimerPaths="[]"
            isGlobalProductMapping="{Boolean}false"
            placeholderKeys="[]"
            type="StrategyDisclaimerOverride"/>
    </disclaimerMappings>
</jcr:root>
