<?xml version="1.0" encoding="UTF-8"?>
<jcr:root xmlns:jcr="http://www.jcp.org/jcr/1.0" xmlns:nt="http://www.jcp.org/jcr/nt/1.0" xmlns:cq="http://www.day.com/jcr/cq/1.0" xmlns:sling="http://sling.apache.org/jcr/sling/1.0"
    jcr:primaryType="cq:Page">
    <jcr:content
        cq:isDelivered="{Boolean}false"
        cq:lastModified="{Date}2024-10-18T17:18:05.003Z"
        cq:lastModifiedBy="products-service-user"
        cq:template="/conf/lam/settings/wcm/templates/fund-detail"
        jcr:mixinTypes="[cq:ReplicationStatus2]"
        jcr:primaryType="cq:PageContent"
        jcr:title="Lazard International Equity"
        sling:resourceType="lam/components/page"
        productType="Fund">
        <root
            jcr:primaryType="nt:unstructured"
            sling:resourceType="lam/components/container"
            layout="responsiveGrid">
            <container
                jcr:primaryType="nt:unstructured"
                sling:resourceType="lam/components/container"
                layout="responsiveGrid"/>
        </root>
    </jcr:content>
    <productData
        jcr:primaryType="nt:unstructured"
        title="Lazard International Equity"
        type="Fund"/>
    <externalMetadata
        jcr:primaryType="nt:unstructured"
        assetClasses="[Equity]"
        availableOnInvestmentPlatform="{Boolean}false"
        benchmarkName="MSCI EAFE Index"
        category="Equity"
        categorySortOrder="{Long}100"
        hasSMAonly="{Boolean}false"
        languages="[en-au,en-de,en-gb,en-us,fr-ca]"
        pmTeamAsOfDate="2024-09-30"
        pmTeamMembers="[]"
        sortOrderWithinCategory="{Long}330"
        strategyId="{Long}36"
        subStrategyId="{Long}348"
        suppressBenchmarks="{Boolean}false"
        umbrellaNumDigitsDividend="{Long}4"
        umbrellaNumDigitsNav="{Long}4">
        <productLanguages jcr:primaryType="nt:unstructured">
            <en-us
                jcr:primaryType="nt:unstructured"
                productHighlight="Fundamental, bottom-up investment process that carefully considers each potential investment in terms of competitive advantages, weakness, and relative valuation.&#xd;&#xa;Broad flexibility of implementation across market cap, sectors and both developed and emerging markets.&#xd;&#xa;Global sector specialists dedicated to proprietary research and differentiated insight."
                shortDesc="Lazard International Equity seeks to generate strong relative returns over a full market cycle by investing in companies with strong and/or improving financial productivity at attractive valuations. The strategy typically invests in 60-80 securities of non-US companies, including those from emerging markets, with a market capitalization generally of $3 billion or greater. The benchmark is the MSCI EAFE Index."/>
            <en-gb
                jcr:primaryType="nt:unstructured"
                productHighlight="Fundamental, bottom-up investment process that carefully considers each potential investment in terms of competitive advantages, weakness, and relative valuation.&#xd;&#xa;Broad flexibility of implementation across market cap, sectors and both developed and emerging markets.&#xd;&#xa;Global sector specialists dedicated to proprietary research and differentiated insight."
                shortDesc="Lazard International Equity seeks to generate strong relative returns over a full market cycle by investing in companies with strong and/or improving financial productivity at attractive valuations. The strategy typically invests in 60-80 securities of non-US companies, including those from emerging markets, with a market capitalization generally of $3 billion or greater. The benchmark is the MSCI EAFE Index."/>
        </productLanguages>
        <defaultShareClass jcr:primaryType="nt:unstructured"/>
        <shareClasses jcr:primaryType="nt:unstructured">
            <_x0037_0
                jcr:primaryType="nt:unstructured"
                countries="[BS,CA,US,XX]"
                currency="USD"
                currencySymbol="US$"
                fundId="{Long}42"
                fundingStatus="Open"
                inceptionDate="1995-06-01"
                isAuthorizedPending="{Boolean}false"
                isGLIF="{Boolean}false"
                isSMA="{Boolean}false"
                minimumInvestment="US$ 5,000,000"
                primaryBenchmark="MSCI EAFE Index"
                vehicleId="{Long}1"
                vehicleName="Separate Account">
                <professionalOnlyCountries jcr:primaryType="nt:unstructured"/>
            </_x0037_0>
        </shareClasses>
        <platforms jcr:primaryType="nt:unstructured">
            <_x0039_3
                jcr:primaryType="nt:unstructured"
                countries="[CA,US]"
                regions="[1]"
                sortOrder="{Long}200"
                title="International Equity Platform"/>
        </platforms>
    </externalMetadata>
    <disclaimerMappings jcr:primaryType="nt:unstructured">
        <DisclaimerLabel
            jcr:primaryType="nt:unstructured"
            approvedLanguages="[en_us]"
            disclaimerPaths="[/content/dam/lazard-asset-management/disclaimers/en_us/2078031161/jcr:content/indexedData/master]"
            isGlobalProductMapping="{Boolean}true"
            placeholderKeys="[]"
            type="DisclaimerLabel"/>
        <StatPro_NY-P_I_IEQEM_SEC
            jcr:primaryType="nt:unstructured"
            approvedLanguages="[en_us]"
            disclaimerPaths="[/content/dam/lazard-asset-management/disclaimers/en_us/1796640769]"
            isGlobalProductMapping="{Boolean}false"
            placeholderKeys="[]"
            type="StatPro_NY-P_I_IEQEM_SEC"/>
        <DisclaimerCharacteristics jcr:primaryType="nt:unstructured"/>
        <DisclaimerDividends jcr:primaryType="nt:unstructured"/>
    </disclaimerMappings>
</jcr:root>
