<?xml version="1.0" encoding="UTF-8"?>
<jcr:root xmlns:jcr="http://www.jcp.org/jcr/1.0" xmlns:nt="http://www.jcp.org/jcr/nt/1.0" xmlns:cq="http://www.day.com/jcr/cq/1.0" xmlns:sling="http://sling.apache.org/jcr/sling/1.0"
    jcr:primaryType="cq:Page">
    <jcr:content
        cq:lastModified="{Date}2024-10-24T13:31:29.439Z"
        cq:lastModifiedBy="disclaimer-service-user"
        cq:template="/conf/lam/settings/wcm/templates/strategy-detail"
        jcr:primaryType="cq:PageContent"
        jcr:title="European High Yield"
        sling:resourceType="lam/components/page"
        assetClass="assetClass0"
        hideInNav="true"
        linkType="internal"
        pageProductData="fund-listing"
        productType="Strategy"
        pwaCachestrategy="staleWhileRevalidate"
        pwaDisplay="standalone"
        pwaOrientation="any">
        <root
            jcr:primaryType="nt:unstructured"
            sling:resourceType="lam/components/container"
            layout="responsiveGrid">
            <container
                jcr:primaryType="nt:unstructured"
                sling:resourceType="lam/components/container"
                layout="responsiveGrid"/>
        </root>
        <cq:featuredimage
            jcr:lastModified="{Date}2024-10-09T14:12:59.594Z"
            jcr:lastModifiedBy="bassel.eladas@lazard.com"
            jcr:primaryType="nt:unstructured"
            sling:resourceType="core/wcm/components/image/v3/image"
            altValueFromDAM="false"/>
    </jcr:content>
    <productData
        jcr:primaryType="nt:unstructured"
        title="European High Yield"
        type="Strategy"/>
    <externalMetadata
        jcr:primaryType="nt:unstructured"
        assetClasses="[Fixed Income]"
        aumCurrency="USD"
        aumCurrencySymbol="US$"
        isEMD="{Boolean}false"
        isSMA="{Boolean}false"
        languages="[da-dk,de-at,de-ch,de-de,en-au,en-de,en-gb,en-us,es-es,fii-fi,fr-be,fr-ca,fr-fr,it-de,it-it,ja-jp,nb-no,nl-nl,pt-pt,sv-se]"
        pmTeamAsOfDate="2024-09-30"
        pmTeamMembers="[]"
        shareClassIds="[41,111]">
        <productLanguages jcr:primaryType="nt:unstructured">
            <de-de
                jcr:primaryType="nt:unstructured"
                shortDesc="Die European High Yield-Strategie investiert in Unternehmensanleihen aus dem Non-Investment Grade-Universum und konzentriert sich hauptsächlich auf die fundamentale Bottom-Up-Wertpapierauswahl. Das Portfolio hält in der Regel zwischen 80 und 100 Wertpapiere über das gesamte Marktspektrum. Die Wertpapierauswahl als Ergebnis unserer Kreditanalyse ist der Haupttreiber für die Performance. Die Strategie zielt darauf ab, die Euro-HY-Benchmarks um jährlich 200 Basispunkte zu übertreffen."/>
            <en-us
                jcr:primaryType="nt:unstructured"
                shortDesc="The investment approach of our European High Yield strategy invests in corporate bonds from the Non-Investment Grade universe and focuses primarily on fundamental bottom-up security selection. The portfolio typically holds between 80-100 securities across the full market spectrum. Security selection as a result of our credit analysis is the main performance driver. The strategy aims to outperform Euro HY Benchmarks by 200 bp."/>
            <en-gb
                jcr:primaryType="nt:unstructured"
                shortDesc="The investment approach of our European High Yield strategy invests in corporate bonds from the Non-Investment Grade universe and focuses primarily on fundamental bottom-up security selection. The portfolio typically holds between 80-100 securities across the full market spectrum. Security selection as a result of our credit analysis is the main performance driver. The strategy aims to outperform Euro HY Benchmarks by 200 bp."/>
        </productLanguages>
        <platforms jcr:primaryType="nt:unstructured">
            <_x0039_8
                jcr:primaryType="nt:unstructured"
                countries="[AE,AT,AU,BE,BH,BN,CA,CH,CN,DE,DK,ES,FI,FR,GB,HK,ID,IE,IL,IT,JP,LI,LU,MO,MT,MY,NL,NO,NZ,PG,PH,PT,SA,SE,SG,TH,TW,US,XX,ZA]"
                regions="[19,4,22,18,1,5,16,2,21,3]"
                sortOrder="{Long}700"
                title="Fixed Income Platform"/>
        </platforms>
        <subStrategies jcr:primaryType="nt:unstructured">
            <_x0038_5
                jcr:primaryType="nt:unstructured"
                defaultShareClass="{Long}41"
                inceptionDate="2000-12-01"
                primaryBenchmark="ICE BofA Global High Yield European Issuers/Currencies (Hedged EUR) Index"
                title="European High Yield"/>
            <_x0033_35
                jcr:primaryType="nt:unstructured"
                defaultShareClass="{Long}111"
                title="European High Yield Customized"/>
        </subStrategies>
    </externalMetadata>
    <disclaimerMappings jcr:primaryType="nt:unstructured">
        <DisclaimerLabel
            jcr:primaryType="nt:unstructured"
            approvedLanguages="[en_us]"
            disclaimerPaths="[/content/dam/lazard-asset-management/disclaimers/en_us/2078031161]"
            isGlobalProductMapping="{Boolean}true"
            type="DisclaimerLabel"/>
        <DisclaimerCharacteristics
            jcr:primaryType="nt:unstructured"
            approvedLanguages="[de_at,de_de,en_ae,en_at,en_au,en_be,en_ch,en_de,en_dk,en_es,en_fi,en_fr,en_gb,en_hk,en_ie,en_it,en_kr,en_li,en_lu,en_nl,en_no,en_pt,en_se,en_sg,en_us,fr_fr,ja_jp,ko_kr]"
            disclaimerPaths="[/content/dam/lazard-asset-management/disclaimers/en_us/65404338]"
            isGlobalProductMapping="{Boolean}false"
            type="DisclaimerCharacteristics"/>
        <DisclaimerPerformanceReview
            jcr:primaryType="nt:unstructured"
            approvedLanguages="[de_at,de_de,en_ae,en_at,en_au,en_be,en_ch,en_de,en_dk,en_es,en_fi,en_fr,en_gb,en_hk,en_ie,en_it,en_kr,en_li,en_lu,en_nl,en_no,en_pt,en_se,en_sg,en_us,fr_fr,ja_jp,ko_kr]"
            disclaimerPaths="[/content/dam/lazard-asset-management/disclaimers/en_us/1358714518]"
            isGlobalProductMapping="{Boolean}false"
            type="DisclaimerPerformanceReview"/>
    </disclaimerMappings>
</jcr:root>
