<?xml version="1.0" encoding="UTF-8"?>
<jcr:root xmlns:jcr="http://www.jcp.org/jcr/1.0" xmlns:nt="http://www.jcp.org/jcr/nt/1.0" xmlns:mix="http://www.jcp.org/jcr/mix/1.0" xmlns:cq="http://www.day.com/jcr/cq/1.0" xmlns:sling="http://sling.apache.org/jcr/sling/1.0"
    jcr:primaryType="cq:Page">
    <jcr:content
        cq:isDelivered="{Boolean}false"
        cq:lastModified="{Date}2024-10-18T17:42:27.163Z"
        cq:lastModifiedBy="products-service-user"
        cq:template="/conf/lam/settings/wcm/templates/fund-detail"
        jcr:isCheckedOut="{Boolean}true"
        jcr:mixinTypes="[cq:ReplicationStatus2,mix:versionable]"
        jcr:primaryType="cq:PageContent"
        jcr:title="Lazard Global Small Cap Fund"
        jcr:uuid="fc643668-9b76-4cce-88f3-f14818946eca"
        sling:resourceType="lam/components/page"
        productType="Fund">
        <root
            jcr:primaryType="nt:unstructured"
            sling:resourceType="lam/components/container"
            layout="responsiveGrid">
            <container
                jcr:primaryType="nt:unstructured"
                sling:resourceType="lam/components/container"
                layout="responsiveGrid"/>
        </root>
    </jcr:content>
    <productData
        jcr:primaryType="nt:unstructured"
        title="Lazard Global Small Cap Fund"
        type="Fund"/>
    <externalMetadata
        jcr:primaryType="nt:unstructured"
        assetClasses="[Equity]"
        availableOnInvestmentPlatform="{Boolean}true"
        category="Equity"
        categorySortOrder="{Long}100"
        distributionDate="April and October"
        hasSMAonly="{Boolean}false"
        languages="[en-au,en-de,en-gb,en-us]"
        pmTeamAsOfDate="2024-09-30"
        sfdrCategory="{Long}8"
        sortOrderWithinCategory="{Long}460"
        strategyId="{Long}31"
        subStrategyId="{Long}169"
        suppressBenchmarks="{Boolean}false"
        umbrellaName="LGAF"
        umbrellaNumDigitsDividend="{Long}9"
        umbrellaNumDigitsNav="{Long}4">
        <investmentPlatforms jcr:primaryType="nt:unstructured">
            <_x0031_
                jcr:primaryType="nt:unstructured"
                countries="[CA,US]"
                name="Morgan Stanley"/>
        </investmentPlatforms>
        <productLanguages jcr:primaryType="nt:unstructured">
            <en-gb
                jcr:primaryType="nt:unstructured"
                shortDesc="The Lazard Global Small Equity Fund seeks to generate strong relative returns over the long term by iinvesting in companies with high and/ or improving financial productivity at attractive valuations. The Fund typically invests in equity securities with market capitalizations generally within the range of the MSCI World Small Cap Index. The index does not drive the investment process, and the portfolio is not managed with regard to tracking error. ESG analysis is fully integrated into the investment process."/>
        </productLanguages>
        <defaultShareClass
            jcr:primaryType="nt:unstructured"
            GB="{Long}10936"
            IE="{Long}10952"/>
        <pmTeamMembers jcr:primaryType="nt:unstructured">
            <_x0030_
                jcr:primaryType="nt:unstructured"
                bioId="{Long}34"
                firstName="Pat"
                isLead="{Boolean}false"
                lastName="Biggers"
                sortOrder="{Long}2"/>
            <_x0031_
                jcr:primaryType="nt:unstructured"
                bioId="{Long}91"
                firstName="Michael"
                isLead="{Boolean}false"
                lastName="DeBernardis"
                sortOrder="{Long}2"/>
            <_x0032_
                jcr:primaryType="nt:unstructured"
                bioId="{Long}104"
                firstName="Neal"
                isLead="{Boolean}false"
                lastName="Doying"
                sortOrder="{Long}2"/>
            <_x0033_
                jcr:primaryType="nt:unstructured"
                bioId="{Long}174"
                firstName="Alex"
                isLead="{Boolean}false"
                lastName="Ingham"
                sortOrder="{Long}2"/>
            <_x0034_
                jcr:primaryType="nt:unstructured"
                bioId="{Long}351"
                firstName="Edward"
                isLead="{Boolean}false"
                lastName="Rosenfeld"
                sortOrder="{Long}2"/>
            <_x0035_
                jcr:primaryType="nt:unstructured"
                bioId="{Long}104"
                firstName="Neal"
                isLead="{Boolean}false"
                lastName="Doying"
                sortOrder="{Long}2"/>
            <_x0036_
                jcr:primaryType="nt:unstructured"
                bioId="{Long}174"
                firstName="Alex"
                isLead="{Boolean}false"
                lastName="Ingham"
                sortOrder="{Long}2"/>
            <_x0037_
                jcr:primaryType="nt:unstructured"
                bioId="{Long}1296"
                firstName="Scott"
                isLead="{Boolean}false"
                lastName="Kolar"
                sortOrder="{Long}2"/>
            <_x0038_
                jcr:primaryType="nt:unstructured"
                bioId="{Long}351"
                firstName="Edward"
                isLead="{Boolean}false"
                lastName="Rosenfeld"
                sortOrder="{Long}2"/>
        </pmTeamMembers>
        <shareClasses jcr:primaryType="nt:unstructured">
            <_x0031_0936
                jcr:primaryType="nt:unstructured"
                annualManagementCharge="0.50%"
                countries="[GB,IE,XX]"
                currency="GBP"
                currencySymbol="£"
                fundId="{Long}4101"
                fundingStatus="Open"
                inceptionDate="2021-07-27"
                initialCharge="3.00%"
                isAuthorizedPending="{Boolean}false"
                isGLIF="{Boolean}false"
                isin="IE000V2SQ4R0"
                isSMA="{Boolean}false"
                minimumInvestment="US$ 500"
                primaryBenchmark="MSCI World Small Cap Net Total Return USD Index"
                sedol="BNDX0D9"
                ticker="LAGSCEA ID"
                title="EA Acc GBP"
                valoren="111963371"
                vehicleId="{Long}17"
                vehicleName="UCITS (Ireland)">
                <professionalOnlyCountries
                    jcr:primaryType="nt:unstructured"
                    GB="{Boolean}false"
                    IE="{Boolean}false"/>
            </_x0031_0936>
            <_x0031_0952
                jcr:primaryType="nt:unstructured"
                annualManagementCharge="0.50%"
                countries="[GB,IE,XX,US]"
                currency="USD"
                currencySymbol="US$"
                fundId="{Long}4101"
                fundingStatus="Open"
                inceptionDate="2021-07-27"
                initialCharge="3.00%"
                isAuthorizedPending="{Boolean}false"
                isGLIF="{Boolean}false"
                isin="IE000PZP9E09"
                isSMA="{Boolean}false"
                minimumInvestment="US$ 250,000"
                primaryBenchmark="MSCI World Small Cap Net Total Return USD Index"
                sedol="BNDX0C8"
                ticker="LAGSCAU ID"
                title="A Acc USD"
                valoren="112207161"
                vehicleId="{Long}17"
                vehicleName="UCITS (Ireland)">
                <professionalOnlyCountries
                    jcr:primaryType="nt:unstructured"
                    GB="{Boolean}false"
                    IE="{Boolean}false"/>
                <investmentPlatforms jcr:primaryType="nt:unstructured">
                    <_x0031_
                        jcr:primaryType="nt:unstructured"
                        countries="[CA,US]"
                        name="Morgan Stanley"/>
                </investmentPlatforms>
            </_x0031_0952>
            <_x0031_4661
                jcr:primaryType="nt:unstructured"
                countries="[IE,XX]"
                currency="GBP"
                currencySymbol="£"
                fundId="{Long}4101"
                fundingStatus="Open"
                inceptionDate="2024-06-21"
                initialCharge="3.00%"
                isAuthorizedPending="{Boolean}false"
                isGLIF="{Boolean}false"
                isin="IE000M6RKJR8"
                isSMA="{Boolean}false"
                minimumInvestment="US$ 250,000"
                primaryBenchmark="MSCI World Small Cap Net Total Return USD Index"
                sedol="BQ0P103"
                ticker="LAZGSAG ID"
                title="A Acc GBP"
                valoren="135621773"
                vehicleId="{Long}17"
                vehicleName="UCITS (Ireland)">
                <professionalOnlyCountries
                    jcr:primaryType="nt:unstructured"
                    IE="{Boolean}false"/>
            </_x0031_4661>
        </shareClasses>
        <platforms jcr:primaryType="nt:unstructured">
            <_x0039_2
                jcr:primaryType="nt:unstructured"
                countries="[AE,BE,BH,BN,CA,CN,DK,ES,FI,FR,GB,HK,ID,IE,IL,JP,LU,MO,MT,MY,NL,NO,PH,PT,SA,SE,SG,TH,TW,US,XX,ZA]"
                regions="[16,3,22,2,19,1]"
                sortOrder="{Long}100"
                title="Global Equity Platform"/>
            <_x0033_5745
                jcr:primaryType="nt:unstructured"
                countries="[AT,CH,DE,IT,LI]"
                regions="[18,4,21]"
                sortOrder="{Long}9700"
                title="Equity Platform"/>
        </platforms>
    </externalMetadata>
    <disclaimerMappings jcr:primaryType="nt:unstructured">
        <DisclaimerLabel
            jcr:primaryType="nt:unstructured"
            approvedLanguages="[en_us]"
            disclaimerPaths="[/content/dam/lazard-asset-management/disclaimers/en_us/2078031161/jcr:content/indexedData/master]"
            isGlobalProductMapping="{Boolean}true"
            placeholderKeys="[]"
            type="DisclaimerLabel"/>
        <DisclaimerOverride
            jcr:primaryType="nt:unstructured"
            approvedLanguages="[en_us]"
            disclaimerPaths="[/content/dam/lazard-asset-management/disclaimers/en_us/2119538285]"
            isGlobalProductMapping="{Boolean}false"
            placeholderKeys="[]"
            type="DisclaimerOverride"/>
    </disclaimerMappings>
</jcr:root>
