<?xml version="1.0" encoding="UTF-8"?>
<jcr:root xmlns:jcr="http://www.jcp.org/jcr/1.0" xmlns:nt="http://www.jcp.org/jcr/nt/1.0" xmlns:mix="http://www.jcp.org/jcr/mix/1.0" xmlns:cq="http://www.day.com/jcr/cq/1.0" xmlns:sling="http://sling.apache.org/jcr/sling/1.0"
    jcr:primaryType="cq:Page">
    <jcr:content
        cq:isDelivered="{Boolean}false"
        cq:lastModified="{Date}2024-09-17T20:53:12.724Z"
        cq:lastModifiedBy="products-service-user"
        cq:lastReplicated="{Date}2024-08-20T14:40:34.772Z"
        cq:lastReplicated_publish="{Date}2024-08-20T14:40:34.772Z"
        cq:lastReplicatedBy="sophia.ponce@lazard.com"
        cq:lastReplicatedBy_publish="sophia.ponce@lazard.com"
        cq:lastReplicationAction="Activate"
        cq:lastReplicationAction_publish="Activate"
        cq:template="/conf/lam/settings/wcm/templates/strategy-detail"
        jcr:isCheckedOut="{Boolean}true"
        jcr:mixinTypes="[cq:ReplicationStatus2,mix:versionable]"
        jcr:primaryType="cq:PageContent"
        jcr:title="Euro Corporate Fixed Income"
        jcr:uuid="5bc869b8-4a47-4c3b-935d-6a84f746f3a3"
        sling:resourceType="lam/components/page"
        productType="Strategy">
        <root
            jcr:primaryType="nt:unstructured"
            sling:resourceType="lam/components/container"
            layout="responsiveGrid">
            <container
                jcr:primaryType="nt:unstructured"
                sling:resourceType="lam/components/container"
                layout="responsiveGrid"/>
        </root>
    </jcr:content>
    <productData
        jcr:primaryType="nt:unstructured"
        title="Euro Corporate Fixed Income"
        type="Strategy"/>
    <externalMetadata
        jcr:primaryType="nt:unstructured"
        assetClasses="[Fixed Income]"
        aumCurrency="USD"
        aumCurrencySymbol="US$"
        isEMD="{Boolean}false"
        isSMA="{Boolean}false"
        languages="[da-dk,de-at,de-ch,de-de,en-au,en-de,en-gb,en-us,es-es,fii-fi,fr-be,fr-ca,fr-fr,it-de,it-it,ja-jp,nb-no,nl-nl,pt-pt,sv-se]"
        pmTeamAsOfDate="2024-06-30"
        shareClassIds="[50,107,741,108]">
        <productLanguages jcr:primaryType="nt:unstructured">
            <de-de
                jcr:primaryType="nt:unstructured"
                shortDesc="Die Lazard Euro Corporate-Strategie investiert in Industrie- und Finanzanleihen mit Investment-Grade-Rating. Der größte Teil unseres aktiven Ertrags wird durch die Einzeltitelauswahl generiert. Sektor- und Länderallokationen tragen ebenfalls zu unserer Outperformance bei. Die Ergebnisse basieren auf der gründlichen Kreditanalyse unserer Kreditteams in Zusammenarbeit mit den Aktienteams von LAM. "/>
            <en-us
                jcr:primaryType="nt:unstructured"
                shortDesc="The Lazard Euro Corporate strategy invests in Investment Grade industrial and financial corporate bonds. Most of our active performance is generated by security selection. Sector and country allocations also add to our outperformance. The results are based on the in-depth credit analysis by our credit teams in collaboration with LAM's equity professionals. "
                tagline="Seeks to outperform the Euro IG corporate bond index on a risk adjusted basis"/>
        </productLanguages>
        <platforms jcr:primaryType="nt:unstructured">
            <_x0039_8
                jcr:primaryType="nt:unstructured"
                countries="[AE,AT,AU,BE,BH,BN,CA,CH,CN,DE,DK,ES,FI,FR,GB,HK,ID,IE,IL,IT,JP,LI,LU,MO,MT,MY,NL,NO,NZ,PG,PH,PT,SA,SE,SG,TH,TW,US,XX,ZA]"
                regions="[19,4,22,5,18,1,16,2,3,21]"
                sortOrder="{Long}700"
                title="Fixed Income Platform"/>
        </platforms>
        <pmTeamMembers jcr:primaryType="nt:unstructured">
            <_x0030_
                jcr:primaryType="nt:unstructured"
                bioId="{Long}410"
                firstName="Ulrich"
                isLead="{Boolean}true"
                lastName="Teutsch"
                sortOrder="{Long}1"/>
            <_x0031_
                jcr:primaryType="nt:unstructured"
                bioId="{Long}480"
                firstName="Benjamin"
                isLead="{Boolean}false"
                lastName="Boehme"
                sortOrder="{Long}2"/>
            <_x0032_
                jcr:primaryType="nt:unstructured"
                bioId="{Long}1195"
                firstName="Michal"
                isLead="{Boolean}false"
                lastName="Chrobot"
                sortOrder="{Long}2"/>
            <_x0033_
                jcr:primaryType="nt:unstructured"
                bioId="{Long}484"
                firstName="Daniel"
                isLead="{Boolean}false"
                lastName="Herdt"
                sortOrder="{Long}2"/>
            <_x0034_
                jcr:primaryType="nt:unstructured"
                bioId="{Long}188"
                firstName="Holger"
                isLead="{Boolean}false"
                lastName="Keil"
                sortOrder="{Long}2"/>
        </pmTeamMembers>
        <webClassifications jcr:primaryType="nt:unstructured">
            <_x0030_
                jcr:primaryType="nt:unstructured"
                type="Geography"
                value="Global"/>
            <_x0031_
                jcr:primaryType="nt:unstructured"
                type="Sector"
                value="Credit/Corporate"/>
            <_x0032_
                jcr:primaryType="nt:unstructured"
                type="Duration"
                value="Intermediate"/>
            <_x0033_
                jcr:primaryType="nt:unstructured"
                type="Credit Quality"
                value="Investment Grade"/>
        </webClassifications>
        <subStrategies jcr:primaryType="nt:unstructured">
            <_x0033_25
                jcr:primaryType="nt:unstructured"
                defaultShareClass="{Long}50"
                inceptionDate="2001-02-01"
                primaryBenchmark="iBoxx EUR Corporate Index"
                title="Euro Corporate"/>
            <_x0033_33
                jcr:primaryType="nt:unstructured"
                defaultShareClass="{Long}107"
                title="Euro Corporate - Short Duration"/>
            <_x0033_34
                jcr:primaryType="nt:unstructured"
                defaultShareClass="{Long}108"
                title="Euro Corporate Customized"/>
            <_x0034_37
                jcr:primaryType="nt:unstructured"
                defaultShareClass="{Long}741"
                inceptionDate="2010-05-01"
                primaryBenchmark="iBoxx EUR Non-Financials Senior Index"
                title="Euro Corporate Non-Financials"/>
        </subStrategies>
    </externalMetadata>
    <disclaimerMappings jcr:primaryType="nt:unstructured">
        <DisclaimerLabel
            jcr:primaryType="nt:unstructured"
            approvedLanguages="[en_us]"
            disclaimerPaths="[]"
            isGlobalProductMapping="{Boolean}true"
            placeholderKeys="[]"
            type="DisclaimerLabel"/>
    </disclaimerMappings>
</jcr:root>
