<?xml version="1.0" encoding="UTF-8"?>
<jcr:root xmlns:jcr="http://www.jcp.org/jcr/1.0" xmlns:nt="http://www.jcp.org/jcr/nt/1.0" xmlns:mix="http://www.jcp.org/jcr/mix/1.0" xmlns:cq="http://www.day.com/jcr/cq/1.0" xmlns:sling="http://sling.apache.org/jcr/sling/1.0"
    jcr:primaryType="cq:Page">
    <jcr:content
        cq:isManuallyCreated="{Boolean}true"
        cq:lastModified="{Date}2024-10-25T16:10:22.292Z"
        cq:lastModifiedBy="products-service-user"
        cq:template="/conf/lam/settings/wcm/templates/fund-detail"
        jcr:isCheckedOut="{Boolean}true"
        jcr:mixinTypes="[mix:versionable]"
        jcr:primaryType="cq:PageContent"
        jcr:title="Lazard European Small Cap Equity"
        jcr:uuid="0483f7d9-2bcf-4f04-b708-9ce997760594"
        sling:resourceType="lam/components/page"
        productType="Fund">
        <root
            cq:isManuallyCreated="{Boolean}true"
            jcr:primaryType="nt:unstructured"
            sling:resourceType="lam/components/container"
            layout="responsiveGrid">
            <container
                cq:isManuallyCreated="{Boolean}true"
                jcr:primaryType="nt:unstructured"
                sling:resourceType="lam/components/container"
                layout="responsiveGrid"/>
        </root>
    </jcr:content>
    <productData
        cq:isManuallyCreated="{Boolean}true"
        jcr:primaryType="nt:unstructured"
        title="Lazard European Small Cap Equity"
        type="Fund"/>
    <disclaimerMappings jcr:primaryType="nt:unstructured">
        <DisclaimerLabel
            jcr:primaryType="nt:unstructured"
            approvedLanguages="[en_us]"
            disclaimerPaths="[/content/dam/lazard-asset-management/disclaimers/en_us/2078031161]"
            isGlobalProductMapping="{Boolean}true"
            type="DisclaimerLabel"/>
        <DisclaimerAllocation
            jcr:primaryType="nt:unstructured"
            approvedLanguages="[de_de]"
            disclaimerPaths="[/content/dam/lazard-asset-management/disclaimers/de_de/1372996156]"
            isGlobalProductMapping="{Boolean}false"
            type="DisclaimerAllocation"/>
        <DisclaimerCharacteristics
            jcr:primaryType="nt:unstructured"
            approvedLanguages="[de_de]"
            disclaimerPaths="[/content/dam/lazard-asset-management/disclaimers/de_de/1082118175]"
            isGlobalProductMapping="{Boolean}false"
            type="DisclaimerCharacteristics"/>
        <DisclaimerTop10Holdings
            jcr:primaryType="nt:unstructured"
            approvedLanguages="[de_de]"
            disclaimerPaths="[/content/dam/lazard-asset-management/disclaimers/de_de/773281592]"
            isGlobalProductMapping="{Boolean}false"
            type="DisclaimerTop10Holdings"/>
    </disclaimerMappings>
    <externalMetadata
        jcr:primaryType="nt:unstructured"
        assetClasses="[Equity]"
        availableOnInvestmentPlatform="{Boolean}false"
        benchmarkName="MSCI Europe Small Cap Index"
        category="Equity"
        categorySortOrder="{Long}100"
        hasSMAonly="{Boolean}false"
        languages="[da-dk,de-at,de-ch,de-de,en-au,en-de,en-gb,en-us,es-es,fii-fi,fr-be,fr-ca,fr-fr,it-de,it-it,nb-no,nl-nl,pt-pt,sv-se]"
        pmTeamAsOfDate="2024-09-30"
        pmTeamMembers="[]"
        publishByCountry="{Boolean}false"
        sortOrderWithinCategory="{Long}300"
        strategyId="{Long}20"
        subStrategyId="{Long}166"
        suppressBenchmarks="{Boolean}false"
        umbrellaNumDigitsDividend="{Long}4"
        umbrellaNumDigitsNav="{Long}4">
        <productLanguages jcr:primaryType="nt:unstructured">
            <en-us
                jcr:primaryType="nt:unstructured"
                shortDesc="Lazard European Small Cap Equity seeks to generate strong relative returns over a long-term time horizon by investing in companies with strong financial productivity at attractive valuations. The strategy typically invests in 60 to 80 European equity securities with market capitalizations between $300 million and $5 billion, or in the range of companies included in the MSCI Europe Small Cap Index."/>
            <en-gb
                jcr:primaryType="nt:unstructured"
                shortDesc="Lazard European Small Cap Equity seeks to generate strong relative returns over a long-term time horizon by investing in companies with strong financial productivity at attractive valuations. The strategy typically invests in 60 to 80 European equity securities with market capitalizations between $300 million and $5 billion, or in the range of companies included in the MSCI Europe Small Cap Index."/>
        </productLanguages>
        <defaultShareClass jcr:primaryType="nt:unstructured"/>
        <shareClasses jcr:primaryType="nt:unstructured">
            <_x0032_27
                jcr:primaryType="nt:unstructured"
                countries="[AE,AT,AU,BE,BH,BN,BS,CA,CN,DE,DK,ES,FI,FR,GB,HK,ID,IE,IL,IT,LU,MO,MT,MY,NL,NO,NZ,PG,PH,PT,SA,SE,SG,TH,TW,US,XX,ZA]"
                currency="USD"
                currencySymbol="US$"
                fundId="{Long}166"
                fundingStatus="Open"
                inceptionDate="1994-01-01"
                isAuthorizedPending="{Boolean}false"
                isGLIF="{Boolean}false"
                isSMA="{Boolean}false"
                minimumInvestment="US$ 5,000,000"
                primaryBenchmark="MSCI Europe Small Cap Index"
                vehicleId="{Long}1"
                vehicleName="Separate Account">
                <professionalOnlyCountries jcr:primaryType="nt:unstructured"/>
            </_x0032_27>
        </shareClasses>
        <platforms jcr:primaryType="nt:unstructured">
            <_x0039_6
                jcr:primaryType="nt:unstructured"
                countries="[AE,BE,BH,CA,DK,ES,FI,FR,GB,IE,IL,LU,MT,NL,NO,PT,SA,SE,US,XX,ZA]"
                regions="[22,2,3,1]"
                sortOrder="{Long}400"
                title="European Equity Platform"/>
            <_x0033_1183
                jcr:primaryType="nt:unstructured"
                countries="[AU,NZ,PG]"
                regions="[5]"
                sortOrder="{Long}9300"
                title="Australian Regional Equities Platform"/>
            <_x0033_1185
                jcr:primaryType="nt:unstructured"
                countries="[BN,CN,HK,ID,MO,MY,PH,SG,TH,TW]"
                regions="[19]"
                sortOrder="{Long}9500"
                title="Singapore Regional Equities Platform"/>
            <_x0033_5745
                jcr:primaryType="nt:unstructured"
                countries="[AT,DE,IT]"
                regions="[18,4]"
                sortOrder="{Long}9700"
                title="Equity Platform"/>
        </platforms>
    </externalMetadata>
</jcr:root>
