<?xml version="1.0"?>
<x:xmpmeta xmlns:x="adobe:ns:meta/" x:xmptk="Adobe XMP Core 6.2.9.B001">
  <rdf:RDF xmlns:rdf="http://www.w3.org/1999/02/22-rdf-syntax-ns#">
    <rdf:Description rdf:about=""
        xmlns:pdf="http://ns.adobe.com/pdf/1.3/"
        xmlns:xmp="http://ns.adobe.com/xap/1.0/"
        xmlns:dc="http://purl.org/dc/elements/1.1/"
        xmlns:dam="http://www.day.com/dam/1.0"
      pdf:Producer="Microsoft® Word for Microsoft 365"
      xmp:CreatorTool="Microsoft® Word for Microsoft 365"
      xmp:CreateDate="2024-05-23T03:52:17Z"
      xmp:ModifyDate="2024-05-23T03:52:17Z"
      dc:format="application/pdf"
      dam:numPages="14"
      dam:size="280284"
      dam:Physicalheightininches="8.268333333333334"
      dam:Producer="Microsoft® Word for Microsoft 365"
      dam:sha1="64a6fe2ce8bdbc2ce8c0ab18c402ca58edc29240"
      dam:Author="Lazard Asset Management LLC"
      dam:Physicalwidthininches="11.693333333333333">
      <dc:creator>
        <rdf:Seq>
          <rdf:li>Lazard Asset Management LLC</rdf:li>
        </rdf:Seq>
      </dc:creator>
      <dc:description>
        <rdf:Alt>
          <rdf:li xml:lang="x-default">Funds Regulatory Document</rdf:li>
        </rdf:Alt>
      </dc:description>
      <dc:title>
        <rdf:Alt>
          <rdf:li xml:lang="x-default">Lazard Defensive Australian Equity Fund Target Market Summary</rdf:li>
        </rdf:Alt>
      </dc:title>
    </rdf:Description>
  </rdf:RDF>
</x:xmpmeta>
