<?xml version="1.0" encoding="UTF-8"?>
<jcr:root xmlns:jcr="http://www.jcp.org/jcr/1.0" xmlns:nt="http://www.jcp.org/jcr/nt/1.0" xmlns:mix="http://www.jcp.org/jcr/mix/1.0" xmlns:cq="http://www.day.com/jcr/cq/1.0" xmlns:sling="http://sling.apache.org/jcr/sling/1.0"
    jcr:primaryType="cq:Page">
    <jcr:content
        cq:isDelivered="{Boolean}false"
        cq:lastReplicated="{Date}2025-02-18T15:45:35.264Z"
        cq:lastReplicated_publish="{Date}2025-02-18T15:45:35.264Z"
        cq:lastReplicated_scene7="{Date}2025-02-18T15:45:35.264Z"
        cq:lastReplicatedBy="sophia.ponce@lazard.com"
        cq:lastReplicatedBy_publish="sophia.ponce@lazard.com"
        cq:lastReplicatedBy_scene7="sophia.ponce@lazard.com"
        cq:lastReplicationAction="Activate"
        cq:lastReplicationAction_publish="Activate"
        cq:lastReplicationAction_scene7="Activate"
        jcr:isCheckedOut="{Boolean}true"
        jcr:lastModified="{Date}2025-02-18T15:44:59.443Z"
        jcr:lastModifiedBy="sophia.ponce@lazard.com"
        jcr:mixinTypes="[cq:ReplicationStatus2,mix:versionable]"
        jcr:primaryType="cq:PageContent"
        jcr:uuid="2075c5eb-5546-4f0b-855b-d525f05e2e04"
        sling:configPropertyInherit="{Boolean}false"
        componentName="featuredStat">
        <keyProperties
            jcr:primaryType="nt:unstructured"
            sling:configCollectionInherit="{Boolean}true"
            sling:resourceType="nt:unstructured">
            <navAssetValue
                jcr:primaryType="nt:unstructured"
                sling:configPropertyInherit="{Boolean}false"
                sling:resourceType="nt:unstructured"
                key="navAssetValue">
                <translations
                    jcr:primaryType="nt:unstructured"
                    sling:configCollectionInherit="{Boolean}true"
                    sling:resourceType="nt:unstructured">
                    <EN
                        jcr:primaryType="nt:unstructured"
                        sling:configPropertyInherit="{Boolean}false"
                        sling:resourceType="nt:unstructured"
                        languageCode="EN"
                        translatedText="Net Asset Value"/>
                </translations>
            </navAssetValue>
            <marketCap
                jcr:primaryType="nt:unstructured"
                sling:configPropertyInherit="{Boolean}false"
                sling:resourceType="nt:unstructured"
                key="marketCap">
                <translations
                    jcr:primaryType="nt:unstructured"
                    sling:configCollectionInherit="{Boolean}true"
                    sling:resourceType="nt:unstructured">
                    <EN
                        jcr:primaryType="nt:unstructured"
                        sling:configPropertyInherit="{Boolean}false"
                        sling:resourceType="nt:unstructured"
                        languageCode="EN"
                        translatedText="Market Cap"/>
                </translations>
            </marketCap>
            <asOf
                jcr:primaryType="nt:unstructured"
                sling:configPropertyInherit="{Boolean}false"
                sling:resourceType="nt:unstructured"
                key="asOf">
                <translations
                    jcr:primaryType="nt:unstructured"
                    sling:configCollectionInherit="{Boolean}true"
                    sling:resourceType="nt:unstructured">
                    <EN
                        jcr:primaryType="nt:unstructured"
                        sling:configPropertyInherit="{Boolean}false"
                        sling:resourceType="nt:unstructured"
                        languageCode="EN"
                        translatedText="As of"/>
                </translations>
            </asOf>
            <navAsOf
                jcr:primaryType="nt:unstructured"
                sling:configPropertyInherit="{Boolean}false"
                sling:resourceType="nt:unstructured"
                key="navAsOf">
                <translations
                    jcr:primaryType="nt:unstructured"
                    sling:configCollectionInherit="{Boolean}true"
                    sling:resourceType="nt:unstructured">
                    <EN
                        jcr:primaryType="nt:unstructured"
                        sling:configPropertyInherit="{Boolean}false"
                        sling:resourceType="nt:unstructured"
                        languageCode="EN"
                        translatedText="NAV as of"/>
                </translations>
            </navAsOf>
            <sharePrice
                jcr:primaryType="nt:unstructured"
                sling:configPropertyInherit="{Boolean}false"
                sling:resourceType="nt:unstructured"
                key="sharePrice">
                <translations
                    jcr:primaryType="nt:unstructured"
                    sling:configCollectionInherit="{Boolean}true"
                    sling:resourceType="nt:unstructured">
                    <EN
                        jcr:primaryType="nt:unstructured"
                        sling:configPropertyInherit="{Boolean}false"
                        sling:resourceType="nt:unstructured"
                        languageCode="EN"
                        translatedText="Share Price"/>
                </translations>
            </sharePrice>
            <premiumDiscount
                jcr:primaryType="nt:unstructured"
                sling:configPropertyInherit="{Boolean}false"
                sling:resourceType="nt:unstructured"
                key="premiumDiscount">
                <translations
                    jcr:primaryType="nt:unstructured"
                    sling:configCollectionInherit="{Boolean}true"
                    sling:resourceType="nt:unstructured">
                    <EN
                        jcr:primaryType="nt:unstructured"
                        sling:configPropertyInherit="{Boolean}false"
                        sling:resourceType="nt:unstructured"
                        languageCode="EN"
                        translatedText="Premium / Discount"/>
                </translations>
            </premiumDiscount>
            <yield
                jcr:primaryType="nt:unstructured"
                sling:configPropertyInherit="{Boolean}false"
                sling:resourceType="nt:unstructured"
                key="yield">
                <translations
                    jcr:primaryType="nt:unstructured"
                    sling:configCollectionInherit="{Boolean}true"
                    sling:resourceType="nt:unstructured">
                    <EN
                        jcr:primaryType="nt:unstructured"
                        sling:configPropertyInherit="{Boolean}false"
                        sling:resourceType="nt:unstructured"
                        languageCode="EN"
                        translatedText="Yield"/>
                </translations>
            </yield>
            <inav
                jcr:primaryType="nt:unstructured"
                sling:configPropertyInherit="{Boolean}false"
                sling:resourceType="nt:unstructured"
                key="inav">
                <translations
                    jcr:primaryType="nt:unstructured"
                    sling:configCollectionInherit="{Boolean}true"
                    sling:resourceType="nt:unstructured">
                    <EN
                        jcr:primaryType="nt:unstructured"
                        sling:configPropertyInherit="{Boolean}false"
                        sling:resourceType="nt:unstructured"
                        languageCode="EN"
                        translatedText="iNAV¹"/>
                </translations>
            </inav>
            <iNavAsOf
                jcr:primaryType="nt:unstructured"
                sling:configPropertyInherit="{Boolean}false"
                sling:resourceType="nt:unstructured"
                key="iNavAsOf">
                <translations
                    jcr:primaryType="nt:unstructured"
                    sling:configCollectionInherit="{Boolean}true"
                    sling:resourceType="nt:unstructured">
                    <EN
                        jcr:primaryType="nt:unstructured"
                        sling:configPropertyInherit="{Boolean}false"
                        sling:resourceType="nt:unstructured"
                        languageCode="EN"
                        translatedText="iNAV as of"/>
                </translations>
            </iNavAsOf>
        </keyProperties>
    </jcr:content>
</jcr:root>
