<?xml version="1.0" encoding="UTF-8"?>
<jcr:root xmlns:jcr="http://www.jcp.org/jcr/1.0" xmlns:nt="http://www.jcp.org/jcr/nt/1.0" xmlns:cq="http://www.day.com/jcr/cq/1.0" xmlns:sling="http://sling.apache.org/jcr/sling/1.0"
    jcr:primaryType="cq:Page">
    <jcr:content
        cq:lastModified="{Date}2024-10-24T13:38:35.659Z"
        cq:lastModifiedBy="disclaimer-service-user"
        cq:template="/conf/lam/settings/wcm/templates/strategy-detail"
        jcr:primaryType="cq:PageContent"
        jcr:title="Nordic High Yield"
        sling:resourceType="lam/components/page"
        hideInNav="true"
        includeSkipToMainContent="true"
        productType="Strategy">
        <root
            jcr:primaryType="nt:unstructured"
            sling:resourceType="lam/components/container"
            layout="responsiveGrid">
            <container
                jcr:primaryType="nt:unstructured"
                sling:resourceType="lam/components/container"
                layout="responsiveGrid">
                <custom_container_cop_1404241144
                    cq:styleIds="[1718059993783]"
                    jcr:primaryType="nt:unstructured"
                    sling:resourceType="lam/components/custom-container"
                    applyCustomizedBorder="false"
                    containetBoxType="fixed-contained"
                    customId="productdata"
                    enableVerticalScrollbar="false"
                    hasNestedCustomContainer="is-not-NestedCustomContainer"
                    hideFinancialIntermediary="false"
                    hideIndividualInvestor="false"
                    hideInstitucionalInvestor="false"
                    hidePrivateWealth="false"
                    isGapless="is-gapped"
                    isHorizontalCentered="is-hnormal"
                    isMobileColumns="is-normal"
                    isVerticalCentered="is-vnormal"
                    showSeparator="false">
                    <colpar_1
                        jcr:primaryType="nt:unstructured"
                        sling:resourceType="wcm/foundation/components/responsivegrid">
                        <accordion
                            jcr:primaryType="nt:unstructured"
                            sling:resourceType="lam/components/accordion"/>
                    </colpar_1>
                    <columnsList jcr:primaryType="nt:unstructured">
                        <item0
                            jcr:primaryType="nt:unstructured"
                            desktopSize="is-auto-desktop"
                            mobileSize="is-auto-mobile"
                            tabletSize="is-auto-tablet"/>
                    </columnsList>
                </custom_container_cop_1404241144>
            </container>
        </root>
    </jcr:content>
    <productData
        jcr:primaryType="nt:unstructured"
        title="Nordic High Yield"
        type="Strategy"/>
    <externalMetadata
        jcr:primaryType="nt:unstructured"
        assetClasses="[Fixed Income]"
        aumCurrency="USD"
        aumCurrencySymbol="US$"
        isEMD="{Boolean}false"
        isSMA="{Boolean}false"
        languages="[da-dk,de-at,de-ch,de-de,en-au,en-de,en-gb,en-us,es-es,fii-fi,fr-be,fr-ca,fr-fr,it-de,it-it,nb-no,nl-nl,pt-pt,sv-se]"
        pmTeamAsOfDate="2024-09-30"
        shareClassIds="[12901]">
        <productLanguages jcr:primaryType="nt:unstructured">
            <en-us
                jcr:primaryType="nt:unstructured"
                shortDesc="The Lazard Nordic High Yield strategy invests predominantly in high-yield credit bonds from the Nordic region. Active security selection is based on our fundamental bottom-up analysis. The strategy's investment universe includes Nordic issuers and non-Nordic issuers issuing bonds in Scandinavian currencies. The strategy invests mainly in floating rate bonds, resulting in a very low total duration. Paired with a short maturity profile in general and higher risk premia compared to other fixed income markets, the strategy aims to generate high medium to long-term investment returns."
                tagline="Seeks to deliver high medium to long-term returns through active high-yield investing in Scandinavia"/>
            <de-de
                jcr:primaryType="nt:unstructured"
                shortDesc="Die Lazard Nordic High Yield-Strategie investiert überwiegend in hochverzinsliche Kreditanleihen aus der nordischen Region. Die aktive Titelauswahl basiert auf unserer fundamentalen Bottom-up-Analyse. Das Anlageuniversum der Strategie umfasst nordische Emittenten und nicht-nordische Emittenten, die Anleihen in skandinavischen Währungen ausgeben. Die Strategie investiert hauptsächlich in variabel verzinsliche Anleihen, was zu einer sehr niedrigen Gesamtduration führt. Gepaart mit einem generell kurzen Laufzeitenprofil und höheren Risikoprämien im Vergleich zu anderen Rentenmärkten zielt die Strategie darauf ab, mittel- bis langfristig hohe Anlagerenditen zu erzielen."
                tagline="Strebt durch die aktive Allokation in skandinavische Hochzinsanlagen mittel- bis langfristig hohe Renditen an."/>
            <en-gb
                jcr:primaryType="nt:unstructured"
                shortDesc="The Lazard Nordic High Yield strategy invests predominantly in high-yield credit bonds from the Nordic region. Active security selection is based on our fundamental bottom-up analysis. The strategy's investment universe includes Nordic issuers and non-Nordic issuers issuing bonds in Scandinavian currencies. The strategy invests mainly in floating rate bonds, resulting in a very low total duration. Paired with a short maturity profile in general and higher risk premia compared to other fixed income markets, the strategy aims to generate high medium to long-term investment returns."
                tagline="Seeks to deliver high medium to long-term returns through active high-yield investing in Scandinavia"/>
        </productLanguages>
        <platforms jcr:primaryType="nt:unstructured">
            <_x0039_8
                jcr:primaryType="nt:unstructured"
                countries="[AE,AT,BE,BH,CH,DE,DK,ES,FI,FR,GB,IE,IL,IT,LI,LU,MT,NL,NO,PT,SA,SE,XX,ZA]"
                regions="[4,22,18,2,21,3]"
                sortOrder="{Long}700"
                title="Fixed Income Platform"/>
        </platforms>
        <pmTeamMembers jcr:primaryType="nt:unstructured">
            <_x0030_
                jcr:primaryType="nt:unstructured"
                bioId="{Long}484"
                firstName="Daniel"
                isLead="{Boolean}true"
                lastName="Herdt"
                sortOrder="{Long}1"/>
            <_x0031_
                jcr:primaryType="nt:unstructured"
                bioId="{Long}410"
                firstName="Ulrich"
                isLead="{Boolean}true"
                lastName="Teutsch"
                sortOrder="{Long}1"/>
            <_x0032_
                jcr:primaryType="nt:unstructured"
                bioId="{Long}480"
                firstName="Benjamin"
                isLead="{Boolean}false"
                lastName="Boehme"
                sortOrder="{Long}2"/>
            <_x0033_
                jcr:primaryType="nt:unstructured"
                bioId="{Long}1195"
                firstName="Michal"
                isLead="{Boolean}false"
                lastName="Chrobot"
                sortOrder="{Long}2"/>
            <_x0034_
                jcr:primaryType="nt:unstructured"
                bioId="{Long}188"
                firstName="Holger"
                isLead="{Boolean}false"
                lastName="Keil"
                sortOrder="{Long}2"/>
        </pmTeamMembers>
        <webClassifications jcr:primaryType="nt:unstructured">
            <_x0030_
                jcr:primaryType="nt:unstructured"
                type="Geography"
                value="European"/>
            <_x0031_
                jcr:primaryType="nt:unstructured"
                type="Sector"
                value="Credit/Corporate"/>
            <_x0032_
                jcr:primaryType="nt:unstructured"
                type="Duration"
                value="Short"/>
            <_x0033_
                jcr:primaryType="nt:unstructured"
                type="Credit Quality"
                value="High Yield"/>
        </webClassifications>
        <subStrategies jcr:primaryType="nt:unstructured">
            <_x0037_00
                jcr:primaryType="nt:unstructured"
                defaultShareClass="{Long}12901"
                title="Nordic High Yield"/>
        </subStrategies>
    </externalMetadata>
    <disclaimerMappings jcr:primaryType="nt:unstructured">
        <DisclaimerLabel
            jcr:primaryType="nt:unstructured"
            approvedLanguages="[en_us]"
            disclaimerPaths="[/content/dam/lazard-asset-management/disclaimers/en_us/2078031161]"
            isGlobalProductMapping="{Boolean}true"
            type="DisclaimerLabel"/>
        <DisclaimerCharacteristics
            jcr:primaryType="nt:unstructured"
            approvedLanguages="[de_at,de_de,en_ae,en_at,en_au,en_be,en_ch,en_de,en_dk,en_es,en_fi,en_fr,en_gb,en_hk,en_ie,en_it,en_kr,en_li,en_lu,en_nl,en_no,en_pt,en_se,en_sg,en_us,fr_fr,ja_jp,ko_kr]"
            disclaimerPaths="[/content/dam/lazard-asset-management/disclaimers/en_us/65404338]"
            isGlobalProductMapping="{Boolean}false"
            type="DisclaimerCharacteristics"/>
        <DisclaimerPerformanceReview
            jcr:primaryType="nt:unstructured"
            approvedLanguages="[de_at,de_de,en_ae,en_at,en_au,en_be,en_ch,en_de,en_dk,en_es,en_fi,en_fr,en_gb,en_hk,en_ie,en_it,en_kr,en_li,en_lu,en_nl,en_no,en_pt,en_se,en_sg,en_us,fr_fr,ja_jp,ko_kr]"
            disclaimerPaths="[/content/dam/lazard-asset-management/disclaimers/en_us/1358714518]"
            isGlobalProductMapping="{Boolean}false"
            type="DisclaimerPerformanceReview"/>
    </disclaimerMappings>
</jcr:root>
