<?xml version="1.0" encoding="UTF-8"?>
<jcr:root xmlns:jcr="http://www.jcp.org/jcr/1.0" xmlns:nt="http://www.jcp.org/jcr/nt/1.0" xmlns:cq="http://www.day.com/jcr/cq/1.0" xmlns:sling="http://sling.apache.org/jcr/sling/1.0"
    jcr:primaryType="cq:Page">
    <jcr:content
        cq:lastModified="{Date}2025-03-07T20:31:48.021Z"
        cq:lastModifiedBy="products-service-user"
        cq:template="/conf/lam/settings/wcm/templates/fund-detail"
        jcr:primaryType="nt:unstructured"
        jcr:title="Lazard Next Gen Technologies ETF"
        sling:resourceType="lam/components/page"
        productType="Fund">
        <root
            jcr:primaryType="nt:unstructured"
            sling:resourceType="lam/components/container"
            layout="responsiveGrid">
            <container
                jcr:primaryType="nt:unstructured"
                sling:resourceType="lam/components/container"
                layout="responsiveGrid"/>
        </root>
    </jcr:content>
    <productData
        jcr:primaryType="nt:unstructured"
        title="Lazard Next Gen Technologies ETF"
        type="Fund"/>
    <externalMetadata
        jcr:primaryType="nt:unstructured"
        assetClasses="[Equity]"
        availableOnInvestmentPlatform="{Boolean}true"
        benchmarkName="S&amp;P/ASX 200 Index"
        category="Equity"
        categorySortOrder="{Long}100"
        distributionDate="March, June, September, December"
        etfExchange="NYSE"
        grossExpenseRatio="0.25%"
        hasSMAonly="{Boolean}false"
        iopvIntradayTicker="TEKY.IV"
        languages="[en-au,en-de,en-gb,en-us]"
        netExpenseRatio="0.25%"
        pmTeamAsOfDate="2024-12-31"
        sortOrderWithinCategory="{Long}100"
        strategyId="{Long}1"
        subStrategyId="{Long}64"
        suppressBenchmarks="{Boolean}false"
        umbrellaName="LAMP"
        umbrellaNumDigitsDividend="{Long}4"
        umbrellaNumDigitsNav="{Long}4">
        <productLanguages jcr:primaryType="nt:unstructured">
            <en-us
                jcr:primaryType="nt:unstructured"
                shortDesc="The Lazard Next Gen Technologies ETF takes large active positions, holding generally 25 to 45 securities chosen for their potential to deliver absolute returns over the long term. It is a high conviction portfolio but key benchmark risks are also taken into consideration when constructing the portfolio. The Fund's objective is to achieve total returns (including income and capital appreciation and before the deduction of fees and taxes) that exceed those of the S&amp;P/ASX 200 Accumulation Index over the long term."/>
        </productLanguages>
        <defaultShareClass
            jcr:primaryType="nt:unstructured"
            AU="{Long}2533"
            XX="{Long}2533"/>
        <pmTeamMembers jcr:primaryType="nt:unstructured">
            <_x0030_
                jcr:primaryType="nt:unstructured"
                bioId="{Long}187"
                displayName="Tjeert Keijzer"
                firstName="Tjeert"
                isLead="{Boolean}false"
                lastName="Keijzer"
                sortOrder="{Long}0"/>
            <_x0031_
                jcr:primaryType="nt:unstructured"
                bioId="{Long}197"
                displayName="Ario Kishida"
                firstName="Ario"
                isLead="{Boolean}false"
                lastName="Kishida"
                sortOrder="{Long}1"/>
            <_x0032_
                jcr:primaryType="nt:unstructured"
                bioId="{Long}454"
                displayName="Celine Woo"
                firstName="Celine"
                isLead="{Boolean}false"
                lastName="Woo"
                sortOrder="{Long}2"/>
        </pmTeamMembers>
        <shareClasses jcr:primaryType="nt:unstructured">
            <_x0032_533
                jcr:primaryType="nt:unstructured"
                apir="LAZ0010AU"
                countries="[XX]"
                currency="USD"
                currencySymbol="US$"
                cusip="52110K509"
                fundId="{Long}8888"
                fundingStatus="Open"
                inceptionDate="2025-03-31"
                isAuthorizedPending="{Boolean}false"
                isGLIF="{Boolean}false"
                isin="AU60LAZ00100"
                isSMA="{Boolean}false"
                minimumInvestment="A$ 20,000"
                primaryBenchmark="S&amp;P/ASX 200 Index"
                ticker="TEKY"
                title="W Class"
                vehicleId="{Long}127"
                vehicleName="Exchange-Traded Fund (ETF)">
                <professionalOnlyCountries
                    jcr:primaryType="nt:unstructured"
                    AU="{Boolean}false"/>
            </_x0032_533>
        </shareClasses>
        <platforms jcr:primaryType="nt:unstructured">
            <_x0039_7
                jcr:primaryType="nt:unstructured"
                countries="[AE,BE,BH,CA,DK,ES,FI,FR,IE,IL,JP,LU,MT,NL,NO,PT,SA,SE,US,XX,ZA]"
                regions="[16,1,22,3]"
                sortOrder="{Long}500"
                title="Asia-Pacific Equity Platform"/>
            <_x0033_1182
                jcr:primaryType="nt:unstructured"
                countries="[AU,NZ,PG]"
                regions="[5]"
                sortOrder="{Long}9200"
                title="Australian Equity Platform"/>
            <_x0033_1183
                jcr:primaryType="nt:unstructured"
                countries="[AU,NZ,PG]"
                regions="[5]"
                sortOrder="{Long}9300"
                title="Australian Regional Equities Platform"/>
            <_x0033_1185
                jcr:primaryType="nt:unstructured"
                countries="[BN,CN,HK,ID,MO,MY,PH,SG,TH,TW]"
                regions="[19]"
                sortOrder="{Long}9500"
                title="Singapore Regional Equities Platform"/>
        </platforms>
    </externalMetadata>
</jcr:root>
