<?xml version="1.0" encoding="UTF-8"?>
<jcr:root xmlns:jcr="http://www.jcp.org/jcr/1.0" xmlns:nt="http://www.jcp.org/jcr/nt/1.0" xmlns:mix="http://www.jcp.org/jcr/mix/1.0" xmlns:cq="http://www.day.com/jcr/cq/1.0" xmlns:sling="http://sling.apache.org/jcr/sling/1.0"
    jcr:primaryType="cq:Page">
    <jcr:content
        cq:isDelivered="{Boolean}false"
        cq:lastModified="{Date}2024-09-17T20:52:12.579Z"
        cq:lastModifiedBy="products-service-user"
        cq:lastReplicated="{Date}2024-07-30T02:36:40.016Z"
        cq:lastReplicated_publish="{Date}2024-07-30T02:36:40.016Z"
        cq:lastReplicatedBy="anna.herbst@lazard.com"
        cq:lastReplicatedBy_publish="anna.herbst@lazard.com"
        cq:lastReplicationAction="Activate"
        cq:lastReplicationAction_publish="Activate"
        cq:template="/conf/lam/settings/wcm/templates/strategy-detail"
        jcr:isCheckedOut="{Boolean}true"
        jcr:mixinTypes="[cq:ReplicationStatus2,mix:versionable]"
        jcr:primaryType="cq:PageContent"
        jcr:title="US High Yield"
        jcr:uuid="92613b75-d1c7-4f4c-9abd-56ac748af453"
        sling:resourceType="lam/components/page"
        category="strategy"
        hideInNav="true"
        linkType="internal"
        pageProductData="fund-listing"
        productType="Strategy"
        pwaCachestrategy="staleWhileRevalidate"
        pwaDisplay="standalone"
        pwaOrientation="any">
        <root
            jcr:primaryType="nt:unstructured"
            sling:resourceType="lam/components/container"
            layout="responsiveGrid">
            <container
                jcr:primaryType="nt:unstructured"
                sling:resourceType="lam/components/container"
                layout="responsiveGrid"/>
        </root>
        <cq:featuredimage
            jcr:lastModified="{Date}2024-07-16T14:24:04.817Z"
            jcr:lastModifiedBy="bassel.eladas@lazard.com"
            jcr:primaryType="nt:unstructured"
            sling:resourceType="core/wcm/components/image/v3/image"
            altValueFromDAM="true"/>
    </jcr:content>
    <productData
        jcr:primaryType="nt:unstructured"
        title="US High Yield"
        type="Strategy"/>
    <externalMetadata
        jcr:primaryType="nt:unstructured"
        assetClasses="[Fixed Income]"
        aumCurrency="USD"
        aumCurrencySymbol="US$"
        isEMD="{Boolean}false"
        isSMA="{Boolean}false"
        languages="[de-at,de-ch,de-de,en-au,en-de,en-gb,en-us,fr-be,fr-ca,fr-fr,it-de,it-it]"
        pmTeamAsOfDate="2024-06-30"
        shareClassIds="[62]">
        <productLanguages jcr:primaryType="nt:unstructured">
            <de-de
                jcr:primaryType="nt:unstructured"
                shortDesc="Die Lazard US High Yield Income-Strategie strebt eine Outperformance gegenüber der Gesamtrendite des qualitativ hochwertigen, nicht notleidenden Teils des High-Yield-Anleihemarkts an. Dieser wird durch den ICE BofA US High Yield Index dargestellt. Die Strategie investiert in US-Unternehmensanleihen mit mittellanger Duration und einem Rating unterhalb von BBB. Der Fokus liegt auf Anleihen mit BB- und B-Rating. Wertpapiere werden basierend auf ihrer Krediteigenschaften und ihrem relativen Wert ausgewählt."/>
            <en-us
                jcr:primaryType="nt:unstructured"
                productHighlight="Total return strategy focused on better-quality high yield&#xd;&#xa;Seeks to capture excess return available in better-quality high yield.&#xd;&#xa;Select diversified portfolio from securities having strong relative value and meeting our credit discipline.&#xd;&#xa;Seeks to reduce portfolio downside by employing risk control measures."
                shortDesc="The Lazard US High Yield strategy seeks to outperform the total return of the higher quality, non-distressed portion of the high yield bond market as represented by the ICE BofA US High Yield Index. The strategy is invested in intermediate duration US corporate bonds generally rated below BBB, concentrating in BB and B rated issues. Securities are selected based on credit fundamentals and relative value. "
                tagline="Seeks to outperform the bond market, as tracked by the ICE BB-B US Cash Pay Non-Distressed High Yield Index."/>
        </productLanguages>
        <platforms jcr:primaryType="nt:unstructured">
            <_x0039_8
                jcr:primaryType="nt:unstructured"
                countries="[AT,AU,BN,CA,CH,CN,DE,HK,ID,IT,LI,MO,MY,NZ,PG,PH,SG,TH,TW,US]"
                regions="[19,4,18,1,5,21]"
                sortOrder="{Long}700"
                title="Fixed Income Platform"/>
        </platforms>
        <pmTeamMembers jcr:primaryType="nt:unstructured">
            <_x0030_
                jcr:primaryType="nt:unstructured"
                bioId="{Long}73"
                firstName="Jeffrey"
                isLead="{Boolean}true"
                lastName="Clarke"
                sortOrder="{Long}1"/>
            <_x0031_
                jcr:primaryType="nt:unstructured"
                bioId="{Long}320"
                firstName="Joe"
                isLead="{Boolean}false"
                lastName="Ramos"
                sortOrder="{Long}2"/>
            <_x0032_
                jcr:primaryType="nt:unstructured"
                bioId="{Long}373"
                firstName="John"
                isLead="{Boolean}false"
                lastName="Senesac"
                sortOrder="{Long}2"/>
        </pmTeamMembers>
        <webClassifications jcr:primaryType="nt:unstructured">
            <_x0030_
                jcr:primaryType="nt:unstructured"
                type="Geography"
                value="US"/>
            <_x0031_
                jcr:primaryType="nt:unstructured"
                type="Sector"
                value="Credit/Corporate"/>
            <_x0032_
                jcr:primaryType="nt:unstructured"
                type="Duration"
                value="Intermediate"/>
            <_x0033_
                jcr:primaryType="nt:unstructured"
                type="Credit Quality"
                value="High Yield"/>
        </webClassifications>
        <subStrategies jcr:primaryType="nt:unstructured">
            <_x0031_40
                jcr:primaryType="nt:unstructured"
                defaultShareClass="{Long}62"
                inceptionDate="1995-03-01"
                primaryBenchmark="ICE BofA High Yield Master II Index"
                title="US High Yield"/>
        </subStrategies>
    </externalMetadata>
    <disclaimerMappings jcr:primaryType="nt:unstructured">
        <DisclaimerLabel
            jcr:primaryType="nt:unstructured"
            approvedLanguages="[en_us]"
            disclaimerPaths="[]"
            isGlobalProductMapping="{Boolean}true"
            placeholderKeys="[]"
            type="DisclaimerLabel"/>
        <StrategyDisclaimerOverride
            jcr:primaryType="nt:unstructured"
            approvedLanguages="[en_us]"
            disclaimerPaths="[]"
            isGlobalProductMapping="{Boolean}false"
            placeholderKeys="[]"
            type="StrategyDisclaimerOverride"/>
    </disclaimerMappings>
</jcr:root>
