<?xml version="1.0" encoding="UTF-8"?>
<jcr:root xmlns:jcr="http://www.jcp.org/jcr/1.0" xmlns:nt="http://www.jcp.org/jcr/nt/1.0" xmlns:cq="http://www.day.com/jcr/cq/1.0" xmlns:sling="http://sling.apache.org/jcr/sling/1.0"
    jcr:primaryType="cq:Page">
    <jcr:content
        cq:lastModified="{Date}2024-10-23T15:17:28.877Z"
        cq:lastModifiedBy="disclaimer-service-user"
        cq:template="/conf/lam/settings/wcm/templates/fund-detail"
        jcr:primaryType="cq:PageContent"
        jcr:title="Norden Small"
        sling:resourceType="lam/components/page"
        productType="Fund">
        <root
            jcr:primaryType="nt:unstructured"
            sling:resourceType="lam/components/container"
            layout="responsiveGrid">
            <container
                jcr:primaryType="nt:unstructured"
                sling:resourceType="lam/components/container"
                layout="responsiveGrid"/>
        </root>
    </jcr:content>
    <productData
        jcr:primaryType="nt:unstructured"
        title="Norden Small"
        type="Fund"/>
    <externalMetadata
        jcr:primaryType="nt:unstructured"
        assetClasses="[Equity]"
        availableOnInvestmentPlatform="{Boolean}false"
        category="Equity"
        categorySortOrder="{Long}100"
        hasSMAonly="{Boolean}false"
        languages="[de-de,en-au,en-de,en-gb,en-us,fr-be,fr-ca,fr-fr,it-de,it-it,nl-nl]"
        pmTeamAsOfDate="2024-09-30"
        pmTeamMembers="[]"
        sfdrCategory="{Long}8"
        sortOrderWithinCategory="{Long}220"
        strategyId="{Long}218"
        subStrategyId="{Long}523"
        suppressBenchmarks="{Boolean}false"
        umbrellaName="NORDEN SMALL"
        umbrellaNumDigitsDividend="{Long}4"
        umbrellaNumDigitsNav="{Long}4">
        <productLanguages jcr:primaryType="nt:unstructured">
            <en-us
                jcr:primaryType="nt:unstructured"
                shortDesc="The Norden Small Portfolio aims to outperform, over a minimum recommended investment period of five years, shares of small caps companies of Nordic countries (capitalizations between €100m and €3bn). The small caps companies are represented by the MSCI Nordic Small Cap Index, calculated in euros with net dividends reinvested based on closing prices. The fund benefits from the dynamism and the stability of the northern Europe small caps. The portfolio holds between 35 and 60 stocks and results from individual stock picking choices."/>
            <en-gb
                jcr:primaryType="nt:unstructured"
                shortDesc="The Norden Small Portfolio aims to outperform, over a minimum recommended investment period of five years, shares of small caps companies of Nordic countries (capitalizations between €100m and €3bn). The small caps companies are represented by the MSCI Nordic Small Cap Index, calculated in euros with net dividends reinvested based on closing prices. The fund benefits from the dynamism and the stability of the northern Europe small caps. The portfolio holds between 35 and 60 stocks and results from individual stock picking choices."/>
        </productLanguages>
        <defaultShareClass
            jcr:primaryType="nt:unstructured"
            BE="{Long}4961"
            FR="{Long}6502"
            IT="{Long}4961"
            LU="{Long}4961"/>
        <shareClasses jcr:primaryType="nt:unstructured">
            <_x0034_961
                jcr:primaryType="nt:unstructured"
                annualManagementCharge="0.02%"
                countries="[BE,FR,IT,LU,XX]"
                currency="EUR"
                currencySymbol="€"
                fundId="{Long}2101"
                fundingStatus="Open"
                inceptionDate="2013-05-30"
                initialCharge="4.00%"
                isAuthorizedPending="{Boolean}false"
                isGLIF="{Boolean}false"
                isin="FR0011474980"
                isSMA="{Boolean}false"
                minimumInvestment="1"
                primaryBenchmark="MSCI Nordic Countries Small Cap Index"
                ticker="LAZNORD"
                title="IC"
                vehicleId="{Long}16"
                vehicleName="UCITS (France)"
                wknCd="A14WMR">
                <professionalOnlyCountries
                    jcr:primaryType="nt:unstructured"
                    BE="{Boolean}false"
                    FR="{Boolean}false"
                    IT="{Boolean}false"
                    LU="{Boolean}false"/>
            </_x0034_961>
            <_x0036_502
                jcr:primaryType="nt:unstructured"
                annualManagementCharge="0.01%"
                countries="[BE,FR,IT,LU,XX]"
                currency="EUR"
                currencySymbol="€"
                fundId="{Long}2101"
                fundingStatus="Open"
                inceptionDate="2018-01-29"
                initialCharge="4.00%"
                isAuthorizedPending="{Boolean}false"
                isGLIF="{Boolean}false"
                isin="FR0013305844"
                isSMA="{Boolean}false"
                minimumInvestment="0"
                primaryBenchmark="MSCI Nordic Countries Small Cap Index"
                ticker="LAZNSTC"
                title="TC"
                vehicleId="{Long}16"
                vehicleName="UCITS (France)"
                wknCd="A2PFQP">
                <professionalOnlyCountries
                    jcr:primaryType="nt:unstructured"
                    BE="{Boolean}false"
                    FR="{Boolean}false"
                    IT="{Boolean}false"
                    LU="{Boolean}false"/>
            </_x0036_502>
        </shareClasses>
        <platforms jcr:primaryType="nt:unstructured">
            <_x0039_6
                jcr:primaryType="nt:unstructured"
                countries="[BM]"
                regions="[20]"
                sortOrder="{Long}400"
                title="European Equity Platform"/>
        </platforms>
    </externalMetadata>
    <disclaimerMappings jcr:primaryType="nt:unstructured">
        <DisclaimerLabel
            jcr:primaryType="nt:unstructured"
            approvedLanguages="[en_us]"
            disclaimerPaths="[/content/dam/lazard-asset-management/disclaimers/en_us/2078031161]"
            isGlobalProductMapping="{Boolean}true"
            type="DisclaimerLabel"/>
        <DisclaimerCharacteristics
            jcr:primaryType="nt:unstructured"
            approvedLanguages="[en_be,en_ch,en_es,en_fi,en_fr,en_gb,en_ie,en_it,en_li,en_lu,en_nl,en_no,en_pt,en_se]"
            disclaimerPaths="[/content/dam/lazard-asset-management/disclaimers/en_us/860061669]"
            isGlobalProductMapping="{Boolean}false"
            type="DisclaimerCharacteristics"/>
    </disclaimerMappings>
</jcr:root>
