<?xml version="1.0" encoding="UTF-8"?>
<jcr:root xmlns:jcr="http://www.jcp.org/jcr/1.0" xmlns:nt="http://www.jcp.org/jcr/nt/1.0" xmlns:cq="http://www.day.com/jcr/cq/1.0" xmlns:sling="http://sling.apache.org/jcr/sling/1.0"
    jcr:primaryType="cq:Page">
    <jcr:content
        cq:lastModified="{Date}2024-10-30T20:06:01.599Z"
        cq:lastModifiedBy="products-service-user"
        cq:template="/conf/lam/settings/wcm/templates/fund-detail"
        jcr:primaryType="cq:PageContent"
        jcr:title="Lazard Japanese Strategic Equity Fund"
        sling:resourceType="lam/components/page"
        productType="Fund">
        <root
            jcr:primaryType="nt:unstructured"
            sling:resourceType="lam/components/container"
            layout="responsiveGrid">
            <container
                jcr:primaryType="nt:unstructured"
                sling:resourceType="lam/components/container"
                layout="responsiveGrid"/>
        </root>
    </jcr:content>
    <productData
        jcr:primaryType="nt:unstructured"
        title="Lazard Japanese Strategic Equity Fund"
        type="Fund"/>
    <disclaimerMappings jcr:primaryType="nt:unstructured">
        <DisclaimerLabel
            jcr:primaryType="nt:unstructured"
            approvedLanguages="[en_us]"
            disclaimerPaths="[/content/dam/lazard-asset-management/disclaimers/en_us/2078031161]"
            isGlobalProductMapping="{Boolean}true"
            type="DisclaimerLabel"/>
        <DisclaimerOverride
            jcr:primaryType="nt:unstructured"
            approvedLanguages="[en_at,en_ch,en_de,en_it,en_li,en_us]"
            disclaimerPaths="[/content/dam/lazard-asset-management/disclaimers/en_us/992732730]"
            isGlobalProductMapping="{Boolean}false"
            type="DisclaimerOverride"/>
        <DisclaimerPerformanceReview
            jcr:primaryType="nt:unstructured"
            approvedLanguages="[en_at,en_ch,en_de,en_it,en_li]"
            disclaimerPaths="[/content/dam/lazard-asset-management/disclaimers/en_us/1882929028]"
            isGlobalProductMapping="{Boolean}false"
            type="DisclaimerPerformanceReview"/>
    </disclaimerMappings>
    <externalMetadata
        jcr:primaryType="nt:unstructured"
        assetClasses="[Equity]"
        availableOnInvestmentPlatform="{Boolean}true"
        benchmarkName="TOPIX Index"
        category="Equity"
        categorySortOrder="{Long}100"
        distributionDate="April and October"
        hasSMAonly="{Boolean}false"
        languages="[de-at,de-ch,de-de,en-au,en-de,en-gb,en-us,es-es,fr-be,fr-ca,fr-fr,it-de,it-it,nl-nl,pt-pt]"
        pmTeamAsOfDate="2024-09-30"
        sfdrCategory="{Long}8"
        sortOrderWithinCategory="{Long}160"
        strategyId="{Long}46"
        subStrategyId="{Long}242"
        suppressBenchmarks="{Boolean}false"
        umbrellaName="LGAF"
        umbrellaNumDigitsDividend="{Long}9"
        umbrellaNumDigitsNav="{Long}4">
        <investmentPlatforms jcr:primaryType="nt:unstructured">
            <_x0032_
                jcr:primaryType="nt:unstructured"
                countries="[CA,US]"
                name="Pershing"/>
            <_x0033_
                jcr:primaryType="nt:unstructured"
                countries="[GB]"
                name="Allfunds"/>
            <_x0037_
                jcr:primaryType="nt:unstructured"
                countries="[GB]"
                name="Assentric"/>
            <_x0031_0
                jcr:primaryType="nt:unstructured"
                countries="[GB]"
                name="Charles Stanley"/>
            <_x0032_0
                jcr:primaryType="nt:unstructured"
                countries="[GB]"
                name="Selftrade"/>
            <_x0032_5
                jcr:primaryType="nt:unstructured"
                countries="[GB]"
                name="Transact"/>
        </investmentPlatforms>
        <productLanguages jcr:primaryType="nt:unstructured">
            <de-de
                jcr:primaryType="nt:unstructured"
                shortDesc="Der Lazard Japanese Strategic Equity Fund strebt eine bessere Wertentwicklung als der TOPIX Index an. Dazu investiert er in ein Portfolio japanischer Aktien aus einem Universum von etwa 3.000 börsennotierten Aktien. Das Portfolio hält typischerweise zwischen 20-30 Wertpapiere aus dem gesamten Marktkapitalisierungsspektrum."/>
            <en-us
                jcr:primaryType="nt:unstructured"
                shortDesc="Lazard's Japanese Strategic Equity Fund seeks to outperform the TOPIX Index by investing in a portfolio of Japanese equities from a universe of approximately 3,000 listed stocks. The portfolio typically holds between 20-30 securities across the full market capitalization spectrum."/>
            <en-gb
                jcr:primaryType="nt:unstructured"
                shortDesc="Lazard's Japanese Strategic Equity Fund seeks to outperform the TOPIX Index by investing in a portfolio of Japanese equities from a universe of approximately 3,000 listed stocks. The portfolio typically holds between 20-30 securities across the full market capitalization spectrum."/>
        </productLanguages>
        <defaultShareClass
            jcr:primaryType="nt:unstructured"
            AT="{Long}6122"
            BE="{Long}7203"
            CH="{Long}964"
            DE="{Long}964"
            ES="{Long}6122"
            FR="{Long}6122"
            GB="{Long}964"
            IE="{Long}964"
            IT="{Long}7203"
            LU="{Long}6122"
            NL="{Long}6122"
            PT="{Long}6122"
            SG="{Long}6122"/>
        <pmTeamMembers jcr:primaryType="nt:unstructured">
            <_x0030_
                jcr:primaryType="nt:unstructured"
                bioId="{Long}944"
                firstName="June Yon"
                isLead="{Boolean}true"
                lastName="Kim"
                sortOrder="{Long}1"/>
            <_x0031_
                jcr:primaryType="nt:unstructured"
                bioId="{Long}693"
                firstName="Scott"
                isLead="{Boolean}false"
                lastName="Anderson"
                sortOrder="{Long}2"/>
            <_x0032_
                jcr:primaryType="nt:unstructured"
                bioId="{Long}35"
                firstName="Matthew"
                isLead="{Boolean}false"
                lastName="Bills"
                sortOrder="{Long}2"/>
        </pmTeamMembers>
        <shareClasses jcr:primaryType="nt:unstructured">
            <_x0039_64
                jcr:primaryType="nt:unstructured"
                annualManagementCharge="0.85%"
                apir="N/A"
                countries="[AT,BE,CH,DE,GB,IE,IT,LU,NL,XX]"
                currency="JPY"
                currencySymbol="¥"
                cusip="N/A"
                fundId="{Long}428"
                fundingStatus="Open"
                inceptionDate="2013-05-01"
                initialCharge="3.00%"
                isAuthorizedPending="{Boolean}false"
                isGLIF="{Boolean}false"
                isin="IE00B8JGVH80"
                isSMA="{Boolean}false"
                minimumInvestment="US$ 250,000"
                primaryBenchmark="TOPIX Index"
                sedol="B8JGVH8"
                ticker="LJSEYIA ID"
                title="A Acc JPY"
                valoren="21424433"
                vehicleId="{Long}17"
                vehicleName="UCITS (Ireland)"
                wknCd="A1187W">
                <professionalOnlyCountries
                    jcr:primaryType="nt:unstructured"
                    AT="{Boolean}false"
                    BE="{Boolean}false"
                    CH="{Boolean}false"
                    DE="{Boolean}false"
                    GB="{Boolean}false"
                    IE="{Boolean}false"
                    IT="{Boolean}false"
                    LU="{Boolean}false"
                    NL="{Boolean}false"/>
                <investmentPlatforms jcr:primaryType="nt:unstructured">
                    <_x0033_
                        jcr:primaryType="nt:unstructured"
                        countries="[GB]"
                        name="Allfunds"/>
                    <_x0037_
                        jcr:primaryType="nt:unstructured"
                        countries="[GB]"
                        name="Assentric"/>
                    <_x0031_0
                        jcr:primaryType="nt:unstructured"
                        countries="[GB]"
                        name="Charles Stanley"/>
                    <_x0032_0
                        jcr:primaryType="nt:unstructured"
                        countries="[GB]"
                        name="Selftrade"/>
                    <_x0032_5
                        jcr:primaryType="nt:unstructured"
                        countries="[GB]"
                        name="Transact"/>
                </investmentPlatforms>
            </_x0039_64>
            <_x0039_65
                jcr:primaryType="nt:unstructured"
                annualManagementCharge="0.85%"
                apir="N/A"
                countries="[CH,GB,IE,XX]"
                currency="GBP"
                currencySymbol="£"
                cusip="N/A"
                fundId="{Long}428"
                fundingStatus="Open"
                inceptionDate="2013-06-14"
                initialCharge="3.00%"
                isAuthorizedPending="{Boolean}false"
                isGLIF="{Boolean}false"
                isin="IE00B9CGMB34"
                isSMA="{Boolean}false"
                minimumInvestment="US$ 500"
                primaryBenchmark="TOPIX Index"
                sedol="B9CGMB3"
                ticker="LJSGHRD ID"
                title="C Dist GBP Hedged"
                valoren="21731913"
                vehicleId="{Long}17"
                vehicleName="UCITS (Ireland)"
                wknCd="N/A">
                <professionalOnlyCountries
                    jcr:primaryType="nt:unstructured"
                    CH="{Boolean}false"
                    GB="{Boolean}false"
                    IE="{Boolean}false"/>
                <investmentPlatforms jcr:primaryType="nt:unstructured">
                    <_x0033_
                        jcr:primaryType="nt:unstructured"
                        countries="[GB]"
                        name="Allfunds"/>
                    <_x0037_
                        jcr:primaryType="nt:unstructured"
                        countries="[GB]"
                        name="Assentric"/>
                    <_x0031_0
                        jcr:primaryType="nt:unstructured"
                        countries="[GB]"
                        name="Charles Stanley"/>
                    <_x0032_0
                        jcr:primaryType="nt:unstructured"
                        countries="[GB]"
                        name="Selftrade"/>
                    <_x0032_5
                        jcr:primaryType="nt:unstructured"
                        countries="[GB]"
                        name="Transact"/>
                </investmentPlatforms>
            </_x0039_65>
            <_x0032_056
                jcr:primaryType="nt:unstructured"
                annualManagementCharge="0.85%"
                apir="N/A"
                countries="[IE,XX]"
                currency="GBP"
                currencySymbol="£"
                cusip="N/A"
                fundId="{Long}428"
                fundingStatus="Authorized/Pending"
                initialCharge="3.00%"
                isAuthorizedPending="{Boolean}true"
                isGLIF="{Boolean}false"
                isin="IE00B7YHLR99"
                isSMA="{Boolean}false"
                minimumInvestment="US$ 500"
                primaryBenchmark="TOPIX Index"
                sedol="B7YHLR9"
                ticker="LJSGHRC ID"
                title="C Acc GBP Hedged"
                valoren="30711099"
                vehicleId="{Long}17"
                vehicleName="UCITS (Ireland)"
                wknCd="N/A">
                <professionalOnlyCountries
                    jcr:primaryType="nt:unstructured"
                    IE="{Boolean}false"/>
                <investmentPlatforms jcr:primaryType="nt:unstructured">
                    <_x0033_
                        jcr:primaryType="nt:unstructured"
                        countries="[GB]"
                        name="Allfunds"/>
                    <_x0037_
                        jcr:primaryType="nt:unstructured"
                        countries="[GB]"
                        name="Assentric"/>
                    <_x0031_0
                        jcr:primaryType="nt:unstructured"
                        countries="[GB]"
                        name="Charles Stanley"/>
                    <_x0032_0
                        jcr:primaryType="nt:unstructured"
                        countries="[GB]"
                        name="Selftrade"/>
                    <_x0032_5
                        jcr:primaryType="nt:unstructured"
                        countries="[GB]"
                        name="Transact"/>
                </investmentPlatforms>
            </_x0032_056>
            <_x0032_057
                jcr:primaryType="nt:unstructured"
                annualManagementCharge="0.85%"
                apir="N/A"
                countries="[IE,NL,XX]"
                currency="JPY"
                currencySymbol="¥"
                cusip="N/A"
                fundId="{Long}428"
                fundingStatus="Authorized/Pending"
                initialCharge="3.00%"
                isAuthorizedPending="{Boolean}true"
                isGLIF="{Boolean}false"
                isin="IE00B88VLD09"
                isSMA="{Boolean}false"
                minimumInvestment="US$ 250,000"
                primaryBenchmark="TOPIX Index"
                sedol="B88VLD0"
                ticker="LJSEYID ID"
                title="A Dist JPY"
                valoren="30710578"
                vehicleId="{Long}17"
                vehicleName="UCITS (Ireland)"
                wknCd="N/A">
                <professionalOnlyCountries
                    jcr:primaryType="nt:unstructured"
                    IE="{Boolean}false"
                    NL="{Boolean}false"/>
                <investmentPlatforms jcr:primaryType="nt:unstructured">
                    <_x0033_
                        jcr:primaryType="nt:unstructured"
                        countries="[GB]"
                        name="Allfunds"/>
                    <_x0037_
                        jcr:primaryType="nt:unstructured"
                        countries="[GB]"
                        name="Assentric"/>
                    <_x0031_0
                        jcr:primaryType="nt:unstructured"
                        countries="[GB]"
                        name="Charles Stanley"/>
                    <_x0032_0
                        jcr:primaryType="nt:unstructured"
                        countries="[GB]"
                        name="Selftrade"/>
                    <_x0032_5
                        jcr:primaryType="nt:unstructured"
                        countries="[GB]"
                        name="Transact"/>
                </investmentPlatforms>
            </_x0032_057>
            <_x0032_058
                jcr:primaryType="nt:unstructured"
                annualManagementCharge="0.85%"
                apir="N/A"
                countries="[CH,IE,XX,US]"
                currency="USD"
                currencySymbol="US$"
                cusip="G5S05B862"
                fundId="{Long}428"
                fundingStatus="Open"
                inceptionDate="2024-09-24"
                initialCharge="3.00%"
                isAuthorizedPending="{Boolean}false"
                isGLIF="{Boolean}false"
                isin="IE00B9DCY363"
                isSMA="{Boolean}false"
                minimumInvestment="US$ 250,000"
                primaryBenchmark="TOPIX Index"
                sedol="B9DCY36"
                ticker="LJSEUHA ID"
                title="A Acc USD Hedged"
                valoren="28014211"
                vehicleId="{Long}17"
                vehicleName="UCITS (Ireland)"
                wknCd="N/A">
                <professionalOnlyCountries
                    jcr:primaryType="nt:unstructured"
                    CH="{Boolean}false"
                    IE="{Boolean}false"/>
                <investmentPlatforms jcr:primaryType="nt:unstructured">
                    <_x0032_
                        jcr:primaryType="nt:unstructured"
                        countries="[CA,US]"
                        name="Pershing"/>
                    <_x0033_
                        jcr:primaryType="nt:unstructured"
                        countries="[GB]"
                        name="Allfunds"/>
                    <_x0037_
                        jcr:primaryType="nt:unstructured"
                        countries="[GB]"
                        name="Assentric"/>
                    <_x0031_0
                        jcr:primaryType="nt:unstructured"
                        countries="[GB]"
                        name="Charles Stanley"/>
                    <_x0032_0
                        jcr:primaryType="nt:unstructured"
                        countries="[GB]"
                        name="Selftrade"/>
                    <_x0032_5
                        jcr:primaryType="nt:unstructured"
                        countries="[GB]"
                        name="Transact"/>
                </investmentPlatforms>
            </_x0032_058>
            <_x0032_059
                jcr:primaryType="nt:unstructured"
                annualManagementCharge="0.85%"
                apir="N/A"
                countries="[CH,IE,XX,US]"
                currency="USD"
                currencySymbol="US$"
                cusip="G5S05B714"
                fundId="{Long}428"
                fundingStatus="Open"
                inceptionDate="2018-05-09"
                initialCharge="3.00%"
                isAuthorizedPending="{Boolean}false"
                isGLIF="{Boolean}false"
                isin="IE00B8N9P938"
                isSMA="{Boolean}false"
                minimumInvestment="US$ 250,000"
                primaryBenchmark="TOPIX Index"
                sedol="B8N9P93"
                ticker="LJSEUHD ID"
                title="A Dist USD Hedged"
                valoren="30711094"
                vehicleId="{Long}17"
                vehicleName="UCITS (Ireland)"
                wknCd="N/A">
                <professionalOnlyCountries
                    jcr:primaryType="nt:unstructured"
                    CH="{Boolean}false"
                    IE="{Boolean}false"/>
                <investmentPlatforms jcr:primaryType="nt:unstructured">
                    <_x0032_
                        jcr:primaryType="nt:unstructured"
                        countries="[CA,US]"
                        name="Pershing"/>
                    <_x0033_
                        jcr:primaryType="nt:unstructured"
                        countries="[GB]"
                        name="Allfunds"/>
                    <_x0037_
                        jcr:primaryType="nt:unstructured"
                        countries="[GB]"
                        name="Assentric"/>
                    <_x0031_0
                        jcr:primaryType="nt:unstructured"
                        countries="[GB]"
                        name="Charles Stanley"/>
                    <_x0032_0
                        jcr:primaryType="nt:unstructured"
                        countries="[GB]"
                        name="Selftrade"/>
                    <_x0032_5
                        jcr:primaryType="nt:unstructured"
                        countries="[GB]"
                        name="Transact"/>
                </investmentPlatforms>
            </_x0032_059>
            <_x0034_112
                jcr:primaryType="nt:unstructured"
                annualManagementCharge="0.85%"
                countries="[AT,BE,CH,DE,ES,IE,LU,PT,XX]"
                currency="EUR"
                currencySymbol="€"
                fundId="{Long}428"
                fundingStatus="Open"
                inceptionDate="2023-12-11"
                initialCharge="3.00%"
                isAuthorizedPending="{Boolean}false"
                isGLIF="{Boolean}false"
                isin="IE000S3KEVU6"
                isSMA="{Boolean}false"
                minimumInvestment="US$ 250,000"
                primaryBenchmark="TOPIX Index"
                sedol="BP0VJG"
                ticker="LAZJSEH ID"
                title="A Acc EUR Hedged"
                vehicleId="{Long}17"
                vehicleName="UCITS (Ireland)"
                wknCd="A404QM">
                <professionalOnlyCountries
                    jcr:primaryType="nt:unstructured"
                    AT="{Boolean}false"
                    BE="{Boolean}false"
                    CH="{Boolean}false"
                    DE="{Boolean}false"
                    ES="{Boolean}false"
                    IE="{Boolean}false"
                    LU="{Boolean}false"
                    PT="{Boolean}false"/>
                <investmentPlatforms jcr:primaryType="nt:unstructured">
                    <_x0033_
                        jcr:primaryType="nt:unstructured"
                        countries="[GB]"
                        name="Allfunds"/>
                    <_x0037_
                        jcr:primaryType="nt:unstructured"
                        countries="[GB]"
                        name="Assentric"/>
                    <_x0031_0
                        jcr:primaryType="nt:unstructured"
                        countries="[GB]"
                        name="Charles Stanley"/>
                    <_x0032_0
                        jcr:primaryType="nt:unstructured"
                        countries="[GB]"
                        name="Selftrade"/>
                    <_x0032_5
                        jcr:primaryType="nt:unstructured"
                        countries="[GB]"
                        name="Transact"/>
                </investmentPlatforms>
            </_x0034_112>
            <_x0034_113
                jcr:primaryType="nt:unstructured"
                annualManagementCharge="0.85%"
                countries="[AT,DE,IE,XX]"
                currency="EUR"
                currencySymbol="€"
                fundId="{Long}428"
                fundingStatus="Authorized/Pending"
                initialCharge="3.00%"
                isAuthorizedPending="{Boolean}true"
                isGLIF="{Boolean}false"
                isin="IE0008DNBYB4"
                isSMA="{Boolean}false"
                minimumInvestment="US$ 250,000"
                primaryBenchmark="TOPIX Index"
                sedol="BN45QQ9"
                ticker="LAZJSAE ID"
                title="A Dist EUR Hedged"
                valoren="128513711"
                vehicleId="{Long}17"
                vehicleName="UCITS (Ireland)"
                wknCd="A3ETCC">
                <professionalOnlyCountries
                    jcr:primaryType="nt:unstructured"
                    AT="{Boolean}false"
                    DE="{Boolean}false"
                    IE="{Boolean}false"/>
                <investmentPlatforms jcr:primaryType="nt:unstructured">
                    <_x0033_
                        jcr:primaryType="nt:unstructured"
                        countries="[GB]"
                        name="Allfunds"/>
                    <_x0037_
                        jcr:primaryType="nt:unstructured"
                        countries="[GB]"
                        name="Assentric"/>
                    <_x0031_0
                        jcr:primaryType="nt:unstructured"
                        countries="[GB]"
                        name="Charles Stanley"/>
                    <_x0032_0
                        jcr:primaryType="nt:unstructured"
                        countries="[GB]"
                        name="Selftrade"/>
                    <_x0032_5
                        jcr:primaryType="nt:unstructured"
                        countries="[GB]"
                        name="Transact"/>
                </investmentPlatforms>
            </_x0034_113>
            <_x0034_114
                jcr:primaryType="nt:unstructured"
                annualManagementCharge="1.50%"
                countries="[BE,ES,IE,IT,LU,PT,XX]"
                currency="EUR"
                currencySymbol="€"
                fundId="{Long}428"
                fundingStatus="Open"
                inceptionDate="2024-05-10"
                initialCharge="5.00%"
                isAuthorizedPending="{Boolean}false"
                isGLIF="{Boolean}false"
                isin="IE000S1JLOI7"
                isSMA="{Boolean}false"
                minimumInvestment="US$ 500"
                primaryBenchmark="TOPIX Index"
                sedol="BP0VJH7"
                ticker="LAZJSBE ID"
                title="B Acc EUR Hedged"
                vehicleId="{Long}17"
                vehicleName="UCITS (Ireland)">
                <professionalOnlyCountries
                    jcr:primaryType="nt:unstructured"
                    BE="{Boolean}false"
                    ES="{Boolean}false"
                    IE="{Boolean}false"
                    IT="{Boolean}false"
                    LU="{Boolean}false"
                    PT="{Boolean}false"/>
                <investmentPlatforms jcr:primaryType="nt:unstructured">
                    <_x0033_
                        jcr:primaryType="nt:unstructured"
                        countries="[GB]"
                        name="Allfunds"/>
                    <_x0037_
                        jcr:primaryType="nt:unstructured"
                        countries="[GB]"
                        name="Assentric"/>
                    <_x0031_0
                        jcr:primaryType="nt:unstructured"
                        countries="[GB]"
                        name="Charles Stanley"/>
                    <_x0032_0
                        jcr:primaryType="nt:unstructured"
                        countries="[GB]"
                        name="Selftrade"/>
                    <_x0032_5
                        jcr:primaryType="nt:unstructured"
                        countries="[GB]"
                        name="Transact"/>
                </investmentPlatforms>
            </_x0034_114>
            <_x0034_118
                jcr:primaryType="nt:unstructured"
                annualManagementCharge="0.50%"
                countries="[CH,GB,IE,XX]"
                currency="GBP"
                currencySymbol="£"
                fundId="{Long}428"
                fundingStatus="Open"
                inceptionDate="2022-03-30"
                initialCharge="3.00%"
                isAuthorizedPending="{Boolean}false"
                isGLIF="{Boolean}false"
                isin="IE000GISCG76"
                isSMA="{Boolean}false"
                minimumInvestment="US$ 500"
                primaryBenchmark="TOPIX Index"
                sedol="BLFJRM9"
                ticker="LAJSEEG ID"
                title="EA Acc GBP"
                valoren="117812504"
                vehicleId="{Long}17"
                vehicleName="UCITS (Ireland)"
                wknCd="A3DH51">
                <professionalOnlyCountries
                    jcr:primaryType="nt:unstructured"
                    CH="{Boolean}false"
                    GB="{Boolean}false"
                    IE="{Boolean}false"/>
                <investmentPlatforms jcr:primaryType="nt:unstructured">
                    <_x0033_
                        jcr:primaryType="nt:unstructured"
                        countries="[GB]"
                        name="Allfunds"/>
                    <_x0037_
                        jcr:primaryType="nt:unstructured"
                        countries="[GB]"
                        name="Assentric"/>
                    <_x0031_0
                        jcr:primaryType="nt:unstructured"
                        countries="[GB]"
                        name="Charles Stanley"/>
                    <_x0032_0
                        jcr:primaryType="nt:unstructured"
                        countries="[GB]"
                        name="Selftrade"/>
                    <_x0032_5
                        jcr:primaryType="nt:unstructured"
                        countries="[GB]"
                        name="Transact"/>
                </investmentPlatforms>
            </_x0034_118>
            <_x0034_119
                jcr:primaryType="nt:unstructured"
                annualManagementCharge="0.50%"
                countries="[CH,GB,IE,XX]"
                currency="GBP"
                currencySymbol="£"
                fundId="{Long}428"
                fundingStatus="Open"
                inceptionDate="2022-03-30"
                initialCharge="3.00%"
                isAuthorizedPending="{Boolean}false"
                isGLIF="{Boolean}false"
                isin="IE000Q3AWCM8"
                isSMA="{Boolean}false"
                minimumInvestment="US$ 500"
                primaryBenchmark="TOPIX Index"
                sedol="BLFJRN0"
                ticker="LAJSEEI ID"
                title="EA Dist GBP"
                valoren="117817506"
                vehicleId="{Long}17"
                vehicleName="UCITS (Ireland)"
                wknCd="A3DH52">
                <professionalOnlyCountries
                    jcr:primaryType="nt:unstructured"
                    CH="{Boolean}false"
                    GB="{Boolean}false"
                    IE="{Boolean}false"/>
                <investmentPlatforms jcr:primaryType="nt:unstructured">
                    <_x0033_
                        jcr:primaryType="nt:unstructured"
                        countries="[GB]"
                        name="Allfunds"/>
                    <_x0037_
                        jcr:primaryType="nt:unstructured"
                        countries="[GB]"
                        name="Assentric"/>
                    <_x0031_0
                        jcr:primaryType="nt:unstructured"
                        countries="[GB]"
                        name="Charles Stanley"/>
                    <_x0032_0
                        jcr:primaryType="nt:unstructured"
                        countries="[GB]"
                        name="Selftrade"/>
                    <_x0032_5
                        jcr:primaryType="nt:unstructured"
                        countries="[GB]"
                        name="Transact"/>
                </investmentPlatforms>
            </_x0034_119>
            <_x0034_120
                jcr:primaryType="nt:unstructured"
                annualManagementCharge="0.85%"
                countries="[GB,XX]"
                currency="GBP"
                currencySymbol="£"
                fundId="{Long}428"
                fundingStatus="Open"
                inceptionDate="2024-10-17"
                initialCharge="3.00%"
                isAuthorizedPending="{Boolean}false"
                isGLIF="{Boolean}false"
                isin="IE000N8MAQ00"
                isSMA="{Boolean}false"
                minimumInvestment="US$ 500"
                primaryBenchmark="TOPIX Index"
                sedol="BT8R8W3"
                ticker="LZJPSCG ID"
                title="C Acc GBP"
                valoren="139063624"
                vehicleId="{Long}17"
                vehicleName="UCITS (Ireland)">
                <professionalOnlyCountries
                    jcr:primaryType="nt:unstructured"
                    GB="{Boolean}false"/>
                <investmentPlatforms jcr:primaryType="nt:unstructured">
                    <_x0033_
                        jcr:primaryType="nt:unstructured"
                        countries="[GB]"
                        name="Allfunds"/>
                    <_x0037_
                        jcr:primaryType="nt:unstructured"
                        countries="[GB]"
                        name="Assentric"/>
                    <_x0031_0
                        jcr:primaryType="nt:unstructured"
                        countries="[GB]"
                        name="Charles Stanley"/>
                    <_x0032_0
                        jcr:primaryType="nt:unstructured"
                        countries="[GB]"
                        name="Selftrade"/>
                    <_x0032_5
                        jcr:primaryType="nt:unstructured"
                        countries="[GB]"
                        name="Transact"/>
                </investmentPlatforms>
            </_x0034_120>
            <_x0034_121
                jcr:primaryType="nt:unstructured"
                annualManagementCharge="0.85%"
                countries="[GB,XX]"
                currency="GBP"
                currencySymbol="£"
                fundId="{Long}428"
                fundingStatus="Open"
                inceptionDate="2024-10-17"
                initialCharge="3.00%"
                isAuthorizedPending="{Boolean}false"
                isGLIF="{Boolean}false"
                isin="IE000X7EA371"
                isSMA="{Boolean}false"
                minimumInvestment="US$ 500"
                primaryBenchmark="TOPIX Index"
                sedol="BT8R9B9"
                ticker="LAJPSCG ID"
                title="C Dist GBP"
                valoren="139063628"
                vehicleId="{Long}17"
                vehicleName="UCITS (Ireland)">
                <professionalOnlyCountries
                    jcr:primaryType="nt:unstructured"
                    GB="{Boolean}false"/>
                <investmentPlatforms jcr:primaryType="nt:unstructured">
                    <_x0033_
                        jcr:primaryType="nt:unstructured"
                        countries="[GB]"
                        name="Allfunds"/>
                    <_x0037_
                        jcr:primaryType="nt:unstructured"
                        countries="[GB]"
                        name="Assentric"/>
                    <_x0031_0
                        jcr:primaryType="nt:unstructured"
                        countries="[GB]"
                        name="Charles Stanley"/>
                    <_x0032_0
                        jcr:primaryType="nt:unstructured"
                        countries="[GB]"
                        name="Selftrade"/>
                    <_x0032_5
                        jcr:primaryType="nt:unstructured"
                        countries="[GB]"
                        name="Transact"/>
                </investmentPlatforms>
            </_x0034_121>
            <_x0034_781
                jcr:primaryType="nt:unstructured"
                annualManagementCharge="0.50%"
                countries="[AT,CH,GB,IE,XX]"
                currency="JPY"
                currencySymbol="¥"
                fundId="{Long}428"
                fundingStatus="Open"
                inceptionDate="2023-05-25"
                initialCharge="3.00%"
                isAuthorizedPending="{Boolean}false"
                isGLIF="{Boolean}false"
                isin="IE000UTYHEP1"
                isSMA="{Boolean}false"
                minimumInvestment="US$ 500"
                primaryBenchmark="TOPIX Index"
                ticker="LZRDFHS ID"
                title="EA Acc JPY"
                valoren="125881307"
                vehicleId="{Long}17"
                vehicleName="UCITS (Ireland)">
                <professionalOnlyCountries
                    jcr:primaryType="nt:unstructured"
                    AT="{Boolean}false"
                    CH="{Boolean}false"
                    GB="{Boolean}false"
                    IE="{Boolean}false"/>
                <investmentPlatforms jcr:primaryType="nt:unstructured">
                    <_x0033_
                        jcr:primaryType="nt:unstructured"
                        countries="[GB]"
                        name="Allfunds"/>
                    <_x0037_
                        jcr:primaryType="nt:unstructured"
                        countries="[GB]"
                        name="Assentric"/>
                    <_x0031_0
                        jcr:primaryType="nt:unstructured"
                        countries="[GB]"
                        name="Charles Stanley"/>
                    <_x0032_0
                        jcr:primaryType="nt:unstructured"
                        countries="[GB]"
                        name="Selftrade"/>
                    <_x0032_5
                        jcr:primaryType="nt:unstructured"
                        countries="[GB]"
                        name="Transact"/>
                </investmentPlatforms>
            </_x0034_781>
            <_x0035_938
                jcr:primaryType="nt:unstructured"
                annualManagementCharge="0.85%"
                countries="[BE,CH,ES,FR,IE,IT,LU,PT,XX]"
                currency="EUR"
                currencySymbol="€"
                fundId="{Long}428"
                fundingStatus="Open"
                inceptionDate="2023-12-11"
                initialCharge="3.00%"
                isAuthorizedPending="{Boolean}false"
                isGLIF="{Boolean}false"
                isin="IE0006IUT4D4"
                isSMA="{Boolean}false"
                minimumInvestment="US$ 500"
                primaryBenchmark="TOPIX Index"
                ticker="LAZSTCE ID"
                title="C Acc EUR Hedged"
                valoren="127507944"
                vehicleId="{Long}17"
                vehicleName="UCITS (Ireland)">
                <professionalOnlyCountries
                    jcr:primaryType="nt:unstructured"
                    BE="{Boolean}false"
                    CH="{Boolean}false"
                    ES="{Boolean}false"
                    FR="{Boolean}false"
                    IE="{Boolean}false"
                    IT="{Boolean}false"
                    LU="{Boolean}false"
                    PT="{Boolean}false"/>
                <investmentPlatforms jcr:primaryType="nt:unstructured">
                    <_x0033_
                        jcr:primaryType="nt:unstructured"
                        countries="[GB]"
                        name="Allfunds"/>
                    <_x0037_
                        jcr:primaryType="nt:unstructured"
                        countries="[GB]"
                        name="Assentric"/>
                    <_x0031_0
                        jcr:primaryType="nt:unstructured"
                        countries="[GB]"
                        name="Charles Stanley"/>
                    <_x0032_0
                        jcr:primaryType="nt:unstructured"
                        countries="[GB]"
                        name="Selftrade"/>
                    <_x0032_5
                        jcr:primaryType="nt:unstructured"
                        countries="[GB]"
                        name="Transact"/>
                </investmentPlatforms>
            </_x0035_938>
            <_x0036_121
                jcr:primaryType="nt:unstructured"
                annualManagementCharge="0.85%"
                countries="[CH,IE,XX,US]"
                currency="USD"
                currencySymbol="US$"
                cusip="G5S05F194"
                fundId="{Long}428"
                fundingStatus="Open"
                inceptionDate="2018-05-09"
                initialCharge="3.00%"
                isAuthorizedPending="{Boolean}false"
                isGLIF="{Boolean}false"
                isin="IE00BG02Q981"
                isSMA="{Boolean}false"
                minimumInvestment="US$ 250,000"
                primaryBenchmark="TOPIX Index"
                sedol="BG02Q98"
                ticker="LJSEADU ID"
                title="A Dist USD"
                valoren="41815500"
                vehicleId="{Long}17"
                vehicleName="UCITS (Ireland)">
                <professionalOnlyCountries
                    jcr:primaryType="nt:unstructured"
                    CH="{Boolean}false"
                    IE="{Boolean}false"/>
                <investmentPlatforms jcr:primaryType="nt:unstructured">
                    <_x0032_
                        jcr:primaryType="nt:unstructured"
                        countries="[CA,US]"
                        name="Pershing"/>
                    <_x0033_
                        jcr:primaryType="nt:unstructured"
                        countries="[GB]"
                        name="Allfunds"/>
                    <_x0037_
                        jcr:primaryType="nt:unstructured"
                        countries="[GB]"
                        name="Assentric"/>
                    <_x0031_0
                        jcr:primaryType="nt:unstructured"
                        countries="[GB]"
                        name="Charles Stanley"/>
                    <_x0032_0
                        jcr:primaryType="nt:unstructured"
                        countries="[GB]"
                        name="Selftrade"/>
                    <_x0032_5
                        jcr:primaryType="nt:unstructured"
                        countries="[GB]"
                        name="Transact"/>
                </investmentPlatforms>
            </_x0036_121>
            <_x0036_122
                jcr:primaryType="nt:unstructured"
                annualManagementCharge="0.85%"
                countries="[CH,FR,IE,XX,US]"
                currency="USD"
                currencySymbol="US$"
                cusip="G5S05F269"
                fundId="{Long}428"
                fundingStatus="Open"
                inceptionDate="2018-05-09"
                initialCharge="3.00%"
                isAuthorizedPending="{Boolean}false"
                isGLIF="{Boolean}false"
                isin="IE00BG02QB08"
                isSMA="{Boolean}false"
                minimumInvestment="US$ 250,000"
                primaryBenchmark="TOPIX Index"
                sedol="BG02QB0"
                ticker="LJSEAAU ID"
                title="A Acc USD"
                valoren="41815506"
                vehicleId="{Long}17"
                vehicleName="UCITS (Ireland)">
                <professionalOnlyCountries
                    jcr:primaryType="nt:unstructured"
                    CH="{Boolean}false"
                    FR="{Boolean}false"
                    IE="{Boolean}false"/>
                <investmentPlatforms jcr:primaryType="nt:unstructured">
                    <_x0032_
                        jcr:primaryType="nt:unstructured"
                        countries="[CA,US]"
                        name="Pershing"/>
                    <_x0033_
                        jcr:primaryType="nt:unstructured"
                        countries="[GB]"
                        name="Allfunds"/>
                    <_x0037_
                        jcr:primaryType="nt:unstructured"
                        countries="[GB]"
                        name="Assentric"/>
                    <_x0031_0
                        jcr:primaryType="nt:unstructured"
                        countries="[GB]"
                        name="Charles Stanley"/>
                    <_x0032_0
                        jcr:primaryType="nt:unstructured"
                        countries="[GB]"
                        name="Selftrade"/>
                    <_x0032_5
                        jcr:primaryType="nt:unstructured"
                        countries="[GB]"
                        name="Transact"/>
                </investmentPlatforms>
            </_x0036_122>
            <_x0036_123
                jcr:primaryType="nt:unstructured"
                annualManagementCharge="1.75%"
                countries="[CH,IE,XX,US]"
                currency="USD"
                currencySymbol="US$"
                cusip="G5S05F210"
                fundId="{Long}428"
                fundingStatus="Open"
                inceptionDate="2018-05-09"
                initialCharge="5.00%"
                isAuthorizedPending="{Boolean}false"
                isGLIF="{Boolean}false"
                isin="IE00BG02QC15"
                isSMA="{Boolean}false"
                minimumInvestment="US$ 500"
                primaryBenchmark="TOPIX Index"
                sedol="BG02QC1"
                ticker="LJSEBPD ID"
                title="BP Dist USD"
                valoren="41815519"
                vehicleId="{Long}17"
                vehicleName="UCITS (Ireland)">
                <professionalOnlyCountries
                    jcr:primaryType="nt:unstructured"
                    CH="{Boolean}false"
                    IE="{Boolean}false"/>
                <investmentPlatforms jcr:primaryType="nt:unstructured">
                    <_x0032_
                        jcr:primaryType="nt:unstructured"
                        countries="[CA,US]"
                        name="Pershing"/>
                    <_x0033_
                        jcr:primaryType="nt:unstructured"
                        countries="[GB]"
                        name="Allfunds"/>
                    <_x0037_
                        jcr:primaryType="nt:unstructured"
                        countries="[GB]"
                        name="Assentric"/>
                    <_x0031_0
                        jcr:primaryType="nt:unstructured"
                        countries="[GB]"
                        name="Charles Stanley"/>
                    <_x0032_0
                        jcr:primaryType="nt:unstructured"
                        countries="[GB]"
                        name="Selftrade"/>
                    <_x0032_5
                        jcr:primaryType="nt:unstructured"
                        countries="[GB]"
                        name="Transact"/>
                </investmentPlatforms>
            </_x0036_123>
            <_x0036_124
                jcr:primaryType="nt:unstructured"
                annualManagementCharge="1.75%"
                countries="[CH,IE,XX,US]"
                currency="USD"
                currencySymbol="US$"
                cusip="G5S05F228"
                fundId="{Long}428"
                fundingStatus="Open"
                inceptionDate="2018-05-09"
                initialCharge="5.00%"
                isAuthorizedPending="{Boolean}false"
                isGLIF="{Boolean}false"
                isin="IE00BG02QD22"
                isSMA="{Boolean}false"
                minimumInvestment="US$ 500"
                primaryBenchmark="TOPIX Index"
                sedol="BG02QD2"
                ticker="LJSEBPU ID"
                title="BP Acc USD"
                valoren="41815521"
                vehicleId="{Long}17"
                vehicleName="UCITS (Ireland)">
                <professionalOnlyCountries
                    jcr:primaryType="nt:unstructured"
                    CH="{Boolean}false"
                    IE="{Boolean}false"/>
                <investmentPlatforms jcr:primaryType="nt:unstructured">
                    <_x0032_
                        jcr:primaryType="nt:unstructured"
                        countries="[CA,US]"
                        name="Pershing"/>
                    <_x0033_
                        jcr:primaryType="nt:unstructured"
                        countries="[GB]"
                        name="Allfunds"/>
                    <_x0037_
                        jcr:primaryType="nt:unstructured"
                        countries="[GB]"
                        name="Assentric"/>
                    <_x0031_0
                        jcr:primaryType="nt:unstructured"
                        countries="[GB]"
                        name="Charles Stanley"/>
                    <_x0032_0
                        jcr:primaryType="nt:unstructured"
                        countries="[GB]"
                        name="Selftrade"/>
                    <_x0032_5
                        jcr:primaryType="nt:unstructured"
                        countries="[GB]"
                        name="Transact"/>
                </investmentPlatforms>
            </_x0036_124>
            <_x0036_125
                jcr:primaryType="nt:unstructured"
                annualManagementCharge="1.75%"
                countries="[CH,IE,XX,US]"
                currency="USD"
                currencySymbol="US$"
                cusip="G5S05F236"
                fundId="{Long}428"
                fundingStatus="Open"
                inceptionDate="2018-05-09"
                initialCharge="5.00%"
                isAuthorizedPending="{Boolean}false"
                isGLIF="{Boolean}false"
                isin="IE00BG02QF46"
                isSMA="{Boolean}false"
                minimumInvestment="US$ 500"
                primaryBenchmark="TOPIX Index"
                sedol="BG02QF4"
                ticker="LJSBPDH ID"
                title="BP Dist USD Hedged"
                valoren="41815522"
                vehicleId="{Long}17"
                vehicleName="UCITS (Ireland)">
                <professionalOnlyCountries
                    jcr:primaryType="nt:unstructured"
                    CH="{Boolean}false"
                    IE="{Boolean}false"/>
                <investmentPlatforms jcr:primaryType="nt:unstructured">
                    <_x0032_
                        jcr:primaryType="nt:unstructured"
                        countries="[CA,US]"
                        name="Pershing"/>
                    <_x0033_
                        jcr:primaryType="nt:unstructured"
                        countries="[GB]"
                        name="Allfunds"/>
                    <_x0037_
                        jcr:primaryType="nt:unstructured"
                        countries="[GB]"
                        name="Assentric"/>
                    <_x0031_0
                        jcr:primaryType="nt:unstructured"
                        countries="[GB]"
                        name="Charles Stanley"/>
                    <_x0032_0
                        jcr:primaryType="nt:unstructured"
                        countries="[GB]"
                        name="Selftrade"/>
                    <_x0032_5
                        jcr:primaryType="nt:unstructured"
                        countries="[GB]"
                        name="Transact"/>
                </investmentPlatforms>
            </_x0036_125>
            <_x0036_126
                jcr:primaryType="nt:unstructured"
                annualManagementCharge="1.75%"
                countries="[CH,IE,XX,US]"
                currency="USD"
                currencySymbol="US$"
                cusip="G5S05F244"
                fundId="{Long}428"
                fundingStatus="Open"
                inceptionDate="2018-05-09"
                initialCharge="5.00%"
                isAuthorizedPending="{Boolean}false"
                isGLIF="{Boolean}false"
                isin="IE00BG02QG52"
                isSMA="{Boolean}false"
                minimumInvestment="US$ 500"
                primaryBenchmark="TOPIX Index"
                sedol="BG02QG5"
                ticker="LJSEBPH ID"
                title="BP Acc USD Hedged"
                valoren="41815524"
                vehicleId="{Long}17"
                vehicleName="UCITS (Ireland)">
                <professionalOnlyCountries
                    jcr:primaryType="nt:unstructured"
                    CH="{Boolean}false"
                    IE="{Boolean}false"/>
                <investmentPlatforms jcr:primaryType="nt:unstructured">
                    <_x0032_
                        jcr:primaryType="nt:unstructured"
                        countries="[CA,US]"
                        name="Pershing"/>
                    <_x0033_
                        jcr:primaryType="nt:unstructured"
                        countries="[GB]"
                        name="Allfunds"/>
                    <_x0037_
                        jcr:primaryType="nt:unstructured"
                        countries="[GB]"
                        name="Assentric"/>
                    <_x0031_0
                        jcr:primaryType="nt:unstructured"
                        countries="[GB]"
                        name="Charles Stanley"/>
                    <_x0032_0
                        jcr:primaryType="nt:unstructured"
                        countries="[GB]"
                        name="Selftrade"/>
                    <_x0032_5
                        jcr:primaryType="nt:unstructured"
                        countries="[GB]"
                        name="Transact"/>
                </investmentPlatforms>
            </_x0036_126>
            <_x0037_203
                jcr:primaryType="nt:unstructured"
                annualManagementCharge="0.85%"
                countries="[AT,BE,CH,DE,ES,FR,IE,IT,LU,NL,PT,XX]"
                currency="EUR"
                currencySymbol="€"
                fundId="{Long}428"
                fundingStatus="Open"
                inceptionDate="2023-12-11"
                initialCharge="3.00%"
                isAuthorizedPending="{Boolean}false"
                isGLIF="{Boolean}false"
                isin="IE00BGPBV393"
                isSMA="{Boolean}false"
                minimumInvestment="US$ 250,000"
                primaryBenchmark="TOPIX Index"
                sedol="BGPBV39"
                ticker="LAZAAER ID"
                title="A Acc EUR"
                valoren="48567136"
                vehicleId="{Long}17"
                vehicleName="UCITS (Ireland)"
                wknCd="A3ETCB">
                <professionalOnlyCountries
                    jcr:primaryType="nt:unstructured"
                    AT="{Boolean}false"
                    BE="{Boolean}false"
                    CH="{Boolean}false"
                    DE="{Boolean}false"
                    ES="{Boolean}false"
                    FR="{Boolean}false"
                    IE="{Boolean}false"
                    IT="{Boolean}false"
                    LU="{Boolean}false"
                    NL="{Boolean}false"
                    PT="{Boolean}false"/>
            </_x0037_203>
            <_x0037_204
                jcr:primaryType="nt:unstructured"
                annualManagementCharge="0.00%"
                countries="[ES,IE,PT,XX]"
                currency="EUR"
                currencySymbol="€"
                fundId="{Long}428"
                fundingStatus="Authorized/Pending"
                initialCharge="0.00%"
                isAuthorizedPending="{Boolean}true"
                isGLIF="{Boolean}false"
                isin="IE00BGPBV401"
                isSMA="{Boolean}false"
                minimumInvestment="US$ 1,000,000"
                primaryBenchmark="TOPIX Index"
                sedol="BGPBV40"
                title="X Acc EUR"
                valoren="48567019"
                vehicleId="{Long}17"
                vehicleName="UCITS (Ireland)">
                <professionalOnlyCountries
                    jcr:primaryType="nt:unstructured"
                    ES="{Boolean}false"
                    IE="{Boolean}false"
                    PT="{Boolean}false"/>
            </_x0037_204>
            <_x0037_313
                jcr:primaryType="nt:unstructured"
                annualManagementCharge="0.85%"
                countries="[IE,XX]"
                currency="CHF"
                fundId="{Long}428"
                fundingStatus="Authorized/Pending"
                initialCharge="5.00%"
                isAuthorizedPending="{Boolean}true"
                isGLIF="{Boolean}false"
                isSMA="{Boolean}false"
                minimumInvestment="US$ 250,000"
                primaryBenchmark="TOPIX Index"
                title="A Acc CHF"
                vehicleId="{Long}17"
                vehicleName="UCITS (Ireland)">
                <professionalOnlyCountries
                    jcr:primaryType="nt:unstructured"
                    IE="{Boolean}false"/>
            </_x0037_313>
            <_x0037_325
                jcr:primaryType="nt:unstructured"
                annualManagementCharge="0.00%"
                countries="[GB,IE,XX]"
                currency="USD"
                currencySymbol="US$"
                fundId="{Long}428"
                fundingStatus="Open"
                inceptionDate="2019-04-04"
                initialCharge="0.00%"
                isAuthorizedPending="{Boolean}false"
                isGLIF="{Boolean}false"
                isin="IE00BHSRPJ58"
                isSMA="{Boolean}false"
                minimumInvestment="US$ 1,000,000"
                primaryBenchmark="TOPIX Index"
                sedol="BHSRPJ5"
                title="M Acc USD"
                valoren="48034998"
                vehicleId="{Long}17"
                vehicleName="UCITS (Ireland)">
                <professionalOnlyCountries
                    jcr:primaryType="nt:unstructured"
                    GB="{Boolean}false"
                    IE="{Boolean}false"/>
            </_x0037_325>
            <_x0031_4161
                jcr:primaryType="nt:unstructured"
                countries="[CH,GB,IE,XX]"
                currency="GBP"
                currencySymbol="£"
                fundId="{Long}428"
                fundingStatus="Open"
                inceptionDate="2023-09-26"
                initialCharge="3.00%"
                isAuthorizedPending="{Boolean}false"
                isGLIF="{Boolean}false"
                isin="IE0003DBY3T6"
                isSMA="{Boolean}false"
                minimumInvestment="US$ 250,000"
                sedol="BKPJJN7"
                ticker="LZRDAAC ID"
                title="A Acc GBP"
                valoren="129895405"
                vehicleId="{Long}17"
                vehicleName="UCITS (Ireland)">
                <professionalOnlyCountries
                    jcr:primaryType="nt:unstructured"
                    CH="{Boolean}false"
                    GB="{Boolean}false"
                    IE="{Boolean}false"/>
            </_x0031_4161>
            <_x0031_4163
                jcr:primaryType="nt:unstructured"
                countries="[GB,IE,XX]"
                currency="GBP"
                currencySymbol="£"
                fundId="{Long}428"
                fundingStatus="Authorized/Pending"
                initialCharge="3.00%"
                isAuthorizedPending="{Boolean}true"
                isGLIF="{Boolean}false"
                isin="IE0005JMEAN8"
                isSMA="{Boolean}false"
                minimumInvestment="US$ 250,000"
                sedol="BKPJJM6"
                ticker="LZRDAFB ID"
                title="A Dist GBP"
                vehicleId="{Long}17"
                vehicleName="UCITS (Ireland)">
                <professionalOnlyCountries
                    jcr:primaryType="nt:unstructured"
                    GB="{Boolean}false"
                    IE="{Boolean}false"/>
            </_x0031_4163>
            <_x0031_4361
                jcr:primaryType="nt:unstructured"
                countries="[IE,NL,XX]"
                currency="EUR"
                currencySymbol="€"
                fundId="{Long}428"
                fundingStatus="Authorized/Pending"
                initialCharge="3.00%"
                isAuthorizedPending="{Boolean}true"
                isGLIF="{Boolean}false"
                isin="IE000XLN5JR4"
                isSMA="{Boolean}false"
                minimumInvestment="US$ 250,000"
                primaryBenchmark="TOPIX Index"
                ticker="LZJPSAE ID"
                title="A Dist EUR"
                valoren="134599762"
                vehicleId="{Long}17"
                vehicleName="UCITS (Ireland)">
                <professionalOnlyCountries
                    jcr:primaryType="nt:unstructured"
                    IE="{Boolean}false"
                    NL="{Boolean}false"/>
            </_x0031_4361>
            <_x0031_4362
                jcr:primaryType="nt:unstructured"
                countries="[ES,IE,PT,XX]"
                currency="EUR"
                currencySymbol="€"
                fundId="{Long}428"
                fundingStatus="Open"
                inceptionDate="2024-04-08"
                initialCharge="3.00%"
                isAuthorizedPending="{Boolean}false"
                isGLIF="{Boolean}false"
                isin="IE000CPJ2OQ0"
                isSMA="{Boolean}false"
                minimumInvestment="US$ 500"
                primaryBenchmark="TOPIX Index"
                sedol="BSB8CH9"
                ticker="LZJPSEE ID"
                title="EA Acc EUR"
                valoren="134627954"
                vehicleId="{Long}17"
                vehicleName="UCITS (Ireland)">
                <professionalOnlyCountries
                    jcr:primaryType="nt:unstructured"
                    ES="{Boolean}false"
                    IE="{Boolean}false"
                    PT="{Boolean}false"/>
            </_x0031_4362>
            <_x0031_4363
                jcr:primaryType="nt:unstructured"
                countries="[ES,IE,PT,XX]"
                currency="EUR"
                currencySymbol="€"
                fundId="{Long}428"
                fundingStatus="Open"
                inceptionDate="2024-05-07"
                initialCharge="3.00%"
                isAuthorizedPending="{Boolean}false"
                isGLIF="{Boolean}false"
                isin="IE0008NZAZR2"
                isSMA="{Boolean}false"
                minimumInvestment="US$ 500"
                primaryBenchmark="TOPIX Index"
                ticker="LZJPSEH ID"
                title="EA Acc EUR Hedged"
                valoren="134588486"
                vehicleId="{Long}17"
                vehicleName="UCITS (Ireland)">
                <professionalOnlyCountries
                    jcr:primaryType="nt:unstructured"
                    ES="{Boolean}false"
                    IE="{Boolean}false"
                    PT="{Boolean}false"/>
            </_x0031_4363>
            <_x0031_4401
                jcr:primaryType="nt:unstructured"
                countries="[BE,IE,IT,LU,XX]"
                currency="EUR"
                currencySymbol="€"
                fundId="{Long}428"
                fundingStatus="Open"
                inceptionDate="2024-06-28"
                initialCharge="5.00%"
                isAuthorizedPending="{Boolean}false"
                isGLIF="{Boolean}false"
                isin="IE00011D17R1"
                isSMA="{Boolean}false"
                minimumInvestment="US$ 500"
                sedol="BT19666"
                ticker="LAJSBAE ID"
                title="B Acc EUR"
                valoren="136544414"
                vehicleId="{Long}17"
                vehicleName="UCITS (Ireland)">
                <professionalOnlyCountries
                    jcr:primaryType="nt:unstructured"
                    BE="{Boolean}false"
                    IE="{Boolean}false"
                    IT="{Boolean}false"
                    LU="{Boolean}false"/>
                <investmentPlatforms jcr:primaryType="nt:unstructured">
                    <_x0033_
                        jcr:primaryType="nt:unstructured"
                        countries="[GB]"
                        name="Allfunds"/>
                </investmentPlatforms>
            </_x0031_4401>
            <_x0031_4581
                jcr:primaryType="nt:unstructured"
                countries="[BE,IE,LU,XX]"
                currency="JPY"
                currencySymbol="¥"
                fundId="{Long}428"
                fundingStatus="Open"
                inceptionDate="2024-05-23"
                initialCharge="5.00%"
                isAuthorizedPending="{Boolean}false"
                isGLIF="{Boolean}false"
                isin="IE000FLQAI58"
                isSMA="{Boolean}false"
                minimumInvestment="US$ 500"
                primaryBenchmark="TOPIX Index"
                sedol="BQ1HWY9"
                title="B Acc JPY"
                vehicleId="{Long}17"
                vehicleName="UCITS (Ireland)">
                <professionalOnlyCountries
                    jcr:primaryType="nt:unstructured"
                    BE="{Boolean}false"
                    IE="{Boolean}false"
                    LU="{Boolean}false"/>
            </_x0031_4581>
            <_x0031_4621
                jcr:primaryType="nt:unstructured"
                countries="[IE,XX]"
                currency="USD"
                currencySymbol="US$"
                fundId="{Long}428"
                fundingStatus="Open"
                inceptionDate="2024-07-26"
                initialCharge="3.00%"
                isAuthorizedPending="{Boolean}false"
                isGLIF="{Boolean}false"
                isin="IE0007680IY7"
                isSMA="{Boolean}false"
                minimumInvestment="US$ 500"
                primaryBenchmark="TOPIX Index"
                sedol="BT196Y4"
                ticker="LZJSEAA ID"
                title="EA Acc USD"
                valoren="135968492"
                vehicleId="{Long}17"
                vehicleName="UCITS (Ireland)">
                <professionalOnlyCountries
                    jcr:primaryType="nt:unstructured"
                    IE="{Boolean}false"/>
            </_x0031_4621>
            <_x0031_4622
                jcr:primaryType="nt:unstructured"
                countries="[IE,XX]"
                currency="USD"
                currencySymbol="US$"
                fundId="{Long}428"
                fundingStatus="Open"
                inceptionDate="2024-07-26"
                initialCharge="3.00%"
                isAuthorizedPending="{Boolean}false"
                isGLIF="{Boolean}false"
                isin="IE0003CPETA8"
                isSMA="{Boolean}false"
                minimumInvestment="US$ 500"
                primaryBenchmark="TOPIX Index"
                sedol="BT19707"
                ticker="LZJSEAU ID"
                title="EA Dist USD"
                valoren="135968323"
                vehicleId="{Long}17"
                vehicleName="UCITS (Ireland)">
                <professionalOnlyCountries
                    jcr:primaryType="nt:unstructured"
                    IE="{Boolean}false"/>
            </_x0031_4622>
            <_x0031_5161
                jcr:primaryType="nt:unstructured"
                annualManagementCharge="0.01%"
                countries="[GB,XX]"
                fundId="{Long}428"
                fundingStatus="Authorized/Pending"
                isAuthorizedPending="{Boolean}true"
                isGLIF="{Boolean}false"
                isin="IE000QRB4YL6"
                isSMA="{Boolean}false"
                sedol="BNKSRF8"
                ticker="LZJSJGA ID"
                title="J Acc GBP"
                valoren="138132363"
                vehicleId="{Long}17"
                vehicleName="UCITS (Ireland)">
                <professionalOnlyCountries
                    jcr:primaryType="nt:unstructured"
                    GB="{Boolean}false"/>
            </_x0031_5161>
            <_x0031_5162
                jcr:primaryType="nt:unstructured"
                annualManagementCharge="0.01%"
                countries="[GB,XX]"
                fundId="{Long}428"
                fundingStatus="Authorized/Pending"
                isAuthorizedPending="{Boolean}true"
                isGLIF="{Boolean}false"
                isin="IE0000J3BWT6"
                isSMA="{Boolean}false"
                sedol="BNKSRG9"
                ticker="LZJSJAG ID"
                title="J Acc GBP Hedged"
                valoren="138155060"
                vehicleId="{Long}17"
                vehicleName="UCITS (Ireland)">
                <professionalOnlyCountries
                    jcr:primaryType="nt:unstructured"
                    GB="{Boolean}false"/>
            </_x0031_5162>
            <_x0031_5163
                jcr:primaryType="nt:unstructured"
                annualManagementCharge="0.01%"
                countries="[GB,XX]"
                fundId="{Long}428"
                fundingStatus="Authorized/Pending"
                isAuthorizedPending="{Boolean}true"
                isGLIF="{Boolean}false"
                isin="IE00052FFNN5"
                isSMA="{Boolean}false"
                sedol="BNKSRH0"
                ticker="LZJPSJG ID"
                title="J Dist GBP"
                valoren="138155097"
                vehicleId="{Long}17"
                vehicleName="UCITS (Ireland)">
                <professionalOnlyCountries
                    jcr:primaryType="nt:unstructured"
                    GB="{Boolean}false"/>
            </_x0031_5163>
            <_x0031_5164
                jcr:primaryType="nt:unstructured"
                annualManagementCharge="0.01%"
                countries="[GB,XX]"
                fundId="{Long}428"
                fundingStatus="Authorized/Pending"
                isAuthorizedPending="{Boolean}true"
                isGLIF="{Boolean}false"
                isin="IE000XLX9QV1"
                isSMA="{Boolean}false"
                sedol="BNKSRJ2"
                ticker="LZJSJGH ID"
                title="J Dist GBP Hedged"
                valoren="138132364"
                vehicleId="{Long}17"
                vehicleName="UCITS (Ireland)">
                <professionalOnlyCountries
                    jcr:primaryType="nt:unstructured"
                    GB="{Boolean}false"/>
            </_x0031_5164>
        </shareClasses>
        <platforms jcr:primaryType="nt:unstructured">
            <_x0039_7
                jcr:primaryType="nt:unstructured"
                countries="[AE,BE,BH,CA,DK,ES,FI,FR,IE,IL,JP,LU,MT,NL,NO,PT,SA,SE,US,XX,ZA]"
                regions="[1,3,16,22]"
                sortOrder="{Long}500"
                title="Asia-Pacific Equity Platform"/>
            <_x0033_1183
                jcr:primaryType="nt:unstructured"
                countries="[AU,NZ,PG]"
                regions="[5]"
                sortOrder="{Long}9300"
                title="Australian Regional Equities Platform"/>
            <_x0033_1185
                jcr:primaryType="nt:unstructured"
                countries="[BN,CN,HK,ID,MO,MY,PH,SG,TH,TW]"
                regions="[19]"
                sortOrder="{Long}9500"
                title="Singapore Regional Equities Platform"/>
            <_x0033_5745
                jcr:primaryType="nt:unstructured"
                countries="[IT]"
                regions="[18]"
                sortOrder="{Long}9700"
                title="Equity Platform"/>
        </platforms>
    </externalMetadata>
</jcr:root>
