<?xml version="1.0" encoding="UTF-8"?>
<jcr:root xmlns:jcr="http://www.jcp.org/jcr/1.0" xmlns:nt="http://www.jcp.org/jcr/nt/1.0" xmlns:mix="http://www.jcp.org/jcr/mix/1.0" xmlns:cq="http://www.day.com/jcr/cq/1.0" xmlns:sling="http://sling.apache.org/jcr/sling/1.0"
    jcr:primaryType="cq:Page">
    <home/>
    <investment-solutions/>
    <research-insights/>
    <sustainable-insights/>
    <about/>
    <contact/>
    <global-disclosure/>
    <cookie-policy/>
    <jcr:content
        cq:isDelivered="{Boolean}false"
        cq:lastModified="{Date}2024-10-10T16:16:43.461Z"
        cq:lastModifiedBy="reference-adjustment-service"
        cq:lastReplicated="{Date}2024-10-10T16:16:51.394Z"
        cq:lastReplicated_publish="{Date}2024-10-10T16:16:51.394Z"
        cq:lastReplicated_scene7="{Date}2024-10-10T16:16:51.394Z"
        cq:lastReplicatedBy="sophia.ponce@lazard.com"
        cq:lastReplicatedBy_publish="sophia.ponce@lazard.com"
        cq:lastReplicatedBy_scene7="sophia.ponce@lazard.com"
        cq:lastReplicationAction="Activate"
        cq:lastReplicationAction_publish="Activate"
        cq:lastReplicationAction_scene7="Activate"
        cq:lastRolledout="{Date}2024-07-30T17:32:38.006Z"
        cq:lastRolledoutBy="anna.herbst@lazard.com"
        cq:propertyInheritanceCancelled="[sling:sitemapRoot]"
        cq:styleIds="[1716321868996]"
        cq:template="/conf/lam/settings/wcm/templates/home-page"
        jcr:isCheckedOut="{Boolean}true"
        jcr:mixinTypes="[cq:LiveRelationship,cq:LiveSync,cq:PropertyLiveSyncCancelled,cq:ReplicationStatus2,mix:versionable]"
        jcr:primaryType="cq:PageContent"
        jcr:title="en_us"
        jcr:uuid="007ed6d3-88f8-49ac-b036-68deec508598"
        sling:resourceType="lam/components/page"
        sling:sitemapRoot="true"
        assetClass="assetClass0"
        category="strategy"
        headerTheme="dark"
        hideInNav="true"
        linkType="internal"
        nodesMoved="{Boolean}true"
        pageProductData="fund-listing"
        pwaCachestrategy="staleWhileRevalidate"
        pwaDisplay="standalone"
        pwaOrientation="any">
        <root
            cq:lastRolledout="{Date}2024-07-30T17:32:37.228Z"
            cq:lastRolledoutBy="anna.herbst@lazard.com"
            jcr:mixinTypes="[cq:LiveRelationship]"
            jcr:primaryType="nt:unstructured"
            sling:resourceType="lam/components/container"
            layout="responsiveGrid">
            <container
                cq:lastRolledout="{Date}2024-07-30T17:32:37.235Z"
                cq:lastRolledoutBy="anna.herbst@lazard.com"
                jcr:mixinTypes="[cq:LiveRelationship]"
                jcr:primaryType="nt:unstructured"
                sling:resourceType="lam/components/container"
                layout="responsiveGrid">
                <container
                    cq:lastRolledout="{Date}2024-07-30T17:32:37.267Z"
                    cq:lastRolledoutBy="anna.herbst@lazard.com"
                    jcr:mixinTypes="[cq:LiveRelationship]"
                    jcr:primaryType="nt:unstructured"
                    sling:resourceType="lam/components/container"
                    layout="responsiveGrid">
                    <custom_container_182
                        cq:lastRolledout="{Date}2024-07-30T17:32:37.285Z"
                        cq:lastRolledoutBy="anna.herbst@lazard.com"
                        cq:styleIds="[1718059993783]"
                        jcr:created="{Date}2024-07-23T21:28:59.193Z"
                        jcr:createdBy="anna.herbst@lazard.com"
                        jcr:lastModified="{Date}2024-07-30T17:32:37.277Z"
                        jcr:lastModifiedBy="anna.herbst@lazard.com"
                        jcr:mixinTypes="[cq:LiveRelationship]"
                        jcr:primaryType="nt:unstructured"
                        sling:resourceType="lam/components/custom-container"
                        applyCustomizedBorder="false"
                        backgroundColor="#EBF4FA"
                        containetBoxType="fixed-contained"
                        enableVerticalScrollbar="false"
                        hasNestedCustomContainer="is-not-NestedCustomContainer"
                        hideFinancialIntermediary="false"
                        hideIndividualInvestor="false"
                        hideInstitucionalInvestor="false"
                        hidePrivateWealth="false"
                        isGapless="is-gapped"
                        isHorizontalCentered="is-hnormal"
                        isMobileColumns="is-normal"
                        isVerticalCentered="is-vnormal"
                        showSeparator="false">
                        <columnsList
                            cq:lastRolledout="{Date}2024-07-30T17:32:37.288Z"
                            cq:lastRolledoutBy="anna.herbst@lazard.com"
                            jcr:mixinTypes="[cq:LiveRelationship]"
                            jcr:primaryType="nt:unstructured">
                            <item0
                                cq:lastRolledout="{Date}2024-07-30T17:32:37.292Z"
                                cq:lastRolledoutBy="anna.herbst@lazard.com"
                                jcr:mixinTypes="[cq:LiveRelationship]"
                                jcr:primaryType="nt:unstructured"
                                desktopSize="is-auto-desktop"
                                mobileSize="is-auto-mobile"
                                tabletSize="is-auto-tablet"/>
                        </columnsList>
                        <colpar_1
                            cq:lastRolledout="{Date}2024-07-30T17:32:37.294Z"
                            cq:lastRolledoutBy="anna.herbst@lazard.com"
                            jcr:mixinTypes="[cq:LiveRelationship]"
                            jcr:primaryType="nt:unstructured"
                            sling:resourceType="wcm/foundation/components/responsivegrid">
                            <flexiblepathingcards
                                cq:lastRolledout="{Date}2024-07-30T17:32:37.309Z"
                                cq:lastRolledoutBy="anna.herbst@lazard.com"
                                jcr:created="{Date}2024-07-23T21:29:31.498Z"
                                jcr:createdBy="anna.herbst@lazard.com"
                                jcr:lastModified="{Date}2024-07-30T17:32:37.298Z"
                                jcr:lastModifiedBy="anna.herbst@lazard.com"
                                jcr:mixinTypes="[cq:LiveRelationship]"
                                jcr:primaryType="nt:unstructured"
                                sling:resourceType="lam/components/flexiblePathingCards"
                                childDepth="1"
                                listFrom="static"
                                maxItems="3"
                                sortOrder="asc"
                                tagsMatch="any">
                                <flexibleText
                                    cq:lastRolledout="{Date}2024-07-30T17:32:37.316Z"
                                    cq:lastRolledoutBy="anna.herbst@lazard.com"
                                    jcr:lastModified="{Date}2024-07-30T17:32:37.313Z"
                                    jcr:lastModifiedBy="anna.herbst@lazard.com"
                                    jcr:mixinTypes="[cq:LiveRelationship]"
                                    jcr:primaryType="nt:unstructured"
                                    sling:resourceType="lam/components/text"
                                    text="&lt;p>Lorem ipsum dolor sit amet, consectetur adipiscing elit. Tellus in odio at quisque at odio lobortis id.&lt;/p>&#xd;&#xa;"
                                    textIsRich="true"/>
                                <flexibleButton
                                    cq:lastRolledout="{Date}2024-07-30T17:32:37.320Z"
                                    cq:lastRolledoutBy="anna.herbst@lazard.com"
                                    cq:styleIds="[1714685066661]"
                                    jcr:lastModified="{Date}2024-07-30T17:32:37.318Z"
                                    jcr:lastModifiedBy="anna.herbst@lazard.com"
                                    jcr:mixinTypes="[cq:LiveRelationship]"
                                    jcr:primaryType="nt:unstructured"
                                    jcr:title="View All"
                                    sling:resourceType="lam/components/button"
                                    linkTarget="_self"
                                    linkURL="#"/>
                                <flexibleTitle
                                    cq:lastRolledout="{Date}2024-07-30T17:32:37.326Z"
                                    cq:lastRolledoutBy="anna.herbst@lazard.com"
                                    cq:styleIds="[1714663198464,1716563302577]"
                                    jcr:lastModified="{Date}2024-07-30T17:32:37.323Z"
                                    jcr:lastModifiedBy="anna.herbst@lazard.com"
                                    jcr:mixinTypes="[cq:LiveRelationship]"
                                    jcr:primaryType="nt:unstructured"
                                    jcr:title="Featured Insights"
                                    sling:resourceType="lam/components/title"
                                    eyebrow="Lorem Ipsum"
                                    eyebrowWeight="eyebrow"
                                    linkTarget="_self"
                                    type="h1"/>
                                <static
                                    cq:lastRolledout="{Date}2024-07-30T17:32:37.333Z"
                                    cq:lastRolledoutBy="anna.herbst@lazard.com"
                                    jcr:mixinTypes="[cq:LiveRelationship]"
                                    jcr:primaryType="nt:unstructured">
                                    <item0
                                        cq:lastRolledout="{Date}2024-07-30T17:32:37.339Z"
                                        cq:lastRolledoutBy="anna.herbst@lazard.com"
                                        jcr:mixinTypes="[cq:LiveRelationship]"
                                        jcr:primaryType="nt:unstructured"
                                        linkTarget="_self"
                                        linkURL="/content/lam/us/test/demo-pages/research-and-insights/risk-exhaustion-navigating-new-regime"/>
                                    <item1
                                        cq:lastRolledout="{Date}2024-07-30T17:32:37.342Z"
                                        cq:lastRolledoutBy="anna.herbst@lazard.com"
                                        jcr:mixinTypes="[cq:LiveRelationship]"
                                        jcr:primaryType="nt:unstructured"
                                        linkTarget="_self"
                                        linkURL="/content/lam/us/test/demo-pages/research-and-insights/what-to-watch-2024"/>
                                    <item2
                                        cq:lastRolledout="{Date}2024-07-30T17:32:37.345Z"
                                        cq:lastRolledoutBy="anna.herbst@lazard.com"
                                        jcr:mixinTypes="[cq:LiveRelationship]"
                                        jcr:primaryType="nt:unstructured"
                                        linkTarget="_self"
                                        linkURL="/content/lam/us/test/demo-pages/research-and-insights/japanese-equities-why-is-now-different"/>
                                </static>
                            </flexiblepathingcards>
                        </colpar_1>
                    </custom_container_182>
                    <grid50
                        cq:lastRolledout="{Date}2024-07-30T17:32:37.356Z"
                        cq:lastRolledoutBy="anna.herbst@lazard.com"
                        cq:styleIds="[1718213363934,1718213406395]"
                        jcr:created="{Date}2024-07-29T01:43:28.096Z"
                        jcr:createdBy="anna.herbst@lazard.com"
                        jcr:lastModified="{Date}2024-07-30T17:32:37.348Z"
                        jcr:lastModifiedBy="anna.herbst@lazard.com"
                        jcr:mixinTypes="[cq:LiveRelationship]"
                        jcr:primaryType="nt:unstructured"
                        sling:resourceType="lam/components/grid50"
                        cardType="pathing-card"
                        displayPopupTitle="true"
                        imageFromPageImage="true"
                        isDecorative="true"
                        linkTarget="_self"
                        showExpandButton="true"
                        text="Lorem ipsum dolor sit amet, consectetur adipiscing elit. Tellus in odio at quisque at odio lobortis id.">
                        <title
                            cq:lastRolledout="{Date}2024-07-30T17:32:37.362Z"
                            cq:lastRolledoutBy="anna.herbst@lazard.com"
                            jcr:lastModified="{Date}2024-07-30T17:32:37.359Z"
                            jcr:lastModifiedBy="anna.herbst@lazard.com"
                            jcr:mixinTypes="[cq:LiveRelationship]"
                            jcr:primaryType="nt:unstructured"
                            jcr:title="Related  Products"
                            sling:resourceType="lam/components/title"
                            eyebrow="Lorem Ipsum"
                            eyebrowWeight="eyebrow"
                            linkTarget="_self"
                            type="h1"/>
                        <tabItems
                            cq:lastRolledout="{Date}2024-07-30T17:32:37.367Z"
                            cq:lastRolledoutBy="anna.herbst@lazard.com"
                            jcr:mixinTypes="[cq:LiveRelationship]"
                            jcr:primaryType="nt:unstructured">
                            <item0
                                cq:lastRolledout="{Date}2024-07-30T17:32:37.371Z"
                                cq:lastRolledoutBy="anna.herbst@lazard.com"
                                jcr:mixinTypes="[cq:LiveRelationship]"
                                jcr:primaryType="nt:unstructured"
                                active="true"
                                tabTitle="Asset Class">
                                <list
                                    cq:lastRolledout="{Date}2024-07-30T17:32:37.376Z"
                                    cq:lastRolledoutBy="anna.herbst@lazard.com"
                                    jcr:mixinTypes="[cq:LiveRelationship]"
                                    jcr:primaryType="nt:unstructured"
                                    childDepth="1"
                                    listFrom="static"
                                    maxItems="8"
                                    sortOrder="asc"
                                    tagsMatch="any">
                                    <static
                                        cq:lastRolledout="{Date}2024-07-30T17:32:37.395Z"
                                        cq:lastRolledoutBy="anna.herbst@lazard.com"
                                        jcr:mixinTypes="[cq:LiveRelationship]"
                                        jcr:primaryType="nt:unstructured">
                                        <item0
                                            cq:lastRolledout="{Date}2024-07-30T17:32:37.405Z"
                                            cq:lastRolledoutBy="anna.herbst@lazard.com"
                                            jcr:mixinTypes="[cq:LiveRelationship]"
                                            jcr:primaryType="nt:unstructured"
                                            linkTarget="_self"
                                            linkURL="/content/lam/us/en_us/investment-solutions/asset-class/equities"/>
                                        <item1
                                            cq:lastRolledout="{Date}2024-07-30T17:32:37.408Z"
                                            cq:lastRolledoutBy="anna.herbst@lazard.com"
                                            jcr:mixinTypes="[cq:LiveRelationship]"
                                            jcr:primaryType="nt:unstructured"
                                            linkTarget="_self"
                                            linkURL="/content/lam/us/en_us/investment-solutions/asset-class/fixed-income"/>
                                        <item2
                                            cq:lastRolledout="{Date}2024-07-30T17:32:37.411Z"
                                            cq:lastRolledoutBy="anna.herbst@lazard.com"
                                            jcr:mixinTypes="[cq:LiveRelationship]"
                                            jcr:primaryType="nt:unstructured"
                                            linkTarget="_self"
                                            linkURL="/content/lam/us/en_us/investment-solutions/asset-class/multi-asset"/>
                                        <item3
                                            cq:lastRolledout="{Date}2024-07-30T17:32:37.414Z"
                                            cq:lastRolledoutBy="anna.herbst@lazard.com"
                                            jcr:mixinTypes="[cq:LiveRelationship]"
                                            jcr:primaryType="nt:unstructured"
                                            linkTarget="_self"
                                            linkURL="/content/lam/us/en_us/investment-solutions/asset-class/alternative"/>
                                        <item4
                                            cq:lastRolledout="{Date}2024-07-30T17:32:37.417Z"
                                            cq:lastRolledoutBy="anna.herbst@lazard.com"
                                            jcr:mixinTypes="[cq:LiveRelationship]"
                                            jcr:primaryType="nt:unstructured"
                                            linkTarget="_self"
                                            linkURL="/content/lam/us/en_us/investment-solutions/asset-class/real-assets"/>
                                        <item5
                                            cq:lastRolledout="{Date}2024-07-30T17:32:37.420Z"
                                            cq:lastRolledoutBy="anna.herbst@lazard.com"
                                            jcr:mixinTypes="[cq:LiveRelationship]"
                                            jcr:primaryType="nt:unstructured"
                                            linkTarget="_self"
                                            linkURL="/content/lam/us/en_us/investment-solutions/asset-class/equities"/>
                                        <item6
                                            cq:lastRolledout="{Date}2024-07-30T17:32:37.423Z"
                                            cq:lastRolledoutBy="anna.herbst@lazard.com"
                                            jcr:mixinTypes="[cq:LiveRelationship]"
                                            jcr:primaryType="nt:unstructured"
                                            linkTarget="_self"
                                            linkURL="/content/lam/us/en_us/investment-solutions/asset-class/fixed-income"/>
                                        <item7
                                            cq:lastRolledout="{Date}2024-07-30T17:32:37.426Z"
                                            cq:lastRolledoutBy="anna.herbst@lazard.com"
                                            jcr:mixinTypes="[cq:LiveRelationship]"
                                            jcr:primaryType="nt:unstructured"
                                            linkTarget="_self"
                                            linkURL="/content/lam/us/en_us/investment-solutions/asset-class/multi-asset"/>
                                    </static>
                                </list>
                            </item0>
                            <item1
                                cq:lastRolledout="{Date}2024-07-30T17:32:37.429Z"
                                cq:lastRolledoutBy="anna.herbst@lazard.com"
                                jcr:mixinTypes="[cq:LiveRelationship]"
                                jcr:primaryType="nt:unstructured"
                                active="false"
                                tabTitle="How To Invest">
                                <list
                                    cq:lastRolledout="{Date}2024-07-30T17:32:37.433Z"
                                    cq:lastRolledoutBy="anna.herbst@lazard.com"
                                    jcr:mixinTypes="[cq:LiveRelationship]"
                                    jcr:primaryType="nt:unstructured"
                                    childDepth="1"
                                    listFrom="static"
                                    maxItems="8"
                                    sortOrder="asc"
                                    tagsMatch="any">
                                    <static
                                        cq:lastRolledout="{Date}2024-07-30T17:32:37.449Z"
                                        cq:lastRolledoutBy="anna.herbst@lazard.com"
                                        jcr:mixinTypes="[cq:LiveRelationship]"
                                        jcr:primaryType="nt:unstructured">
                                        <item0
                                            cq:lastRolledout="{Date}2024-07-30T17:32:37.457Z"
                                            cq:lastRolledoutBy="anna.herbst@lazard.com"
                                            jcr:mixinTypes="[cq:LiveRelationship]"
                                            jcr:primaryType="nt:unstructured"
                                            linkTarget="_self"
                                            linkURL="/content/lam/us/en_us/investment-solutions/how-to-invest/mutual-funds"/>
                                        <item1
                                            cq:lastRolledout="{Date}2024-07-30T17:32:37.460Z"
                                            cq:lastRolledoutBy="anna.herbst@lazard.com"
                                            jcr:mixinTypes="[cq:LiveRelationship]"
                                            jcr:primaryType="nt:unstructured"
                                            linkTarget="_self"
                                            linkURL="/content/lam/us/en_us/investment-solutions/how-to-invest/closed-end-funds"/>
                                        <item2
                                            cq:lastRolledout="{Date}2024-07-30T17:32:37.463Z"
                                            cq:lastRolledoutBy="anna.herbst@lazard.com"
                                            jcr:mixinTypes="[cq:LiveRelationship]"
                                            jcr:primaryType="nt:unstructured"
                                            linkTarget="_self"
                                            linkURL="/content/lam/us/en_us/investment-solutions/how-to-invest/etfs"/>
                                        <item3
                                            cq:lastRolledout="{Date}2024-07-30T17:32:37.466Z"
                                            cq:lastRolledoutBy="anna.herbst@lazard.com"
                                            jcr:mixinTypes="[cq:LiveRelationship]"
                                            jcr:primaryType="nt:unstructured"
                                            linkTarget="_self"
                                            linkURL="/content/lam/us/en_us/investment-solutions/how-to-invest/ucits"/>
                                        <item4
                                            cq:lastRolledout="{Date}2024-07-30T17:32:37.469Z"
                                            cq:lastRolledoutBy="anna.herbst@lazard.com"
                                            jcr:mixinTypes="[cq:LiveRelationship]"
                                            jcr:primaryType="nt:unstructured"
                                            linkTarget="_self"
                                            linkURL="/content/lam/us/en_us/investment-solutions/how-to-invest/onshore-funds"/>
                                        <item5
                                            cq:lastRolledout="{Date}2024-07-30T17:32:37.472Z"
                                            cq:lastRolledoutBy="anna.herbst@lazard.com"
                                            jcr:mixinTypes="[cq:LiveRelationship]"
                                            jcr:primaryType="nt:unstructured"
                                            linkTarget="_self"
                                            linkURL="/content/lam/us/en_us/investment-solutions/how-to-invest/offshore-funds"/>
                                    </static>
                                </list>
                            </item1>
                        </tabItems>
                    </grid50>
                    <custom_container_779
                        cq:lastRolledout="{Date}2024-07-30T17:32:37.488Z"
                        cq:lastRolledoutBy="anna.herbst@lazard.com"
                        cq:styleIds="[1718059993783,1716903752204]"
                        jcr:created="{Date}2024-07-24T02:50:46.120Z"
                        jcr:createdBy="anna.herbst@lazard.com"
                        jcr:lastModified="{Date}2024-07-30T17:32:37.478Z"
                        jcr:lastModifiedBy="anna.herbst@lazard.com"
                        jcr:mixinTypes="[cq:LiveRelationship]"
                        jcr:primaryType="nt:unstructured"
                        sling:resourceType="lam/components/custom-container"
                        applyCustomizedBorder="true"
                        borderWidth="1px"
                        containerBorders="[rightBorder,leftBorder,insideBorder]"
                        containetBoxType="fixed-contained"
                        contentBorderColor="rgba(23,26,28,0.12)"
                        enableVerticalScrollbar="false"
                        hasNestedCustomContainer="is-not-NestedCustomContainer"
                        hideFinancialIntermediary="false"
                        hideIndividualInvestor="false"
                        hideInstitucionalInvestor="false"
                        hidePrivateWealth="false"
                        isGapless="is-gapped"
                        isHorizontalCentered="is-hnormal"
                        isMobileColumns="is-normal"
                        isVerticalCentered="is-vnormal"
                        showSeparator="false">
                        <columnsList
                            cq:lastRolledout="{Date}2024-07-30T17:32:37.498Z"
                            cq:lastRolledoutBy="anna.herbst@lazard.com"
                            jcr:mixinTypes="[cq:LiveRelationship]"
                            jcr:primaryType="nt:unstructured">
                            <item0
                                cq:lastRolledout="{Date}2024-07-30T17:32:37.503Z"
                                cq:lastRolledoutBy="anna.herbst@lazard.com"
                                jcr:mixinTypes="[cq:LiveRelationship]"
                                jcr:primaryType="nt:unstructured"
                                desktopSize="is-half-desktop"
                                mobileSize="is-auto-mobile"
                                tabletSize="is-auto-tablet"/>
                            <item1
                                cq:lastRolledout="{Date}2024-07-30T17:32:37.507Z"
                                cq:lastRolledoutBy="anna.herbst@lazard.com"
                                jcr:mixinTypes="[cq:LiveRelationship]"
                                jcr:primaryType="nt:unstructured"
                                desktopSize="is-auto-desktop"
                                mobileSize="is-auto-mobile"
                                tabletSize="is-auto-tablet"/>
                            <item2
                                cq:lastRolledout="{Date}2024-07-30T17:32:37.510Z"
                                cq:lastRolledoutBy="anna.herbst@lazard.com"
                                jcr:mixinTypes="[cq:LiveRelationship]"
                                jcr:primaryType="nt:unstructured"
                                desktopSize="is-auto-desktop"
                                mobileSize="is-auto-mobile"
                                tabletSize="is-auto-tablet"/>
                        </columnsList>
                        <colpar_1
                            cq:lastRolledout="{Date}2024-07-30T17:32:37.512Z"
                            cq:lastRolledoutBy="anna.herbst@lazard.com"
                            jcr:mixinTypes="[cq:LiveRelationship]"
                            jcr:primaryType="nt:unstructured"
                            sling:resourceType="wcm/foundation/components/responsivegrid">
                            <title
                                cq:lastRolledout="{Date}2024-07-30T17:32:37.520Z"
                                cq:lastRolledoutBy="anna.herbst@lazard.com"
                                cq:styleIds="[1714663198464,1716563302577]"
                                jcr:created="{Date}2024-07-24T02:51:39.765Z"
                                jcr:createdBy="anna.herbst@lazard.com"
                                jcr:lastModified="{Date}2024-07-30T17:32:37.516Z"
                                jcr:lastModifiedBy="anna.herbst@lazard.com"
                                jcr:mixinTypes="[cq:LiveRelationship]"
                                jcr:primaryType="nt:unstructured"
                                jcr:title="Lorem Fund"
                                sling:resourceType="lam/components/title"
                                bottomMarginD="67px"
                                eyebrow="Lorem Ipsum"
                                eyebrowWeight="eyebrow"
                                linkTarget="_self"
                                topMarginD="80px"
                                type="h2"/>
                        </colpar_1>
                        <colpar_2
                            cq:lastRolledout="{Date}2024-07-30T17:32:37.522Z"
                            cq:lastRolledoutBy="anna.herbst@lazard.com"
                            jcr:mixinTypes="[cq:LiveRelationship]"
                            jcr:primaryType="nt:unstructured"
                            sling:resourceType="wcm/foundation/components/responsivegrid">
                            <text
                                cq:lastRolledout="{Date}2024-07-30T17:32:37.528Z"
                                cq:lastRolledoutBy="anna.herbst@lazard.com"
                                jcr:created="{Date}2024-07-24T02:52:34.646Z"
                                jcr:createdBy="anna.herbst@lazard.com"
                                jcr:lastModified="{Date}2024-07-30T17:32:37.525Z"
                                jcr:lastModifiedBy="anna.herbst@lazard.com"
                                jcr:mixinTypes="[cq:LiveRelationship]"
                                jcr:primaryType="nt:unstructured"
                                sling:resourceType="lam/components/text"
                                bottomMarginD="53px"
                                text="&lt;p>Lorem ipsum dolor sit amet, consectetur adipiscing elit. Tellus in odio at quisque at odio lobortis id.&lt;/p>&#xd;&#xa;"
                                textIsRich="true"
                                topMarginD="132px"/>
                        </colpar_2>
                    </custom_container_779>
                    <custom_container_151
                        cq:lastRolledout="{Date}2024-07-30T17:32:37.548Z"
                        cq:lastRolledoutBy="anna.herbst@lazard.com"
                        cq:styleIds="[1716903752204]"
                        jcr:created="{Date}2024-07-24T03:12:12.313Z"
                        jcr:createdBy="anna.herbst@lazard.com"
                        jcr:lastModified="{Date}2024-07-30T17:32:37.534Z"
                        jcr:lastModifiedBy="anna.herbst@lazard.com"
                        jcr:mixinTypes="[cq:LiveRelationship]"
                        jcr:primaryType="nt:unstructured"
                        sling:resourceType="lam/components/custom-container"
                        applyCustomizedBorder="true"
                        borderWidth="1px"
                        containerBorders="[rightBorder,leftBorder,insideBorder]"
                        containetBoxType="fixed-contained"
                        contentBorderColor="rgba(23,26,28,0.12)"
                        enableVerticalScrollbar="false"
                        hasNestedCustomContainer="is-not-NestedCustomContainer"
                        hideFinancialIntermediary="false"
                        hideIndividualInvestor="false"
                        hideInstitucionalInvestor="false"
                        hidePrivateWealth="false"
                        isGapless="is-gapped"
                        isHorizontalCentered="is-hnormal"
                        isMobileColumns="is-normal"
                        isVerticalCentered="is-vnormal"
                        showSeparator="false">
                        <columnsList
                            cq:lastRolledout="{Date}2024-07-30T17:32:37.560Z"
                            cq:lastRolledoutBy="anna.herbst@lazard.com"
                            jcr:mixinTypes="[cq:LiveRelationship]"
                            jcr:primaryType="nt:unstructured">
                            <item0
                                cq:lastRolledout="{Date}2024-07-30T17:32:37.567Z"
                                cq:lastRolledoutBy="anna.herbst@lazard.com"
                                jcr:mixinTypes="[cq:LiveRelationship]"
                                jcr:primaryType="nt:unstructured"
                                desktopSize="is-auto-desktop"
                                mobileSize="is-auto-mobile"
                                tabletSize="is-auto-tablet"/>
                            <item1
                                cq:lastRolledout="{Date}2024-07-30T17:32:37.570Z"
                                cq:lastRolledoutBy="anna.herbst@lazard.com"
                                jcr:mixinTypes="[cq:LiveRelationship]"
                                jcr:primaryType="nt:unstructured"
                                desktopSize="is-auto-desktop"
                                mobileSize="is-auto-mobile"
                                tabletSize="is-auto-tablet"/>
                            <item2
                                cq:lastRolledout="{Date}2024-07-30T17:32:37.573Z"
                                cq:lastRolledoutBy="anna.herbst@lazard.com"
                                jcr:mixinTypes="[cq:LiveRelationship]"
                                jcr:primaryType="nt:unstructured"
                                desktopSize="is-auto-desktop"
                                mobileSize="is-auto-mobile"
                                tabletSize="is-auto-tablet"/>
                            <item3
                                cq:lastRolledout="{Date}2024-07-30T17:32:37.576Z"
                                cq:lastRolledoutBy="anna.herbst@lazard.com"
                                jcr:mixinTypes="[cq:LiveRelationship]"
                                jcr:primaryType="nt:unstructured"
                                desktopSize="is-auto-desktop"
                                mobileSize="is-auto-mobile"
                                tabletSize="is-auto-tablet"/>
                        </columnsList>
                        <colpar_1
                            cq:lastRolledout="{Date}2024-07-30T17:32:37.579Z"
                            cq:lastRolledoutBy="anna.herbst@lazard.com"
                            jcr:mixinTypes="[cq:LiveRelationship]"
                            jcr:primaryType="nt:unstructured"
                            sling:resourceType="wcm/foundation/components/responsivegrid">
                            <fund_card
                                cq:lastRolledout="{Date}2024-07-30T17:32:37.584Z"
                                cq:lastRolledoutBy="anna.herbst@lazard.com"
                                jcr:created="{Date}2024-07-24T03:12:57.193Z"
                                jcr:createdBy="anna.herbst@lazard.com"
                                jcr:lastModified="{Date}2024-07-30T17:32:37.582Z"
                                jcr:lastModifiedBy="anna.herbst@lazard.com"
                                jcr:mixinTypes="[cq:LiveRelationship]"
                                jcr:primaryType="nt:unstructured"
                                sling:resourceType="lam/components/fund-card"
                                bottomMarginD="80px"
                                productPagePath="/content/lam/us/test/demo-pages/demo-fund-detail-page"/>
                        </colpar_1>
                        <colpar_2
                            cq:lastRolledout="{Date}2024-07-30T17:32:37.587Z"
                            cq:lastRolledoutBy="anna.herbst@lazard.com"
                            jcr:mixinTypes="[cq:LiveRelationship]"
                            jcr:primaryType="nt:unstructured"
                            sling:resourceType="wcm/foundation/components/responsivegrid">
                            <fund_card_copy
                                cq:lastRolledout="{Date}2024-07-30T17:32:37.592Z"
                                cq:lastRolledoutBy="anna.herbst@lazard.com"
                                jcr:created="{Date}2024-07-24T03:12:57.193Z"
                                jcr:createdBy="anna.herbst@lazard.com"
                                jcr:lastModified="{Date}2024-07-30T17:32:37.589Z"
                                jcr:lastModifiedBy="anna.herbst@lazard.com"
                                jcr:mixinTypes="[cq:LiveRelationship]"
                                jcr:primaryType="nt:unstructured"
                                sling:resourceType="lam/components/fund-card"
                                bottomMarginD="80px"
                                productPagePath="/content/lam/us/test/demo-pages/demo-fund-detail-page"/>
                        </colpar_2>
                        <colpar_3
                            cq:lastRolledout="{Date}2024-07-30T17:32:37.594Z"
                            cq:lastRolledoutBy="anna.herbst@lazard.com"
                            jcr:mixinTypes="[cq:LiveRelationship]"
                            jcr:primaryType="nt:unstructured"
                            sling:resourceType="wcm/foundation/components/responsivegrid">
                            <fund_card_copy
                                cq:lastRolledout="{Date}2024-07-30T17:32:37.600Z"
                                cq:lastRolledoutBy="anna.herbst@lazard.com"
                                jcr:created="{Date}2024-07-24T03:12:57.193Z"
                                jcr:createdBy="anna.herbst@lazard.com"
                                jcr:lastModified="{Date}2024-07-30T17:32:37.597Z"
                                jcr:lastModifiedBy="anna.herbst@lazard.com"
                                jcr:mixinTypes="[cq:LiveRelationship]"
                                jcr:primaryType="nt:unstructured"
                                sling:resourceType="lam/components/fund-card"
                                bottomMarginD="80px"
                                productPagePath="/content/lam/us/test/demo-pages/demo-fund-detail-page"/>
                        </colpar_3>
                        <colpar_4
                            cq:lastRolledout="{Date}2024-07-30T17:32:37.603Z"
                            cq:lastRolledoutBy="anna.herbst@lazard.com"
                            jcr:mixinTypes="[cq:LiveRelationship]"
                            jcr:primaryType="nt:unstructured"
                            sling:resourceType="wcm/foundation/components/responsivegrid">
                            <fund_card_copy
                                cq:lastRolledout="{Date}2024-07-30T17:32:37.608Z"
                                cq:lastRolledoutBy="anna.herbst@lazard.com"
                                jcr:created="{Date}2024-07-24T03:12:57.193Z"
                                jcr:createdBy="anna.herbst@lazard.com"
                                jcr:lastModified="{Date}2024-07-30T17:32:37.605Z"
                                jcr:lastModifiedBy="anna.herbst@lazard.com"
                                jcr:mixinTypes="[cq:LiveRelationship]"
                                jcr:primaryType="nt:unstructured"
                                sling:resourceType="lam/components/fund-card"
                                bottomMarginD="80px"
                                productPagePath="/content/lam/us/test/demo-pages/demo-fund-detail-page"/>
                        </colpar_4>
                    </custom_container_151>
                    <custom_container_177
                        cq:lastRolledout="{Date}2024-07-30T17:32:37.620Z"
                        cq:lastRolledoutBy="anna.herbst@lazard.com"
                        cq:styleIds="[1716903741074,1718059993783]"
                        jcr:created="{Date}2024-07-24T03:56:26.368Z"
                        jcr:createdBy="anna.herbst@lazard.com"
                        jcr:lastModified="{Date}2024-07-30T17:32:37.613Z"
                        jcr:lastModifiedBy="anna.herbst@lazard.com"
                        jcr:mixinTypes="[cq:LiveRelationship]"
                        jcr:primaryType="nt:unstructured"
                        sling:resourceType="lam/components/custom-container"
                        applyCustomizedBorder="false"
                        containetBoxType="fixed-contained"
                        enableVerticalScrollbar="false"
                        hasNestedCustomContainer="is-not-NestedCustomContainer"
                        hideFinancialIntermediary="false"
                        hideIndividualInvestor="false"
                        hideInstitucionalInvestor="false"
                        hidePrivateWealth="false"
                        isGapless="is-gapped"
                        isHorizontalCentered="is-hnormal"
                        isMobileColumns="is-normal"
                        isVerticalCentered="is-vnormal"
                        showSeparator="false">
                        <columnsList
                            cq:lastRolledout="{Date}2024-07-30T17:32:37.623Z"
                            cq:lastRolledoutBy="anna.herbst@lazard.com"
                            jcr:mixinTypes="[cq:LiveRelationship]"
                            jcr:primaryType="nt:unstructured">
                            <item0
                                cq:lastRolledout="{Date}2024-07-30T17:32:37.627Z"
                                cq:lastRolledoutBy="anna.herbst@lazard.com"
                                jcr:mixinTypes="[cq:LiveRelationship]"
                                jcr:primaryType="nt:unstructured"
                                desktopSize="is-auto-desktop"
                                mobileSize="is-auto-mobile"
                                tabletSize="is-auto-tablet"/>
                        </columnsList>
                        <colpar_1
                            cq:lastRolledout="{Date}2024-07-30T17:32:37.640Z"
                            cq:lastRolledoutBy="anna.herbst@lazard.com"
                            jcr:mixinTypes="[cq:LiveRelationship]"
                            jcr:primaryType="nt:unstructured"
                            sling:resourceType="wcm/foundation/components/responsivegrid">
                            <title
                                cq:lastRolledout="{Date}2024-07-30T17:32:37.651Z"
                                cq:lastRolledoutBy="anna.herbst@lazard.com"
                                cq:styleIds="[1714663198464,1716563302577]"
                                jcr:created="{Date}2024-07-24T03:57:09.527Z"
                                jcr:createdBy="anna.herbst@lazard.com"
                                jcr:lastModified="{Date}2024-07-30T17:32:37.647Z"
                                jcr:lastModifiedBy="anna.herbst@lazard.com"
                                jcr:mixinTypes="[cq:LiveRelationship]"
                                jcr:primaryType="nt:unstructured"
                                jcr:title="Lorem Fund"
                                sling:resourceType="lam/components/title"
                                bottomMarginM="40px"
                                eyebrow="Lorem Ipsum"
                                eyebrowWeight="eyebrow"
                                linkTarget="_self"
                                topMarginM="47px"
                                type="h2"/>
                            <text
                                cq:lastRolledout="{Date}2024-07-30T17:32:37.656Z"
                                cq:lastRolledoutBy="anna.herbst@lazard.com"
                                cq:styleIds="[1715181164415]"
                                jcr:created="{Date}2024-07-24T03:57:42.377Z"
                                jcr:createdBy="anna.herbst@lazard.com"
                                jcr:lastModified="{Date}2024-07-30T17:32:37.653Z"
                                jcr:lastModifiedBy="anna.herbst@lazard.com"
                                jcr:mixinTypes="[cq:LiveRelationship]"
                                jcr:primaryType="nt:unstructured"
                                sling:resourceType="lam/components/text"
                                bottomMarginM="40px"
                                text="&lt;p>Lorem ipsum dolor sit amet, consectetur adipiscing elit. Tellus in odio at quisque at odio lobortis id.&lt;/p>&#xd;&#xa;"
                                textIsRich="true"/>
                            <fund_card
                                cq:lastRolledout="{Date}2024-07-30T17:32:37.661Z"
                                cq:lastRolledoutBy="anna.herbst@lazard.com"
                                jcr:created="{Date}2024-07-24T03:58:19.470Z"
                                jcr:createdBy="anna.herbst@lazard.com"
                                jcr:lastModified="{Date}2024-07-30T17:32:37.658Z"
                                jcr:lastModifiedBy="anna.herbst@lazard.com"
                                jcr:mixinTypes="[cq:LiveRelationship]"
                                jcr:primaryType="nt:unstructured"
                                sling:resourceType="lam/components/fund-card"
                                bottomMarginM="24px"
                                productPagePath="/content/lam/us/test/demo-pages/demo-fund-detail-page"/>
                            <fund_card_copy
                                cq:lastRolledout="{Date}2024-07-30T17:32:37.666Z"
                                cq:lastRolledoutBy="anna.herbst@lazard.com"
                                jcr:created="{Date}2024-07-24T03:58:19.470Z"
                                jcr:createdBy="anna.herbst@lazard.com"
                                jcr:lastModified="{Date}2024-07-30T17:32:37.663Z"
                                jcr:lastModifiedBy="anna.herbst@lazard.com"
                                jcr:mixinTypes="[cq:LiveRelationship]"
                                jcr:primaryType="nt:unstructured"
                                sling:resourceType="lam/components/fund-card"
                                bottomMarginM="24px"
                                productPagePath="/content/lam/us/test/demo-pages/demo-fund-detail-page"/>
                            <fund_card_copy_1747100575
                                cq:lastRolledout="{Date}2024-07-30T17:32:37.670Z"
                                cq:lastRolledoutBy="anna.herbst@lazard.com"
                                jcr:created="{Date}2024-07-24T03:58:19.470Z"
                                jcr:createdBy="anna.herbst@lazard.com"
                                jcr:lastModified="{Date}2024-07-30T17:32:37.667Z"
                                jcr:lastModifiedBy="anna.herbst@lazard.com"
                                jcr:mixinTypes="[cq:LiveRelationship]"
                                jcr:primaryType="nt:unstructured"
                                sling:resourceType="lam/components/fund-card"
                                bottomMarginM="24px"
                                productPagePath="/content/lam/us/test/demo-pages/demo-fund-detail-page"/>
                            <fund_card_copy_1286375023
                                cq:lastRolledout="{Date}2024-07-30T17:32:37.675Z"
                                cq:lastRolledoutBy="anna.herbst@lazard.com"
                                jcr:created="{Date}2024-07-24T03:58:19.470Z"
                                jcr:createdBy="anna.herbst@lazard.com"
                                jcr:lastModified="{Date}2024-07-30T17:32:37.672Z"
                                jcr:lastModifiedBy="anna.herbst@lazard.com"
                                jcr:mixinTypes="[cq:LiveRelationship]"
                                jcr:primaryType="nt:unstructured"
                                sling:resourceType="lam/components/fund-card"
                                bottomMarginM="49px"
                                productPagePath="/content/lam/us/test/demo-pages/demo-fund-detail-page"/>
                        </colpar_1>
                    </custom_container_177>
                    <custom_container_200
                        cq:lastRolledout="{Date}2024-07-24T19:57:15.286Z"
                        cq:lastRolledoutBy="anna.herbst@lazard.com"
                        jcr:created="{Date}2024-07-24T03:44:03.672Z"
                        jcr:createdBy="anna.herbst@lazard.com"
                        jcr:lastModified="{Date}2024-07-29T01:55:23.000Z"
                        jcr:lastModifiedBy="anna.herbst@lazard.com"
                        jcr:mixinTypes="[cq:LiveRelationship,cq:LiveSyncCancelled]"
                        jcr:primaryType="nt:unstructured"
                        sling:resourceType="lam/components/custom-container"
                        applyCustomizedBorder="false"
                        containetBoxType="fixed-contained"
                        enableVerticalScrollbar="false"
                        hasNestedCustomContainer="is-NestedCustomContainer"
                        hideFinancialIntermediary="false"
                        hideIndividualInvestor="true"
                        hideInstitucionalInvestor="false"
                        hidePrivateWealth="true"
                        isGapless="is-gapped"
                        isHorizontalCentered="is-hnormal"
                        isMobileColumns="is-normal"
                        isVerticalCentered="is-vnormal"
                        showSeparator="false">
                        <colpar_1
                            cq:lastRolledout="{Date}2024-07-30T17:32:37.679Z"
                            cq:lastRolledoutBy="anna.herbst@lazard.com"
                            jcr:mixinTypes="[cq:LiveRelationship]"
                            jcr:primaryType="nt:unstructured"
                            sling:resourceType="wcm/foundation/components/responsivegrid">
                            <image_and_text
                                cq:lastRolledout="{Date}2024-07-30T17:32:37.687Z"
                                cq:lastRolledoutBy="anna.herbst@lazard.com"
                                jcr:created="{Date}2024-07-24T03:44:15.491Z"
                                jcr:createdBy="anna.herbst@lazard.com"
                                jcr:lastModified="{Date}2024-07-30T17:32:37.683Z"
                                jcr:lastModifiedBy="anna.herbst@lazard.com"
                                jcr:mixinTypes="[cq:LiveRelationship]"
                                jcr:primaryType="nt:unstructured"
                                jcr:title="Learn More"
                                sling:resourceType="lam/components/image-and-text/image-and-text"
                                assetPosition="left"
                                colorType="light"
                                darkColor="#171A1C"
                                displayLayout="2-up"
                                lightColor="#FFFFFF"
                                linkTarget="_self"
                                linkURL="#"
                                text="\[Body] Lorem ipsum dolor sit amet, consectetur adipiscing elit. Tellus in odio at quisque at odio lobortis id."
                                title="Lazard Family Office Partners">
                                <items
                                    cq:lastRolledout="{Date}2024-07-30T17:32:37.691Z"
                                    cq:lastRolledoutBy="anna.herbst@lazard.com"
                                    jcr:mixinTypes="[cq:LiveRelationship]"
                                    jcr:primaryType="nt:unstructured"
                                    sling:resourceType="lam/components/image-and-text/image-and-text-item-container">
                                    <image
                                        cq:lastRolledout="{Date}2024-07-30T17:32:37.699Z"
                                        cq:lastRolledoutBy="anna.herbst@lazard.com"
                                        cq:styleIds="[1715193184573]"
                                        jcr:created="{Date}2024-07-24T03:45:30.943Z"
                                        jcr:createdBy="anna.herbst@lazard.com"
                                        jcr:lastModified="{Date}2024-07-30T17:32:37.694Z"
                                        jcr:lastModifiedBy="anna.herbst@lazard.com"
                                        jcr:mixinTypes="[cq:LiveRelationship]"
                                        jcr:primaryType="nt:unstructured"
                                        sling:resourceType="lam/components/image"
                                        displayPopupTitle="true"
                                        dmPresetType="imagePreset"
                                        fileReference="/content/dam/lam/demo-asset/Homepage Image Text.png"
                                        imageFromPageImage="false"
                                        isDecorative="true"
                                        linkTarget="_self"
                                        showExpandButton="true"
                                        titleValueFromDAM="true"/>
                                </items>
                            </image_and_text>
                        </colpar_1>
                        <columnsList
                            cq:lastRolledout="{Date}2024-07-30T17:32:37.700Z"
                            cq:lastRolledoutBy="anna.herbst@lazard.com"
                            jcr:mixinTypes="[cq:LiveRelationship]"
                            jcr:primaryType="nt:unstructured">
                            <item0
                                cq:lastRolledout="{Date}2024-07-30T17:32:37.704Z"
                                cq:lastRolledoutBy="anna.herbst@lazard.com"
                                jcr:mixinTypes="[cq:LiveRelationship]"
                                jcr:primaryType="nt:unstructured"
                                desktopSize="is-auto-desktop"
                                mobileSize="is-auto-mobile"
                                tabletSize="is-auto-tablet"/>
                        </columnsList>
                    </custom_container_200>
                    <custom_container_cop
                        cq:lastRolledout="{Date}2024-07-30T17:32:37.721Z"
                        cq:lastRolledoutBy="anna.herbst@lazard.com"
                        cq:styleIds="[1716903752204,1718059985668]"
                        jcr:created="{Date}2024-07-24T03:19:28.564Z"
                        jcr:createdBy="anna.herbst@lazard.com"
                        jcr:lastModified="{Date}2024-07-30T17:32:37.710Z"
                        jcr:lastModifiedBy="anna.herbst@lazard.com"
                        jcr:mixinTypes="[cq:LiveRelationship]"
                        jcr:primaryType="nt:unstructured"
                        sling:resourceType="lam/components/custom-container"
                        applyCustomizedBorder="true"
                        backgroundColor="#171A1C"
                        borderWidth="1px"
                        containerBorders="[rightBorder,leftBorder]"
                        containetBoxType="fixed-contained"
                        contentBorderColor="rgba(255,255,255,0.12)"
                        enableVerticalScrollbar="false"
                        hasNestedCustomContainer="is-NestedCustomContainer"
                        hideFinancialIntermediary="false"
                        hideIndividualInvestor="false"
                        hideInstitucionalInvestor="false"
                        hidePrivateWealth="false"
                        isGapless="is-gapped"
                        isHorizontalCentered="is-hnormal"
                        isMobileColumns="is-normal"
                        isVerticalCentered="is-vnormal"
                        showSeparator="false">
                        <columnsList
                            cq:lastRolledout="{Date}2024-07-30T17:32:37.728Z"
                            cq:lastRolledoutBy="anna.herbst@lazard.com"
                            jcr:mixinTypes="[cq:LiveRelationship]"
                            jcr:primaryType="nt:unstructured">
                            <item0
                                cq:lastRolledout="{Date}2024-07-30T17:32:37.732Z"
                                cq:lastRolledoutBy="anna.herbst@lazard.com"
                                jcr:mixinTypes="[cq:LiveRelationship]"
                                jcr:primaryType="nt:unstructured"
                                desktopSize="is-auto-desktop"
                                mobileSize="is-auto-mobile"
                                tabletSize="is-auto-tablet"/>
                            <item1
                                cq:lastRolledout="{Date}2024-07-30T17:32:37.736Z"
                                cq:lastRolledoutBy="anna.herbst@lazard.com"
                                jcr:mixinTypes="[cq:LiveRelationship]"
                                jcr:primaryType="nt:unstructured"
                                desktopSize="is-auto-desktop"
                                mobileSize="is-auto-mobile"
                                tabletSize="is-auto-tablet"/>
                        </columnsList>
                        <colpar_1
                            cq:lastRolledout="{Date}2024-07-30T17:32:37.742Z"
                            cq:lastRolledoutBy="anna.herbst@lazard.com"
                            jcr:mixinTypes="[cq:LiveRelationship]"
                            jcr:primaryType="nt:unstructured"
                            sling:resourceType="wcm/foundation/components/responsivegrid">
                            <custom_container
                                cq:lastRolledout="{Date}2024-07-30T17:32:37.758Z"
                                cq:lastRolledoutBy="anna.herbst@lazard.com"
                                cq:styleIds="[1716903752204]"
                                jcr:created="{Date}2024-07-24T03:20:25.085Z"
                                jcr:createdBy="anna.herbst@lazard.com"
                                jcr:lastModified="{Date}2024-07-30T17:32:37.749Z"
                                jcr:lastModifiedBy="anna.herbst@lazard.com"
                                jcr:mixinTypes="[cq:LiveRelationship]"
                                jcr:primaryType="nt:unstructured"
                                sling:resourceType="lam/components/custom-container"
                                applyCustomizedBorder="true"
                                borderWidth="1px"
                                containerBorders="[rightBorder,bottomBorder]"
                                containetBoxType="fixed-contained"
                                contentBorderColor="rgba(255,255,255,0.12)"
                                enableVerticalScrollbar="false"
                                hasNestedCustomContainer="is-not-NestedCustomContainer"
                                hideFinancialIntermediary="false"
                                hideIndividualInvestor="false"
                                hideInstitucionalInvestor="false"
                                hidePrivateWealth="false"
                                isGapless="is-gapped"
                                isHorizontalCentered="is-hnormal"
                                isMobileColumns="is-normal"
                                isVerticalCentered="is-vnormal"
                                showSeparator="false">
                                <columnsList
                                    cq:lastRolledout="{Date}2024-07-30T17:32:37.761Z"
                                    cq:lastRolledoutBy="anna.herbst@lazard.com"
                                    jcr:mixinTypes="[cq:LiveRelationship]"
                                    jcr:primaryType="nt:unstructured">
                                    <item0
                                        cq:lastRolledout="{Date}2024-07-30T17:32:37.765Z"
                                        cq:lastRolledoutBy="anna.herbst@lazard.com"
                                        jcr:mixinTypes="[cq:LiveRelationship]"
                                        jcr:primaryType="nt:unstructured"
                                        desktopSize="is-auto-desktop"
                                        mobileSize="is-auto-mobile"
                                        tabletSize="is-auto-tablet"/>
                                </columnsList>
                                <colpar_1
                                    cq:lastRolledout="{Date}2024-07-30T17:32:37.768Z"
                                    cq:lastRolledoutBy="anna.herbst@lazard.com"
                                    jcr:mixinTypes="[cq:LiveRelationship]"
                                    jcr:primaryType="nt:unstructured"
                                    sling:resourceType="wcm/foundation/components/responsivegrid">
                                    <title
                                        cq:lastRolledout="{Date}2024-07-30T17:32:37.775Z"
                                        cq:lastRolledoutBy="anna.herbst@lazard.com"
                                        cq:styleIds="[1714663198464,1718058320182]"
                                        jcr:created="{Date}2024-07-24T03:20:49.219Z"
                                        jcr:createdBy="anna.herbst@lazard.com"
                                        jcr:lastModified="{Date}2024-07-30T17:32:37.772Z"
                                        jcr:lastModifiedBy="anna.herbst@lazard.com"
                                        jcr:mixinTypes="[cq:LiveRelationship]"
                                        jcr:primaryType="nt:unstructured"
                                        jcr:title="Get In Touch"
                                        sling:resourceType="lam/components/title"
                                        bottomMarginD="31px"
                                        eyebrowWeight="eyebrow"
                                        linkTarget="_self"
                                        topMarginD="271px"
                                        type="h2"/>
                                </colpar_1>
                            </custom_container>
                            <custom_container_243973212
                                cq:lastRolledout="{Date}2024-07-30T17:32:37.786Z"
                                cq:lastRolledoutBy="anna.herbst@lazard.com"
                                cq:styleIds="[1716903752204]"
                                jcr:created="{Date}2024-07-24T03:21:27.581Z"
                                jcr:createdBy="anna.herbst@lazard.com"
                                jcr:lastModified="{Date}2024-07-30T17:32:37.781Z"
                                jcr:lastModifiedBy="anna.herbst@lazard.com"
                                jcr:mixinTypes="[cq:LiveRelationship]"
                                jcr:primaryType="nt:unstructured"
                                sling:resourceType="lam/components/custom-container"
                                applyCustomizedBorder="false"
                                containetBoxType="fixed-contained"
                                enableVerticalScrollbar="false"
                                hasNestedCustomContainer="is-not-NestedCustomContainer"
                                hideFinancialIntermediary="false"
                                hideIndividualInvestor="false"
                                hideInstitucionalInvestor="false"
                                hidePrivateWealth="false"
                                isGapless="is-gapped"
                                isHorizontalCentered="is-hnormal"
                                isMobileColumns="is-normal"
                                isVerticalCentered="is-vnormal"
                                showSeparator="false"
                                topMarginD="64px">
                                <columnsList
                                    cq:lastRolledout="{Date}2024-07-30T17:32:37.788Z"
                                    cq:lastRolledoutBy="anna.herbst@lazard.com"
                                    jcr:mixinTypes="[cq:LiveRelationship]"
                                    jcr:primaryType="nt:unstructured">
                                    <item0
                                        cq:lastRolledout="{Date}2024-07-30T17:32:37.793Z"
                                        cq:lastRolledoutBy="anna.herbst@lazard.com"
                                        jcr:mixinTypes="[cq:LiveRelationship]"
                                        jcr:primaryType="nt:unstructured"
                                        desktopSize="is-auto-desktop"
                                        mobileSize="is-auto-mobile"
                                        tabletSize="is-auto-tablet"/>
                                </columnsList>
                            </custom_container_243973212>
                        </colpar_1>
                        <colpar_2
                            cq:lastRolledout="{Date}2024-07-30T17:32:37.799Z"
                            cq:lastRolledoutBy="anna.herbst@lazard.com"
                            jcr:mixinTypes="[cq:LiveRelationship]"
                            jcr:primaryType="nt:unstructured"
                            sling:resourceType="wcm/foundation/components/responsivegrid">
                            <custom_container
                                cq:lastRolledout="{Date}2024-07-30T17:32:37.818Z"
                                cq:lastRolledoutBy="anna.herbst@lazard.com"
                                cq:styleIds="[1716903752204]"
                                jcr:created="{Date}2024-07-24T03:21:59.447Z"
                                jcr:createdBy="anna.herbst@lazard.com"
                                jcr:lastModified="{Date}2024-07-30T17:32:37.806Z"
                                jcr:lastModifiedBy="anna.herbst@lazard.com"
                                jcr:mixinTypes="[cq:LiveRelationship]"
                                jcr:primaryType="nt:unstructured"
                                sling:resourceType="lam/components/custom-container"
                                applyCustomizedBorder="true"
                                borderWidth="1px"
                                containerBorders="[topBorder,bottomBorder]"
                                containetBoxType="fixed-contained"
                                contentBorderColor="rgba(255,255,255,0.12)"
                                enableVerticalScrollbar="false"
                                hasNestedCustomContainer="is-not-NestedCustomContainer"
                                hideFinancialIntermediary="false"
                                hideIndividualInvestor="false"
                                hideInstitucionalInvestor="false"
                                hidePrivateWealth="false"
                                isGapless="is-gapless"
                                isHorizontalCentered="is-hnormal"
                                isMobileColumns="is-normal"
                                isVerticalCentered="is-vnormal"
                                showSeparator="false"
                                topMarginD="60px">
                                <colpar_1
                                    cq:lastRolledout="{Date}2024-07-30T17:32:37.823Z"
                                    cq:lastRolledoutBy="anna.herbst@lazard.com"
                                    jcr:mixinTypes="[cq:LiveRelationship]"
                                    jcr:primaryType="nt:unstructured"
                                    sling:resourceType="wcm/foundation/components/responsivegrid">
                                    <text
                                        cq:lastRolledout="{Date}2024-07-30T17:32:37.830Z"
                                        cq:lastRolledoutBy="anna.herbst@lazard.com"
                                        cq:styleIds="[1715181126107]"
                                        jcr:created="{Date}2024-07-24T03:22:30.390Z"
                                        jcr:createdBy="anna.herbst@lazard.com"
                                        jcr:lastModified="{Date}2024-07-30T17:32:37.827Z"
                                        jcr:lastModifiedBy="anna.herbst@lazard.com"
                                        jcr:mixinTypes="[cq:LiveRelationship]"
                                        jcr:primaryType="nt:unstructured"
                                        sling:resourceType="lam/components/text"
                                        bottomMarginD="50px"
                                        text="&lt;p>Lorem ipsum dolor sit amet consectetur. Tristique tincidunt porttitor lobortis etiam.&lt;/p>&#xd;&#xa;"
                                        textIsRich="true"
                                        topMarginD="222px"/>
                                </colpar_1>
                                <columnsList
                                    cq:lastRolledout="{Date}2024-07-30T17:32:37.836Z"
                                    cq:lastRolledoutBy="anna.herbst@lazard.com"
                                    jcr:mixinTypes="[cq:LiveRelationship]"
                                    jcr:primaryType="nt:unstructured">
                                    <item0
                                        cq:lastRolledout="{Date}2024-07-30T17:32:37.843Z"
                                        cq:lastRolledoutBy="anna.herbst@lazard.com"
                                        jcr:mixinTypes="[cq:LiveRelationship]"
                                        jcr:primaryType="nt:unstructured"
                                        desktopSize="is-auto-desktop"
                                        mobileSize="is-auto-mobile"
                                        tabletSize="is-auto-tablet"/>
                                    <item1
                                        cq:lastRolledout="{Date}2024-07-30T17:32:37.846Z"
                                        cq:lastRolledoutBy="anna.herbst@lazard.com"
                                        jcr:mixinTypes="[cq:LiveRelationship]"
                                        jcr:primaryType="nt:unstructured"
                                        desktopSize="is-one-third-desktop"
                                        mobileSize="is-auto-mobile"
                                        tabletSize="is-auto-tablet"/>
                                </columnsList>
                                <colpar_2
                                    cq:lastRolledout="{Date}2024-07-30T17:32:37.848Z"
                                    cq:lastRolledoutBy="anna.herbst@lazard.com"
                                    jcr:mixinTypes="[cq:LiveRelationship]"
                                    jcr:primaryType="nt:unstructured"
                                    sling:resourceType="wcm/foundation/components/responsivegrid">
                                    <button
                                        cq:lastRolledout="{Date}2024-07-30T17:32:37.858Z"
                                        cq:lastRolledoutBy="anna.herbst@lazard.com"
                                        cq:styleIds="[1714575764632]"
                                        jcr:created="{Date}2024-07-24T03:23:28.809Z"
                                        jcr:createdBy="anna.herbst@lazard.com"
                                        jcr:lastModified="{Date}2024-07-30T17:32:37.854Z"
                                        jcr:lastModifiedBy="anna.herbst@lazard.com"
                                        jcr:mixinTypes="[cq:LiveRelationship]"
                                        jcr:primaryType="nt:unstructured"
                                        jcr:title="Contact Us"
                                        sling:resourceType="lam/components/button"
                                        bottomMarginD="32px"
                                        linkTarget="_self"
                                        linkURL="#"
                                        topMarginD="219px"/>
                                </colpar_2>
                            </custom_container>
                            <custom_container_1521425160
                                cq:lastRolledout="{Date}2024-07-30T17:32:37.869Z"
                                cq:lastRolledoutBy="anna.herbst@lazard.com"
                                cq:styleIds="[1716903752204]"
                                jcr:created="{Date}2024-07-24T03:23:59.810Z"
                                jcr:createdBy="anna.herbst@lazard.com"
                                jcr:lastModified="{Date}2024-07-30T17:32:37.864Z"
                                jcr:lastModifiedBy="anna.herbst@lazard.com"
                                jcr:mixinTypes="[cq:LiveRelationship]"
                                jcr:primaryType="nt:unstructured"
                                sling:resourceType="lam/components/custom-container"
                                applyCustomizedBorder="false"
                                containetBoxType="fixed-contained"
                                enableVerticalScrollbar="false"
                                hasNestedCustomContainer="is-not-NestedCustomContainer"
                                hideFinancialIntermediary="false"
                                hideIndividualInvestor="false"
                                hideInstitucionalInvestor="false"
                                hidePrivateWealth="false"
                                isGapless="is-gapped"
                                isHorizontalCentered="is-hnormal"
                                isMobileColumns="is-normal"
                                isVerticalCentered="is-vnormal"
                                showSeparator="false"
                                topMarginD="64px">
                                <columnsList
                                    cq:lastRolledout="{Date}2024-07-30T17:32:37.871Z"
                                    cq:lastRolledoutBy="anna.herbst@lazard.com"
                                    jcr:mixinTypes="[cq:LiveRelationship]"
                                    jcr:primaryType="nt:unstructured">
                                    <item0
                                        cq:lastRolledout="{Date}2024-07-30T17:32:37.875Z"
                                        cq:lastRolledoutBy="anna.herbst@lazard.com"
                                        jcr:mixinTypes="[cq:LiveRelationship]"
                                        jcr:primaryType="nt:unstructured"
                                        desktopSize="is-auto-desktop"
                                        mobileSize="is-auto-mobile"
                                        tabletSize="is-auto-tablet"/>
                                </columnsList>
                            </custom_container_1521425160>
                        </colpar_2>
                    </custom_container_cop>
                    <custom_container_147
                        cq:lastRolledout="{Date}2024-07-30T17:32:37.889Z"
                        cq:lastRolledoutBy="anna.herbst@lazard.com"
                        cq:styleIds="[1716903741074,1718059985668]"
                        jcr:created="{Date}2024-07-24T03:27:04.680Z"
                        jcr:createdBy="anna.herbst@lazard.com"
                        jcr:lastModified="{Date}2024-07-30T17:32:37.880Z"
                        jcr:lastModifiedBy="anna.herbst@lazard.com"
                        jcr:mixinTypes="[cq:LiveRelationship]"
                        jcr:primaryType="nt:unstructured"
                        sling:resourceType="lam/components/custom-container"
                        applyCustomizedBorder="false"
                        backgroundColor="#171A1C"
                        containetBoxType="fixed-contained"
                        enableVerticalScrollbar="false"
                        hasNestedCustomContainer="is-NestedCustomContainer"
                        hideFinancialIntermediary="false"
                        hideIndividualInvestor="false"
                        hideInstitucionalInvestor="false"
                        hidePrivateWealth="false"
                        isGapless="is-gapped"
                        isHorizontalCentered="is-hnormal"
                        isMobileColumns="is-normal"
                        isVerticalCentered="is-vnormal"
                        showSeparator="false">
                        <columnsList
                            cq:lastRolledout="{Date}2024-07-30T17:32:37.892Z"
                            cq:lastRolledoutBy="anna.herbst@lazard.com"
                            jcr:mixinTypes="[cq:LiveRelationship]"
                            jcr:primaryType="nt:unstructured">
                            <item0
                                cq:lastRolledout="{Date}2024-07-30T17:32:37.897Z"
                                cq:lastRolledoutBy="anna.herbst@lazard.com"
                                jcr:mixinTypes="[cq:LiveRelationship]"
                                jcr:primaryType="nt:unstructured"
                                desktopSize="is-auto-desktop"
                                mobileSize="is-auto-mobile"
                                tabletSize="is-auto-tablet"/>
                        </columnsList>
                        <colpar_1
                            cq:lastRolledout="{Date}2024-07-30T17:32:37.908Z"
                            cq:lastRolledoutBy="anna.herbst@lazard.com"
                            jcr:mixinTypes="[cq:LiveRelationship]"
                            jcr:primaryType="nt:unstructured"
                            sling:resourceType="wcm/foundation/components/responsivegrid">
                            <custom_container
                                cq:lastRolledout="{Date}2024-07-30T17:32:37.922Z"
                                cq:lastRolledoutBy="anna.herbst@lazard.com"
                                cq:styleIds="[1716903741074]"
                                jcr:created="{Date}2024-07-24T03:31:12.158Z"
                                jcr:createdBy="anna.herbst@lazard.com"
                                jcr:lastModified="{Date}2024-07-30T17:32:37.917Z"
                                jcr:lastModifiedBy="anna.herbst@lazard.com"
                                jcr:mixinTypes="[cq:LiveRelationship]"
                                jcr:primaryType="nt:unstructured"
                                sling:resourceType="lam/components/custom-container"
                                applyCustomizedBorder="true"
                                borderWidth="1px"
                                containerBorders="bottomBorder"
                                containetBoxType="fixed-contained"
                                contentBorderColor="rgba(255,255,255,0.12)"
                                enableVerticalScrollbar="false"
                                hasNestedCustomContainer="is-not-NestedCustomContainer"
                                hideFinancialIntermediary="false"
                                hideIndividualInvestor="false"
                                hideInstitucionalInvestor="false"
                                hidePrivateWealth="false"
                                isGapless="is-gapped"
                                isHorizontalCentered="is-hnormal"
                                isMobileColumns="is-normal"
                                isVerticalCentered="is-vnormal"
                                showSeparator="false"
                                topPaddingM="48px">
                                <columnsList
                                    cq:lastRolledout="{Date}2024-07-30T17:32:37.925Z"
                                    cq:lastRolledoutBy="anna.herbst@lazard.com"
                                    jcr:mixinTypes="[cq:LiveRelationship]"
                                    jcr:primaryType="nt:unstructured">
                                    <item0
                                        cq:lastRolledout="{Date}2024-07-30T17:32:37.929Z"
                                        cq:lastRolledoutBy="anna.herbst@lazard.com"
                                        jcr:mixinTypes="[cq:LiveRelationship]"
                                        jcr:primaryType="nt:unstructured"
                                        desktopSize="is-auto-desktop"
                                        mobileSize="is-auto-mobile"
                                        tabletSize="is-auto-tablet"/>
                                </columnsList>
                            </custom_container>
                            <title
                                cq:lastRolledout="{Date}2024-07-30T17:32:37.936Z"
                                cq:lastRolledoutBy="anna.herbst@lazard.com"
                                cq:styleIds="[1714663198464,1718058320182]"
                                jcr:created="{Date}2024-07-24T03:33:27.523Z"
                                jcr:createdBy="anna.herbst@lazard.com"
                                jcr:lastModified="{Date}2024-07-30T17:32:37.932Z"
                                jcr:lastModifiedBy="anna.herbst@lazard.com"
                                jcr:mixinTypes="[cq:LiveRelationship]"
                                jcr:primaryType="nt:unstructured"
                                jcr:title="Get In Touch"
                                sling:resourceType="lam/components/title"
                                bottomMarginM="124px"
                                eyebrowWeight="eyebrow"
                                leftMarginM="12px"
                                linkTarget="_self"
                                topMarginM="31px"
                                type="h2"/>
                            <text
                                cq:lastRolledout="{Date}2024-07-30T17:32:37.942Z"
                                cq:lastRolledoutBy="anna.herbst@lazard.com"
                                cq:styleIds="[1715181126107]"
                                jcr:created="{Date}2024-07-24T03:35:31.380Z"
                                jcr:createdBy="anna.herbst@lazard.com"
                                jcr:lastModified="{Date}2024-07-30T17:32:37.938Z"
                                jcr:lastModifiedBy="anna.herbst@lazard.com"
                                jcr:mixinTypes="[cq:LiveRelationship]"
                                jcr:primaryType="nt:unstructured"
                                sling:resourceType="lam/components/text"
                                bottomMarginM="20px"
                                leftMarginM="12px"
                                rightMarginM="37px"
                                text="&lt;p>Lorem ipsum dolor sit amet consectetur. Tristique tincidunt porttitor lobortis etiam.Lorem ipsum dolor sit amet consectetur. Tristique tincidunt porttitor lobortis etiam.&lt;/p>&#xd;&#xa;"
                                textIsRich="true"/>
                            <button
                                cq:lastRolledout="{Date}2024-07-30T17:32:37.948Z"
                                cq:lastRolledoutBy="anna.herbst@lazard.com"
                                cq:styleIds="[1714575764632]"
                                jcr:created="{Date}2024-07-24T03:37:45.299Z"
                                jcr:createdBy="anna.herbst@lazard.com"
                                jcr:lastModified="{Date}2024-07-30T17:32:37.945Z"
                                jcr:lastModifiedBy="anna.herbst@lazard.com"
                                jcr:mixinTypes="[cq:LiveRelationship]"
                                jcr:primaryType="nt:unstructured"
                                jcr:title="Contact Us"
                                sling:resourceType="lam/components/button"
                                bottomMarginM="30px"
                                leftMarginM="12px"
                                linkTarget="_self"
                                linkURL="#"/>
                            <custom_container_1006233756
                                cq:lastRolledout="{Date}2024-07-30T17:32:37.959Z"
                                cq:lastRolledoutBy="anna.herbst@lazard.com"
                                cq:styleIds="[1716903741074]"
                                jcr:created="{Date}2024-07-24T03:40:35.025Z"
                                jcr:createdBy="anna.herbst@lazard.com"
                                jcr:lastModified="{Date}2024-07-30T17:32:37.954Z"
                                jcr:lastModifiedBy="anna.herbst@lazard.com"
                                jcr:mixinTypes="[cq:LiveRelationship]"
                                jcr:primaryType="nt:unstructured"
                                sling:resourceType="lam/components/custom-container"
                                applyCustomizedBorder="true"
                                borderWidth="1px"
                                bottomMarginM="48px"
                                containerBorders="topBorder"
                                containetBoxType="fixed-contained"
                                contentBorderColor="rgba(255,255,255,0.12)"
                                enableVerticalScrollbar="false"
                                hasNestedCustomContainer="is-not-NestedCustomContainer"
                                hideFinancialIntermediary="false"
                                hideIndividualInvestor="false"
                                hideInstitucionalInvestor="false"
                                hidePrivateWealth="false"
                                isGapless="is-gapped"
                                isHorizontalCentered="is-hnormal"
                                isMobileColumns="is-normal"
                                isVerticalCentered="is-vnormal"
                                showSeparator="false">
                                <columnsList
                                    cq:lastRolledout="{Date}2024-07-30T17:32:37.961Z"
                                    cq:lastRolledoutBy="anna.herbst@lazard.com"
                                    jcr:mixinTypes="[cq:LiveRelationship]"
                                    jcr:primaryType="nt:unstructured">
                                    <item0
                                        cq:lastRolledout="{Date}2024-07-30T17:32:37.966Z"
                                        cq:lastRolledoutBy="anna.herbst@lazard.com"
                                        jcr:mixinTypes="[cq:LiveRelationship]"
                                        jcr:primaryType="nt:unstructured"
                                        desktopSize="is-auto-desktop"
                                        mobileSize="is-auto-mobile"
                                        tabletSize="is-auto-tablet"/>
                                </columnsList>
                            </custom_container_1006233756>
                        </colpar_1>
                    </custom_container_147>
                </container>
                <showcasehero
                    cq:lastRolledout="{Date}2024-07-30T17:32:37.969Z"
                    cq:lastRolledoutBy="anna.herbst@lazard.com"
                    jcr:lastModified="{Date}2024-07-30T17:32:37.967Z"
                    jcr:lastModifiedBy="anna.herbst@lazard.com"
                    jcr:mixinTypes="[cq:LiveRelationship]"
                    jcr:primaryType="nt:unstructured"
                    sling:resourceType="lam/components/showcasehero"
                    autoplayDuration="5000"
                    autoplayEnabled="true">
                    <tabItems
                        cq:lastRolledout="{Date}2024-07-30T17:32:37.979Z"
                        cq:lastRolledoutBy="anna.herbst@lazard.com"
                        jcr:mixinTypes="[cq:LiveRelationship]"
                        jcr:primaryType="nt:unstructured">
                        <item0
                            cq:lastRolledout="{Date}2024-07-30T17:32:37.987Z"
                            cq:lastRolledoutBy="anna.herbst@lazard.com"
                            jcr:mixinTypes="[cq:LiveRelationship]"
                            jcr:primaryType="nt:unstructured"
                            backgroundImage="/content/dam/lam/demo-asset/Homepage Hero Asset.png"
                            ctaLabel="Read More"
                            eyebrow="Featured"
                            hideEyebrow="true"
                            hideText="true"
                            sourceType="manual"
                            tabTitle="We're Committed To Partnering With You"
                            targetPage="/content/lam/us/en_us/home"
                            text="Partnership is the key to success. Our portfolio managers work with you to craft investment solutions that meet your needs."
                            title="We're Committed To Partnering With You"/>
                        <item1
                            cq:lastRolledout="{Date}2024-07-30T17:32:37.992Z"
                            cq:lastRolledoutBy="anna.herbst@lazard.com"
                            jcr:mixinTypes="[cq:LiveRelationship]"
                            jcr:primaryType="nt:unstructured"
                            backgroundImage="/content/dam/lam/demo-asset/Showcase Hero Image Placeholder.png"
                            ctaLabel="Read More"
                            hideEyebrow="false"
                            hideText="false"
                            sourceType="manual"
                            tabTitle="Signposts And Signals: What To Watch In 2024"
                            targetPage="/content/lam/us/en_us/home"
                            title="Signposts And Signals: What To Watch In 2024"/>
                        <item2
                            cq:lastRolledout="{Date}2024-07-30T17:32:37.997Z"
                            cq:lastRolledoutBy="anna.herbst@lazard.com"
                            jcr:mixinTypes="[cq:LiveRelationship]"
                            jcr:primaryType="nt:unstructured"
                            backgroundImage="/content/dam/lam/demo-asset/Homepage Hero Asset.png"
                            ctaLabel="Read More"
                            hideEyebrow="false"
                            hideText="false"
                            sourceType="manual"
                            tabTitle="Q1 Investment Outlooks"
                            targetPage="/content/lam/us/en_us/home"
                            title="Q1 Investment Outlooks"/>
                        <item3
                            cq:lastRolledout="{Date}2024-07-30T17:32:38.002Z"
                            cq:lastRolledoutBy="anna.herbst@lazard.com"
                            jcr:mixinTypes="[cq:LiveRelationship]"
                            jcr:primaryType="nt:unstructured"
                            backgroundImage="/content/dam/lam/demo-asset/Showcase Hero Image Placeholder.png"
                            ctaLabel="Read More"
                            hideEyebrow="false"
                            hideText="false"
                            sourceType="manual"
                            tabTitle="Risk Exhaustion: Navigating The New Regime"
                            targetPage="/content/lam/us/en_us/home"
                            title="Risk Exhaustion: Navigating The New Regime"/>
                    </tabItems>
                </showcasehero>
            </container>
        </root>
        <cq:featuredimage
            cq:lastRolledout="{Date}2024-07-30T17:32:38.006Z"
            cq:lastRolledoutBy="anna.herbst@lazard.com"
            jcr:lastModified="{Date}2024-07-30T17:32:38.003Z"
            jcr:lastModifiedBy="sophia.ponce@lazard.com"
            jcr:mixinTypes="[cq:LiveRelationship]"
            jcr:primaryType="nt:unstructured"
            sling:resourceType="core/wcm/components/image/v3/image"
            altValueFromDAM="true"/>
        <cq:LiveSyncConfig
            cq:excludedPaths="[doc/document-placeholder-page,investment-solutions/wealth-management,investment-solutions/how-to-invest/mutual-funds,sustainable-insights,research-insights/investment-insights/emerging-markets-monitor/march-2024,sustainable-investment/lqe-sustainability-framework,investment-solutions/how-to-invest/ucits,doc,investment-solutions/asset-class/alternatives,research-insights/investment-insights/old-viewpoints,investment-solutions/how-to-invest/etfs,research-insights/investment-insights/perspectives/us-regulated-utilities-still-not-cheap-enough,investment-solutions/how-to-invest/investment-trusts]"
            cq:isDeep="{Boolean}true"
            cq:master="/content/lam/language-masters/en"
            cq:rolloutConfigs="[/libs/msm/wcm/rolloutconfigs/default]"
            jcr:primaryType="cq:LiveCopy"/>
    </jcr:content>
    <advisor-hub/>
    <ccpa/>
    <privacy-policy/>
    <errors_msm_moved/>
    <terms-of-use/>
    <market-forms-test-page/>
    <search-results/>
    <errors/>
    <security-fraud-awareness/>
    <doc/>
    <tax-center/>
    <document-library/>
</jcr:root>
