<?xml version="1.0" encoding="UTF-8"?>
<jcr:root xmlns:jcr="http://www.jcp.org/jcr/1.0" xmlns:nt="http://www.jcp.org/jcr/nt/1.0" xmlns:mix="http://www.jcp.org/jcr/mix/1.0" xmlns:cq="http://www.day.com/jcr/cq/1.0" xmlns:sling="http://sling.apache.org/jcr/sling/1.0"
    jcr:primaryType="cq:Page">
    <jcr:content
        cq:isDelivered="{Boolean}false"
        cq:lastModified="{Date}2024-11-03T22:52:52.368Z"
        cq:lastModifiedBy="sophia.ponce@lazard.com"
        cq:lastReplicated="{Date}2024-10-08T15:27:07.520Z"
        cq:lastReplicated_publish="{Date}2024-10-08T15:27:07.520Z"
        cq:lastReplicatedBy="sophia.ponce@lazard.com"
        cq:lastReplicatedBy_publish="sophia.ponce@lazard.com"
        cq:lastReplicationAction="Activate"
        cq:lastReplicationAction_publish="Activate"
        cq:lastRolledout="{Date}2024-11-03T22:52:52.373Z"
        cq:lastRolledoutBy="sophia.ponce@lazard.com"
        cq:template="/conf/lam/settings/wcm/templates/product-listing"
        jcr:isCheckedOut="{Boolean}true"
        jcr:mixinTypes="[cq:LiveRelationship,cq:ReplicationStatus2,mix:versionable]"
        jcr:primaryType="cq:PageContent"
        jcr:title="Featured"
        jcr:uuid="46da7808-1418-4aa7-94f9-cd03d7e45a11"
        sling:resourceType="lam/components/page"
        assetClass="assetClass0"
        includeSkipToMainContent="true"
        linkType="internal"
        pageProductData="fund-listing"
        pwaCachestrategy="staleWhileRevalidate"
        pwaDisplay="standalone"
        pwaOrientation="any">
        <root
            cq:lastRolledout="{Date}2024-11-03T22:52:52.335Z"
            cq:lastRolledoutBy="sophia.ponce@lazard.com"
            jcr:mixinTypes="[cq:LiveRelationship]"
            jcr:primaryType="nt:unstructured"
            sling:resourceType="lam/components/container"
            layout="responsiveGrid">
            <container
                cq:lastRolledout="{Date}2024-11-03T22:52:52.346Z"
                cq:lastRolledoutBy="sophia.ponce@lazard.com"
                jcr:mixinTypes="[cq:LiveRelationship]"
                jcr:primaryType="nt:unstructured"
                sling:resourceType="lam/components/container"
                layout="responsiveGrid">
                <container
                    cq:lastRolledout="{Date}2024-11-03T22:52:52.357Z"
                    cq:lastRolledoutBy="sophia.ponce@lazard.com"
                    jcr:mixinTypes="[cq:LiveRelationship]"
                    jcr:primaryType="nt:unstructured"
                    sling:resourceType="lam/components/container"
                    layout="responsiveGrid"/>
                <standardhero
                    cq:lastRolledout="{Date}2024-11-03T22:52:52.362Z"
                    cq:lastRolledoutBy="sophia.ponce@lazard.com"
                    cq:styleIds="[1721684544108]"
                    jcr:mixinTypes="[cq:LiveRelationship]"
                    jcr:primaryType="nt:unstructured"
                    sling:resourceType="lam/components/standard-hero"/>
            </container>
            <container_msm_moved
                jcr:primaryType="nt:unstructured"
                sling:resourceType="lam/components/container"
                layout="responsiveGrid">
                <container
                    cq:lastRolledout="{Date}2024-05-30T16:54:10.029Z"
                    cq:lastRolledoutBy="bassel.eladas@lazard.com"
                    jcr:mixinTypes="[cq:LiveRelationship]"
                    jcr:primaryType="nt:unstructured"
                    sling:resourceType="lam/components/container"
                    layout="responsiveGrid"/>
            </container_msm_moved>
        </root>
        <cq:featuredimage
            cq:lastRolledout="{Date}2024-11-03T22:52:52.372Z"
            cq:lastRolledoutBy="sophia.ponce@lazard.com"
            jcr:lastModified="{Date}2024-11-03T22:52:52.366Z"
            jcr:lastModifiedBy="sophia.ponce@lazard.com"
            jcr:mixinTypes="[cq:LiveRelationship]"
            jcr:primaryType="nt:unstructured"
            sling:resourceType="core/wcm/components/image/v3/image"
            altValueFromDAM="false"/>
    </jcr:content>
    <emerging-markets/>
    <glif/>
    <quality-investing/>
    <thematic-investing/>
</jcr:root>
