<?xml version="1.0" encoding="UTF-8"?>
<jcr:root xmlns:jcr="http://www.jcp.org/jcr/1.0" xmlns:nt="http://www.jcp.org/jcr/nt/1.0" xmlns:cq="http://www.day.com/jcr/cq/1.0" xmlns:sling="http://sling.apache.org/jcr/sling/1.0"
    jcr:primaryType="cq:Page">
    <jcr:content
        cq:lastModified="{Date}2024-10-01T21:25:53.538Z"
        cq:lastModifiedBy="sophia.ponce@lazard.com"
        cq:lastRolledout="{Date}2024-10-01T21:25:53.540Z"
        cq:lastRolledoutBy="sophia.ponce@lazard.com"
        cq:template="/conf/lam/settings/wcm/templates/misc-utility"
        jcr:mixinTypes="[cq:LiveRelationship]"
        jcr:primaryType="cq:PageContent"
        jcr:title="Press Releases"
        sling:resourceType="lam/components/page"
        category="strategy"
        hideInNav="true"
        linkType="internal"
        pageProductData="fund-listing"
        pwaCachestrategy="staleWhileRevalidate"
        pwaDisplay="standalone"
        pwaOrientation="any">
        <root
            cq:lastRolledout="{Date}2024-10-01T21:25:53.413Z"
            cq:lastRolledoutBy="sophia.ponce@lazard.com"
            jcr:mixinTypes="[cq:LiveRelationship]"
            jcr:primaryType="nt:unstructured"
            sling:resourceType="lam/components/container"
            layout="responsiveGrid">
            <container
                cq:lastRolledout="{Date}2024-10-01T21:25:53.449Z"
                cq:lastRolledoutBy="sophia.ponce@lazard.com"
                jcr:mixinTypes="[cq:LiveRelationship]"
                jcr:primaryType="nt:unstructured"
                sling:resourceType="lam/components/container"
                layout="responsiveGrid">
                <standardHero
                    cq:lastRolledout="{Date}2024-10-01T21:25:53.479Z"
                    cq:lastRolledoutBy="sophia.ponce@lazard.com"
                    cq:styleIds="[1721684544108]"
                    jcr:lastModified="{Date}2024-10-01T21:25:53.475Z"
                    jcr:lastModifiedBy="sophia.ponce@lazard.com"
                    jcr:mixinTypes="[cq:LiveRelationship]"
                    jcr:primaryType="nt:unstructured"
                    sling:resourceType="lam/components/standard-hero"
                    assetType="image"
                    displayLayout="landscape-asset-template"
                    hideAsset="false"
                    hideBreadcrumb="false"
                    hideEyebrow="true"
                    hideText="false"
                    placeAssetSection="false"
                    placeDescriptionSection="false"
                    showAnnouncement="true"
                    sourceType="manual"
                    title="Press Releases">
                    <breadcrumb
                        cq:lastRolledout="{Date}2024-10-01T21:25:53.497Z"
                        cq:lastRolledoutBy="sophia.ponce@lazard.com"
                        jcr:mixinTypes="[cq:LiveRelationship]"
                        jcr:primaryType="nt:unstructured"
                        disableShadowing="false"
                        hideCurrent="false"
                        showHidden="false"
                        startLevel="2"/>
                </standardHero>
                <container
                    cq:lastRolledout="{Date}2024-10-01T21:25:53.499Z"
                    cq:lastRolledoutBy="sophia.ponce@lazard.com"
                    jcr:mixinTypes="[cq:LiveRelationship]"
                    jcr:primaryType="nt:unstructured"
                    sling:resourceType="lam/components/container">
                    <result_grid
                        cq:lastRolledout="{Date}2024-10-01T21:25:53.517Z"
                        cq:lastRolledoutBy="sophia.ponce@lazard.com"
                        jcr:created="{Date}2024-10-01T21:13:47.244Z"
                        jcr:createdBy="sophia.ponce@lazard.com"
                        jcr:lastModified="{Date}2024-10-01T21:25:53.514Z"
                        jcr:lastModifiedBy="sophia.ponce@lazard.com"
                        jcr:mixinTypes="[cq:LiveRelationship]"
                        jcr:primaryType="nt:unstructured"
                        sling:resourceType="lam/components/result-grid"
                        assetType="image"
                        displayLayout="thought-leadership"
                        searchRoot="/content/lam/at/en_gb/about/media-center/press-releases">
                        <breadcrumb
                            cq:lastRolledout="{Date}2024-10-01T21:25:53.535Z"
                            cq:lastRolledoutBy="sophia.ponce@lazard.com"
                            jcr:mixinTypes="[cq:LiveRelationship]"
                            jcr:primaryType="nt:unstructured"
                            disableShadowing="false"
                            hideCurrent="false"
                            showHidden="false"
                            startLevel="2"/>
                    </result_grid>
                </container>
            </container>
        </root>
        <cq:featuredimage
            cq:lastRolledout="{Date}2024-10-01T21:25:53.540Z"
            cq:lastRolledoutBy="sophia.ponce@lazard.com"
            jcr:lastModified="{Date}2024-10-01T21:25:53.536Z"
            jcr:lastModifiedBy="sophia.ponce@lazard.com"
            jcr:mixinTypes="[cq:LiveRelationship]"
            jcr:primaryType="nt:unstructured"
            sling:resourceType="core/wcm/components/image/v3/image"
            altValueFromDAM="true"/>
    </jcr:content>
    <lazard-elaia-capital-hires-alexandre-margoline-and-anna-vershebeniuk/>
    <australia-launches-global-listed-infrastructure-active-etf/>
    <rosalie-berman-joins-lazard-asset-management/>
    <lazard-sustainable-private-infrastructure-strategy-acquires-collective-energy-gmbh/>
    <launches-us-small-cap-equity-ucits-fund/>
    <sarbjit-nahal-joins-lazard-asset-management/>
    <lazard-sustainable-private-infrastructure-fund-and-renfin-announce-a-strategic-partnership-for-italian-hydropower-investments/>
    <lazard-and-elaia-partners-form-strategic-partnership/>
    <names-tomohiro-kamisaku-as-ceo-of-lazard-japan-asset-management-kk/>
    <appoints-evie-paterson-to-global-sustainable-equity-team/>
</jcr:root>
