<?xml version="1.0" encoding="UTF-8"?>
<jcr:root xmlns:jcr="http://www.jcp.org/jcr/1.0" xmlns:nt="http://www.jcp.org/jcr/nt/1.0" xmlns:cq="http://www.day.com/jcr/cq/1.0" xmlns:sling="http://sling.apache.org/jcr/sling/1.0"
    jcr:primaryType="cq:Page">
    <jcr:content
        cq:lastModified="{Date}2024-10-30T19:16:00.210Z"
        cq:lastModifiedBy="disclaimer-service-user"
        cq:template="/conf/lam/settings/wcm/templates/fund-detail"
        jcr:primaryType="cq:PageContent"
        jcr:title="Lazard Global Listed Infrastructure (CAD Hedge)"
        sling:resourceType="lam/components/page"
        productType="Fund">
        <root
            jcr:primaryType="nt:unstructured"
            sling:resourceType="lam/components/container"
            layout="responsiveGrid">
            <container
                jcr:primaryType="nt:unstructured"
                sling:resourceType="lam/components/container"
                layout="responsiveGrid"/>
        </root>
    </jcr:content>
    <productData
        jcr:primaryType="nt:unstructured"
        title="Lazard Global Listed Infrastructure (CAD Hedge)"
        type="Fund"/>
    <disclaimerMappings jcr:primaryType="nt:unstructured">
        <DisclaimerLabel
            jcr:primaryType="nt:unstructured"
            approvedLanguages="[en_us]"
            disclaimerPaths="[/content/dam/lazard-asset-management/disclaimers/en_us/2078031161]"
            isGlobalProductMapping="{Boolean}true"
            type="DisclaimerLabel"/>
        <DisclaimerAllocation
            jcr:primaryType="nt:unstructured"
            approvedLanguages="[en_au]"
            disclaimerPaths="[/content/dam/lazard-asset-management/disclaimers/en_us/378019417]"
            isGlobalProductMapping="{Boolean}false"
            type="DisclaimerAllocation"/>
        <DisclaimerCharacteristics
            jcr:primaryType="nt:unstructured"
            approvedLanguages="[en_au]"
            disclaimerPaths="[/content/dam/lazard-asset-management/disclaimers/en_us/1861348009]"
            isGlobalProductMapping="{Boolean}false"
            type="DisclaimerCharacteristics"/>
        <DisclaimerPerformanceReview
            jcr:primaryType="nt:unstructured"
            approvedLanguages="[en_au]"
            disclaimerPaths="[/content/dam/lazard-asset-management/disclaimers/en_us/1179250995]"
            isGlobalProductMapping="{Boolean}false"
            type="DisclaimerPerformanceReview"/>
        <DisclaimerTop10Holdings
            jcr:primaryType="nt:unstructured"
            approvedLanguages="[en_au]"
            disclaimerPaths="[/content/dam/lazard-asset-management/disclaimers/en_us/489716758]"
            isGlobalProductMapping="{Boolean}false"
            type="DisclaimerTop10Holdings"/>
    </disclaimerMappings>
    <externalMetadata
        jcr:primaryType="nt:unstructured"
        assetClasses="[Equity]"
        availableOnInvestmentPlatform="{Boolean}false"
        category="Real Assets"
        categorySortOrder="{Long}400"
        hasSMAonly="{Boolean}false"
        languages="[da-dk,de-at,de-ch,de-de,en-au,en-de,en-gb,en-us,es-es,fii-fi,fr-be,fr-ca,fr-fr,it-de,it-it,ja-jp,ko-kr,nb-no,nl-nl,sv-se]"
        pmTeamAsOfDate="2024-09-30"
        pmTeamMembers="[]"
        publishByCountry="{Boolean}false"
        sortOrderWithinCategory="{Long}720"
        strategyId="{Long}29"
        subStrategyId="{Long}352"
        suppressBenchmarks="{Boolean}false"
        umbrellaNumDigitsDividend="{Long}4"
        umbrellaNumDigitsNav="{Long}4">
        <productLanguages jcr:primaryType="nt:unstructured">
            <en-us
                jcr:primaryType="nt:unstructured"
                shortDesc="Lazard Global Listed Infrastructure (CAD hedge) seeks long-term, defensive, low-volatility returns that exceed inflation by investing in a range of companies around the world that Lazard considers to be &quot;Preferred Infrastructure&quot; (monopoly-like, explicit/implicit inflation pass-through, quality regulatory/political environment). We seek to build a portfolio of 25-50 equity securities that aims to provide our investors with returns of inflation +5% per annum over rolling five-year periods. The strategy is passively hedged to the Canadian dollar. The strategy is closed to new investors."/>
            <en-gb
                jcr:primaryType="nt:unstructured"
                shortDesc="Lazard Global Listed Infrastructure (CAD hedge) seeks long-term, defensive, low-volatility returns that exceed inflation by investing in a range of companies around the world that Lazard considers to be &quot;Preferred Infrastructure&quot; (monopoly-like, explicit/implicit inflation pass-through, quality regulatory/political environment). We seek to build a portfolio of 25-50 equity securities that aims to provide our investors with returns of inflation +5% per annum over rolling five-year periods. The strategy is passively hedged to the Canadian dollar. The strategy is closed to new investors."/>
        </productLanguages>
        <defaultShareClass jcr:primaryType="nt:unstructured"/>
        <shareClasses jcr:primaryType="nt:unstructured">
            <_x0035_13
                jcr:primaryType="nt:unstructured"
                countries="[AU,BM,BS,NZ,PG,XX]"
                currency="CAD"
                currencySymbol="C$"
                fundId="{Long}300"
                fundingStatus="Soft-Closed"
                isAuthorizedPending="{Boolean}false"
                isGLIF="{Boolean}true"
                isSMA="{Boolean}false"
                vehicleId="{Long}1"
                vehicleName="Separate Account">
                <professionalOnlyCountries jcr:primaryType="nt:unstructured"/>
            </_x0035_13>
        </shareClasses>
        <platforms jcr:primaryType="nt:unstructured">
            <_x0039_2
                jcr:primaryType="nt:unstructured"
                countries="[AU,BM,NZ,PG]"
                regions="[20,5]"
                sortOrder="{Long}100"
                title="Global Equity Platform"/>
        </platforms>
    </externalMetadata>
</jcr:root>
