<?xml version="1.0" encoding="UTF-8"?>
<jcr:root xmlns:jcr="http://www.jcp.org/jcr/1.0" xmlns:nt="http://www.jcp.org/jcr/nt/1.0" xmlns:mix="http://www.jcp.org/jcr/mix/1.0" xmlns:cq="http://www.day.com/jcr/cq/1.0" xmlns:sling="http://sling.apache.org/jcr/sling/1.0"
    jcr:primaryType="cq:Page">
    <jcr:content
        cq:isDelivered="{Boolean}false"
        cq:lastModified="{Date}2024-09-17T20:56:20.394Z"
        cq:lastModifiedBy="products-service-user"
        cq:lastReplicated="{Date}2024-08-20T14:40:34.772Z"
        cq:lastReplicated_publish="{Date}2024-08-20T14:40:34.772Z"
        cq:lastReplicatedBy="sophia.ponce@lazard.com"
        cq:lastReplicatedBy_publish="sophia.ponce@lazard.com"
        cq:lastReplicationAction="Activate"
        cq:lastReplicationAction_publish="Activate"
        cq:template="/conf/lam/settings/wcm/templates/strategy-detail"
        jcr:isCheckedOut="{Boolean}true"
        jcr:mixinTypes="[cq:ReplicationStatus2,mix:versionable]"
        jcr:primaryType="cq:PageContent"
        jcr:title="Climate Action"
        jcr:uuid="c5376b75-c7d3-4262-b7d4-2abe27d2ba0c"
        sling:resourceType="lam/components/page"
        assetClass="assetClass0"
        linkType="internal"
        pageProductData="fund-listing"
        productType="Strategy"
        pwaCachestrategy="staleWhileRevalidate"
        pwaDisplay="standalone"
        pwaOrientation="any"
        tagLine="Invests in climate solution providers who help mitigate GHG emissions or adaption to climate change">
        <root
            jcr:primaryType="nt:unstructured"
            sling:resourceType="lam/components/container"
            layout="responsiveGrid">
            <container
                jcr:primaryType="nt:unstructured"
                sling:resourceType="lam/components/container"
                layout="responsiveGrid"/>
        </root>
        <cq:featuredimage
            jcr:lastModified="{Date}2024-08-20T14:45:13.987Z"
            jcr:lastModifiedBy="sophia.ponce@lazard.com"
            jcr:primaryType="nt:unstructured"
            sling:resourceType="core/wcm/components/image/v3/image"
            altValueFromDAM="true"/>
    </jcr:content>
    <productData
        jcr:primaryType="nt:unstructured"
        title="Climate Action"
        type="Strategy"/>
    <externalMetadata
        jcr:primaryType="nt:unstructured"
        assetClasses="[Equity]"
        aumCurrency="USD"
        aumCurrencySymbol="US$"
        isEMD="{Boolean}false"
        isSMA="{Boolean}false"
        languages="[da-dk,de-at,de-ch,de-de,en-au,en-de,en-gb,en-us,es-es,fii-fi,fr-be,fr-ca,fr-fr,it-de,it-it,nb-no,nl-nl,pt-pt,sv-se]"
        pmTeamAsOfDate="2024-06-30"
        shareClassIds="[12441,13245]">
        <productLanguages jcr:primaryType="nt:unstructured">
            <de-de
                jcr:primaryType="nt:unstructured"
                shortDesc="Lazard Climate Action investiert in Klimaschutzanbieter, deren Technologien, Produkte und Dienstleistungen direkt und spürbar dazu beitragen, die Treibhausgasemissionen zu verringern und/oder die Gesellschaft bei der Anpassung an die Klimaveränderungen zu unterstützen. Die Investmentstrategie ist eine globale Aktienlösung für Anleger, die von den Chancen beim Übergang zu einer kohlenstoffarmen Wirtschaft profitieren wollen. Climate Action ist eine diversifizierte, qualitativ hochwertige und auf Wachstum ausgerichtete Strategie, die in 50 bis 70 Unternehmen aus dem gesamten Spektrum der Klimaschutzlösungen sowohl in Industrie- als auch in Schwellenländern investiert. Das Konzept zielt darauf ab, die globalen Aktienmärkte über einen Konjunkturzyklus hinweg zu übertreffen."/>
            <en-us
                jcr:primaryType="nt:unstructured"
                shortDesc="The Lazard Climate Action strategy seeks to invest in climate solution providers whose technologies, products and services directly and tangibly help to mitigate greenhouse gas emissions and/or help society adapt to the effects of climate change. The strategy is designed as a global equity solution for investors seeking to capitalize on the opportunities created by the transition to a low-carbon economy. Climate Action is a diversified, high-quality, growth strategy invested in 50 to 70 companies across the entire range of climate solutions from both developed and emerging markets. The strategy aims to outperform global equity markets over an economic cycle."
                tagline="Invests in climate solution providers who help mitigate GHG emissions or adaption to climate change"/>
        </productLanguages>
        <platforms jcr:primaryType="nt:unstructured">
            <_x0039_2
                jcr:primaryType="nt:unstructured"
                countries="[AE,AU,BE,BH,CA,DK,ES,FI,FR,GB,IE,IL,LU,MT,NL,NO,NZ,PG,PT,SA,SE,US,XX,ZA]"
                regions="[3,5,2,22,1]"
                sortOrder="{Long}100"
                title="Global Equity Platform"/>
            <_x0033_5745
                jcr:primaryType="nt:unstructured"
                countries="[AT,CH,DE,IT,LI]"
                regions="[18,4,21]"
                sortOrder="{Long}9700"
                title="Equity Platform"/>
        </platforms>
        <pmTeamMembers jcr:primaryType="nt:unstructured">
            <_x0030_
                jcr:primaryType="nt:unstructured"
                bioId="{Long}1153"
                firstName="Koen"
                isLead="{Boolean}true"
                lastName="Popleu"
                sortOrder="{Long}1"/>
            <_x0031_
                jcr:primaryType="nt:unstructured"
                bioId="{Long}1154"
                firstName="Monika"
                isLead="{Boolean}false"
                lastName="Kumar"
                sortOrder="{Long}2"/>
        </pmTeamMembers>
        <webClassifications jcr:primaryType="nt:unstructured">
            <_x0030_
                jcr:primaryType="nt:unstructured"
                type="Geography"
                value="Global"/>
            <_x0031_
                jcr:primaryType="nt:unstructured"
                type="Type"
                value="Fundamental"/>
            <_x0032_
                jcr:primaryType="nt:unstructured"
                type="Style"
                value="Sustainability"/>
            <_x0033_
                jcr:primaryType="nt:unstructured"
                type="Style"
                value="Thematic"/>
        </webClassifications>
        <subStrategies jcr:primaryType="nt:unstructured">
            <_x0036_84
                jcr:primaryType="nt:unstructured"
                defaultShareClass="{Long}12441"
                primaryBenchmark="MSCI All Country World Index"
                title="Climate Action"/>
            <_x0037_07
                jcr:primaryType="nt:unstructured"
                defaultShareClass="{Long}13245"
                title="Climate Action ADR"/>
        </subStrategies>
    </externalMetadata>
    <disclaimerMappings jcr:primaryType="nt:unstructured">
        <DisclaimerLabel
            jcr:primaryType="nt:unstructured"
            approvedLanguages="[en_us]"
            disclaimerPaths="[]"
            isGlobalProductMapping="{Boolean}true"
            placeholderKeys="[]"
            type="DisclaimerLabel"/>
    </disclaimerMappings>
</jcr:root>
