<?xml version="1.0" encoding="UTF-8"?>
<jcr:root xmlns:jcr="http://www.jcp.org/jcr/1.0" xmlns:nt="http://www.jcp.org/jcr/nt/1.0" xmlns:mix="http://www.jcp.org/jcr/mix/1.0" xmlns:cq="http://www.day.com/jcr/cq/1.0" xmlns:sling="http://sling.apache.org/jcr/sling/1.0"
    jcr:primaryType="cq:Page">
    <jcr:content
        cq:isDelivered="{Boolean}false"
        cq:lastModified="{Date}2024-08-20T14:30:30.529Z"
        cq:lastModifiedBy="sophia.ponce@lazard.com"
        cq:lastReplicationAction_publish="Activate"
        cq:tags="[experience-fragments:variation/web]"
        cq:template="/conf/lam/settings/wcm/templates/xf-web-variation"
        cq:xfVariantType="web"
        jcr:isCheckedOut="{Boolean}true"
        jcr:mixinTypes="[cq:ReplicationStatus2,mix:versionable]"
        jcr:primaryType="cq:PageContent"
        jcr:title="US Advisors"
        jcr:uuid="64fec755-fc1b-4ad0-adae-53f5a1f5615e"
        sling:resourceType="lam/components/xfpage">
        <root
            jcr:primaryType="nt:unstructured"
            sling:resourceType="lam/components/container"
            layout="responsiveGrid">
            <custom_container_149
                jcr:created="{Date}2024-05-28T16:48:25.775Z"
                jcr:createdBy="anna.herbst@lazard.com"
                jcr:lastModified="{Date}2024-06-26T15:47:40.418Z"
                jcr:lastModifiedBy="sophia.ponce@lazard.com"
                jcr:primaryType="nt:unstructured"
                sling:resourceType="lam/components/custom-container"
                applyContentBorderColor="false"
                applyCustomizedBorder="false"
                backgroundColor="#171A1C"
                borderWidth="1px"
                containerBorders="bottomBorder"
                containetBoxType="fixed-contained"
                contentBackgroundColor="#171A1C"
                contentBorderColor="rgba(255,255,255,0.12)"
                enableVerticalScrollbar="false"
                isGapless="is-gapped"
                isHorizontalCentered="is-hnormal"
                isMobileColumns="is-normal"
                isVerticalCentered="is-vnormal"
                showSeparator="true"
                spaceSeparation="2px">
                <colpar_1
                    jcr:primaryType="nt:unstructured"
                    sling:resourceType="wcm/foundation/components/responsivegrid">
                    <title
                        cq:styleIds="[1714663198464,1716563303581]"
                        jcr:created="{Date}2024-05-28T16:50:35.713Z"
                        jcr:createdBy="anna.herbst@lazard.com"
                        jcr:lastModified="{Date}2024-06-03T14:33:56.336Z"
                        jcr:lastModifiedBy="anna.herbst@lazard.com"
                        jcr:primaryType="nt:unstructured"
                        jcr:title="Get In Touch"
                        sling:resourceType="lam/components/title"
                        bottomMarginD="45px"
                        eyebrowWeight="eyebrow"
                        linkTarget="_self"
                        topMarginD="133px"
                        type="h2"/>
                </colpar_1>
                <colpar_2
                    jcr:primaryType="nt:unstructured"
                    sling:resourceType="wcm/foundation/components/responsivegrid">
                    <text
                        cq:styleIds="[1715181126107]"
                        jcr:created="{Date}2024-05-28T17:19:48.770Z"
                        jcr:createdBy="anna.herbst@lazard.com"
                        jcr:lastModified="{Date}2024-06-26T15:23:13.849Z"
                        jcr:lastModifiedBy="sophia.ponce@lazard.com"
                        jcr:primaryType="nt:unstructured"
                        sling:resourceType="lam/components/text"
                        bottomMarginD="45px"
                        text="&lt;p>For questions or inquiries, please contact our Client Service Team to speak with a representative at 1-800-823-6300.&lt;/p>&#xd;&#xa;"
                        textIsRich="true"
                        topMarginD="152px"/>
                </colpar_2>
                <colpar_3
                    jcr:primaryType="nt:unstructured"
                    sling:resourceType="wcm/foundation/components/responsivegrid">
                    <button
                        cq:styleIds="[1714685066661]"
                        jcr:created="{Date}2024-05-28T17:21:02.862Z"
                        jcr:createdBy="anna.herbst@lazard.com"
                        jcr:lastModified="{Date}2024-06-26T15:25:09.107Z"
                        jcr:lastModifiedBy="sophia.ponce@lazard.com"
                        jcr:primaryType="nt:unstructured"
                        jcr:title="Contact Us"
                        sling:resourceType="lam/components/button"
                        bottomMarginD="45px"
                        linkTarget="_self"
                        topMarginD="152px"/>
                </colpar_3>
                <columnsList jcr:primaryType="nt:unstructured">
                    <item0
                        jcr:primaryType="nt:unstructured"
                        desktopSize="is-half-desktop"
                        mobileSize="is-auto-mobile"
                        tabletSize="is-auto-tablet"/>
                    <item1
                        jcr:primaryType="nt:unstructured"
                        desktopSize="is-one-third-desktop"
                        mobileSize="is-auto-mobile"
                        tabletSize="is-auto-tablet"/>
                    <item2
                        jcr:primaryType="nt:unstructured"
                        desktopSize="is-auto-desktop"
                        mobileSize="is-auto-mobile"
                        tabletSize="is-auto-tablet"/>
                </columnsList>
            </custom_container_149>
        </root>
        <cq:metadata jcr:primaryType="nt:unstructured"/>
    </jcr:content>
</jcr:root>
