<?xml version="1.0" encoding="UTF-8"?>
<jcr:root xmlns:jcr="http://www.jcp.org/jcr/1.0" xmlns:nt="http://www.jcp.org/jcr/nt/1.0" xmlns:mix="http://www.jcp.org/jcr/mix/1.0" xmlns:cq="http://www.day.com/jcr/cq/1.0" xmlns:sling="http://sling.apache.org/jcr/sling/1.0"
    jcr:primaryType="cq:Page">
    <jcr:content
        cq:isDelivered="{Boolean}false"
        cq:lastModified="{Date}2024-11-03T22:51:02.311Z"
        cq:lastModifiedBy="sophia.ponce@lazard.com"
        cq:lastReplicated="{Date}2024-10-07T15:47:43.912Z"
        cq:lastReplicated_publish="{Date}2024-10-07T15:47:43.912Z"
        cq:lastReplicatedBy="sophia.ponce@lazard.com"
        cq:lastReplicatedBy_publish="sophia.ponce@lazard.com"
        cq:lastReplicationAction="Activate"
        cq:lastReplicationAction_publish="Activate"
        cq:lastRolledout="{Date}2024-11-03T22:51:02.315Z"
        cq:lastRolledoutBy="sophia.ponce@lazard.com"
        cq:template="/conf/lam/settings/wcm/templates/product-listing"
        jcr:isCheckedOut="{Boolean}true"
        jcr:mixinTypes="[cq:LiveRelationship,cq:ReplicationStatus2,mix:versionable]"
        jcr:primaryType="cq:PageContent"
        jcr:title="Asset Class"
        jcr:uuid="d7c09e94-68d8-4d2e-8153-7377362610cf"
        sling:resourceType="lam/components/page"
        assetClass="assetClass0"
        hideInNav="true"
        includeSkipToMainContent="true"
        linkType="internal"
        pageProductData="fund-listing"
        pwaCachestrategy="staleWhileRevalidate"
        pwaDisplay="standalone"
        pwaOrientation="any">
        <root
            cq:lastRolledout="{Date}2024-11-03T22:51:02.268Z"
            cq:lastRolledoutBy="sophia.ponce@lazard.com"
            jcr:mixinTypes="[cq:LiveRelationship]"
            jcr:primaryType="nt:unstructured"
            sling:resourceType="lam/components/container"
            layout="responsiveGrid">
            <container
                cq:lastRolledout="{Date}2024-11-03T22:51:02.290Z"
                cq:lastRolledoutBy="sophia.ponce@lazard.com"
                jcr:mixinTypes="[cq:LiveRelationship]"
                jcr:primaryType="nt:unstructured"
                sling:resourceType="lam/components/container"
                layout="responsiveGrid">
                <container
                    cq:lastRolledout="{Date}2024-11-03T22:51:02.302Z"
                    cq:lastRolledoutBy="sophia.ponce@lazard.com"
                    jcr:mixinTypes="[cq:LiveRelationship]"
                    jcr:primaryType="nt:unstructured"
                    sling:resourceType="lam/components/container"
                    layout="responsiveGrid"/>
                <standardhero
                    cq:lastRolledout="{Date}2024-11-03T22:51:02.307Z"
                    cq:lastRolledoutBy="sophia.ponce@lazard.com"
                    cq:styleIds="[1721684544108]"
                    jcr:mixinTypes="[cq:LiveRelationship]"
                    jcr:primaryType="nt:unstructured"
                    sling:resourceType="lam/components/standard-hero"/>
            </container>
            <container_msm_moved
                cq:isManuallyCreated="{Boolean}true"
                jcr:primaryType="nt:unstructured"
                sling:resourceType="lam/components/container"
                layout="responsiveGrid">
                <container
                    cq:lastRolledout="{Date}2024-05-30T16:53:08.518Z"
                    cq:lastRolledoutBy="bassel.eladas@lazard.com"
                    jcr:mixinTypes="[cq:LiveRelationship]"
                    jcr:primaryType="nt:unstructured"
                    sling:resourceType="lam/components/container"
                    layout="responsiveGrid"/>
            </container_msm_moved>
        </root>
        <cq:featuredimage
            cq:lastRolledout="{Date}2024-11-03T22:51:02.315Z"
            cq:lastRolledoutBy="sophia.ponce@lazard.com"
            jcr:lastModified="{Date}2024-11-03T22:51:02.310Z"
            jcr:lastModifiedBy="sophia.ponce@lazard.com"
            jcr:mixinTypes="[cq:LiveRelationship]"
            jcr:primaryType="nt:unstructured"
            sling:resourceType="core/wcm/components/image/v3/image"
            altValueFromDAM="false"/>
    </jcr:content>
    <equities/>
    <fixed-income/>
    <multi-asset/>
    <alternative/>
    <real-assets/>
    <_x0038_/>
    <_x0031_/>
    <_x0035_/>
    <_x0037_/>
    <_x0031_0/>
    <_x0031_1/>
    <_x0032_0/>
    <_x0032_3/>
    <_x0032_4/>
    <_x0032_6/>
    <_x0032_9/>
    <_x0033_1/>
    <_x0033_2/>
    <_x0034_5/>
    <_x0034_6/>
    <_x0035_1/>
    <_x0035_9/>
    <_x0036_0/>
    <_x0036_1/>
    <_x0036_2/>
    <_x0036_3/>
    <_x0036_6/>
    <_x0037_3/>
    <_x0037_9/>
    <_x0038_1/>
    <_x0038_6/>
    <_x0038_9/>
    <_x0039_0/>
    <_x0039_1/>
    <_x0039_2/>
    <_x0031_04/>
    <_x0031_07/>
    <_x0031_08/>
    <_x0031_12/>
    <_x0031_16/>
    <_x0031_20/>
    <_x0031_29/>
    <_x0031_30/>
    <_x0031_31/>
    <_x0031_38/>
    <_x0031_44/>
    <_x0031_46/>
    <_x0031_51/>
    <_x0031_58/>
    <_x0031_60/>
    <_x0031_62/>
    <_x0031_66/>
    <_x0031_70/>
    <_x0031_73/>
    <_x0031_77/>
    <_x0031_82/>
    <_x0031_83/>
    <_x0031_90/>
    <_x0031_93/>
    <_x0031_97/>
    <_x0031_99/>
    <_x0032_02/>
    <_x0032_03/>
    <_x0032_05/>
    <_x0032_11/>
    <_x0032_16/>
    <_x0032_31/>
    <_x0032_41/>
    <_x0032_66/>
    <_x0032_67/>
    <_x0032_68/>
    <_x0032_69/>
    <_x0032_74/>
    <_x0032_91/>
    <_x0033_03/>
    <_x0033_06/>
    <_x0033_15/>
    <_x0033_16/>
    <_x0033_19/>
</jcr:root>
