<?xml version="1.0" encoding="UTF-8"?>
<jcr:root xmlns:jcr="http://www.jcp.org/jcr/1.0" xmlns:nt="http://www.jcp.org/jcr/nt/1.0" xmlns:mix="http://www.jcp.org/jcr/mix/1.0" xmlns:cq="http://www.day.com/jcr/cq/1.0" xmlns:sling="http://sling.apache.org/jcr/sling/1.0"
    jcr:primaryType="cq:Page">
    <home/>
    <investment-solutions/>
    <research-insights/>
    <sustainable-investment/>
    <about/>
    <contact/>
    <global-disclosure/>
    <cookie-policy/>
    <jcr:content
        cq:isDelivered="{Boolean}false"
        cq:lastModified="{Date}2024-10-01T15:35:58.943Z"
        cq:lastModifiedBy="bassel.eladas@lazard.com"
        cq:lastReplicated="{Date}2024-07-30T20:21:19.665Z"
        cq:lastReplicated_publish="{Date}2024-07-30T20:21:19.665Z"
        cq:lastReplicated_scene7="{Date}2024-07-30T17:37:31.304Z"
        cq:lastReplicatedBy="anna.herbst@lazard.com"
        cq:lastReplicatedBy_publish="anna.herbst@lazard.com"
        cq:lastReplicatedBy_scene7="anna.herbst@lazard.com"
        cq:lastReplicationAction="Activate"
        cq:lastReplicationAction_publish="Activate"
        cq:lastReplicationAction_scene7="Activate"
        cq:lastRolledout="{Date}2024-10-01T15:35:58.945Z"
        cq:lastRolledoutBy="bassel.eladas@lazard.com"
        cq:styleIds="[1716321868996]"
        cq:template="/conf/lam/settings/wcm/templates/home-page"
        jcr:isCheckedOut="{Boolean}true"
        jcr:mixinTypes="[cq:LiveRelationship,cq:LiveSync,cq:ReplicationStatus2,mix:versionable]"
        jcr:primaryType="cq:PageContent"
        jcr:title="en"
        jcr:uuid="007ed6d3-88f8-49ac-b036-68deec508598"
        sling:resourceType="lam/components/page"
        assetClass="assetClass0"
        category="strategy"
        headerTheme="dark"
        hideInNav="true"
        linkType="internal"
        nodesMoved="{Boolean}true"
        pageProductData="fund-listing"
        pwaCachestrategy="staleWhileRevalidate"
        pwaDisplay="standalone"
        pwaOrientation="any">
        <root
            cq:lastRolledout="{Date}2024-10-01T15:35:58.147Z"
            cq:lastRolledoutBy="bassel.eladas@lazard.com"
            jcr:mixinTypes="[cq:LiveRelationship]"
            jcr:primaryType="nt:unstructured"
            sling:resourceType="lam/components/container"
            layout="responsiveGrid">
            <container
                cq:lastRolledout="{Date}2024-10-01T15:35:58.155Z"
                cq:lastRolledoutBy="bassel.eladas@lazard.com"
                jcr:mixinTypes="[cq:LiveRelationship]"
                jcr:primaryType="nt:unstructured"
                sling:resourceType="lam/components/container"
                layout="responsiveGrid">
                <container
                    cq:lastRolledout="{Date}2024-10-01T15:35:58.177Z"
                    cq:lastRolledoutBy="bassel.eladas@lazard.com"
                    jcr:mixinTypes="[cq:LiveRelationship]"
                    jcr:primaryType="nt:unstructured"
                    sling:resourceType="lam/components/container"
                    layout="responsiveGrid">
                    <custom_container_182
                        cq:lastRolledout="{Date}2024-10-01T15:35:58.197Z"
                        cq:lastRolledoutBy="bassel.eladas@lazard.com"
                        cq:styleIds="[1718059993783]"
                        jcr:created="{Date}2024-07-23T21:28:59.193Z"
                        jcr:createdBy="anna.herbst@lazard.com"
                        jcr:lastModified="{Date}2024-10-01T15:35:58.189Z"
                        jcr:lastModifiedBy="anna.herbst@lazard.com"
                        jcr:mixinTypes="[cq:LiveRelationship]"
                        jcr:primaryType="nt:unstructured"
                        sling:resourceType="lam/components/custom-container"
                        applyCustomizedBorder="false"
                        backgroundColor="#EBF4FA"
                        containetBoxType="fixed-contained"
                        enableVerticalScrollbar="false"
                        hasNestedCustomContainer="is-not-NestedCustomContainer"
                        hideFinancialIntermediary="false"
                        hideIndividualInvestor="false"
                        hideInstitucionalInvestor="false"
                        hidePrivateWealth="false"
                        isGapless="is-gapped"
                        isHorizontalCentered="is-hnormal"
                        isMobileColumns="is-normal"
                        isVerticalCentered="is-vnormal"
                        showSeparator="false">
                        <columnsList
                            cq:lastRolledout="{Date}2024-10-01T15:35:58.200Z"
                            cq:lastRolledoutBy="bassel.eladas@lazard.com"
                            jcr:mixinTypes="[cq:LiveRelationship]"
                            jcr:primaryType="nt:unstructured">
                            <item0
                                cq:lastRolledout="{Date}2024-10-01T15:35:58.204Z"
                                cq:lastRolledoutBy="bassel.eladas@lazard.com"
                                jcr:mixinTypes="[cq:LiveRelationship]"
                                jcr:primaryType="nt:unstructured"
                                desktopSize="is-auto-desktop"
                                mobileSize="is-auto-mobile"
                                tabletSize="is-auto-tablet"/>
                        </columnsList>
                        <colpar_1
                            cq:lastRolledout="{Date}2024-10-01T15:35:58.207Z"
                            cq:lastRolledoutBy="bassel.eladas@lazard.com"
                            jcr:mixinTypes="[cq:LiveRelationship]"
                            jcr:primaryType="nt:unstructured"
                            sling:resourceType="wcm/foundation/components/responsivegrid">
                            <flexiblepathingcards
                                cq:lastRolledout="{Date}2024-10-01T15:35:58.223Z"
                                cq:lastRolledoutBy="bassel.eladas@lazard.com"
                                jcr:created="{Date}2024-07-23T21:29:31.498Z"
                                jcr:createdBy="anna.herbst@lazard.com"
                                jcr:lastModified="{Date}2024-10-01T15:35:58.211Z"
                                jcr:lastModifiedBy="anna.herbst@lazard.com"
                                jcr:mixinTypes="[cq:LiveRelationship]"
                                jcr:primaryType="nt:unstructured"
                                sling:resourceType="lam/components/flexiblePathingCards"
                                childDepth="1"
                                listFrom="static"
                                maxItems="3"
                                sortOrder="asc"
                                tagsMatch="any">
                                <flexibleText
                                    cq:lastRolledout="{Date}2024-10-01T15:35:58.230Z"
                                    cq:lastRolledoutBy="bassel.eladas@lazard.com"
                                    jcr:lastModified="{Date}2024-10-01T15:35:58.227Z"
                                    jcr:lastModifiedBy="anna.herbst@lazard.com"
                                    jcr:mixinTypes="[cq:LiveRelationship]"
                                    jcr:primaryType="nt:unstructured"
                                    sling:resourceType="lam/components/text"
                                    text="&lt;p>Lorem ipsum dolor sit amet, consectetur adipiscing elit. Tellus in odio at quisque at odio lobortis id.&lt;/p>&#xd;&#xa;"
                                    textIsRich="true"/>
                                <flexibleButton
                                    cq:lastRolledout="{Date}2024-10-01T15:35:58.235Z"
                                    cq:lastRolledoutBy="bassel.eladas@lazard.com"
                                    cq:styleIds="[1714685066661]"
                                    jcr:lastModified="{Date}2024-10-01T15:35:58.233Z"
                                    jcr:lastModifiedBy="anna.herbst@lazard.com"
                                    jcr:mixinTypes="[cq:LiveRelationship]"
                                    jcr:primaryType="nt:unstructured"
                                    jcr:title="View All"
                                    sling:resourceType="lam/components/button"
                                    linkTarget="_self"
                                    linkURL="#"/>
                                <flexibleTitle
                                    cq:lastRolledout="{Date}2024-10-01T15:35:58.241Z"
                                    cq:lastRolledoutBy="bassel.eladas@lazard.com"
                                    cq:styleIds="[1714663198464,1716563302577]"
                                    jcr:lastModified="{Date}2024-10-01T15:35:58.238Z"
                                    jcr:lastModifiedBy="anna.herbst@lazard.com"
                                    jcr:mixinTypes="[cq:LiveRelationship]"
                                    jcr:primaryType="nt:unstructured"
                                    jcr:title="Featured Insights"
                                    sling:resourceType="lam/components/title"
                                    eyebrow="Lorem Ipsum"
                                    eyebrowWeight="eyebrow"
                                    linkTarget="_self"
                                    type="h1"/>
                                <static
                                    cq:lastRolledout="{Date}2024-10-01T15:35:58.251Z"
                                    cq:lastRolledoutBy="bassel.eladas@lazard.com"
                                    jcr:mixinTypes="[cq:LiveRelationship]"
                                    jcr:primaryType="nt:unstructured">
                                    <item0
                                        cq:lastRolledout="{Date}2024-10-01T15:35:58.257Z"
                                        cq:lastRolledoutBy="bassel.eladas@lazard.com"
                                        jcr:mixinTypes="[cq:LiveRelationship]"
                                        jcr:primaryType="nt:unstructured"
                                        linkTarget="_self"
                                        linkURL="/content/lam/us/test/demo-pages/research-and-insights/risk-exhaustion-navigating-new-regime"/>
                                    <item1
                                        cq:lastRolledout="{Date}2024-10-01T15:35:58.260Z"
                                        cq:lastRolledoutBy="bassel.eladas@lazard.com"
                                        jcr:mixinTypes="[cq:LiveRelationship]"
                                        jcr:primaryType="nt:unstructured"
                                        linkTarget="_self"
                                        linkURL="/content/lam/us/test/demo-pages/research-and-insights/what-to-watch-2024"/>
                                    <item2
                                        cq:lastRolledout="{Date}2024-10-01T15:35:58.263Z"
                                        cq:lastRolledoutBy="bassel.eladas@lazard.com"
                                        jcr:mixinTypes="[cq:LiveRelationship]"
                                        jcr:primaryType="nt:unstructured"
                                        linkTarget="_self"
                                        linkURL="/content/lam/us/test/demo-pages/research-and-insights/japanese-equities-why-is-now-different"/>
                                </static>
                            </flexiblepathingcards>
                        </colpar_1>
                    </custom_container_182>
                    <grid50
                        cq:lastRolledout="{Date}2024-10-01T15:35:58.275Z"
                        cq:lastRolledoutBy="bassel.eladas@lazard.com"
                        cq:styleIds="[1718213363934,1718213406395]"
                        jcr:created="{Date}2024-07-29T01:43:28.096Z"
                        jcr:createdBy="anna.herbst@lazard.com"
                        jcr:lastModified="{Date}2024-10-01T15:35:58.267Z"
                        jcr:lastModifiedBy="anna.herbst@lazard.com"
                        jcr:mixinTypes="[cq:LiveRelationship]"
                        jcr:primaryType="nt:unstructured"
                        sling:resourceType="lam/components/grid50"
                        cardType="pathing-card"
                        displayPopupTitle="true"
                        imageFromPageImage="true"
                        isDecorative="true"
                        linkTarget="_self"
                        showExpandButton="true"
                        text="Lorem ipsum dolor sit amet, consectetur adipiscing elit. Tellus in odio at quisque at odio lobortis id.">
                        <title
                            cq:lastRolledout="{Date}2024-10-01T15:35:58.281Z"
                            cq:lastRolledoutBy="bassel.eladas@lazard.com"
                            jcr:lastModified="{Date}2024-10-01T15:35:58.278Z"
                            jcr:lastModifiedBy="anna.herbst@lazard.com"
                            jcr:mixinTypes="[cq:LiveRelationship]"
                            jcr:primaryType="nt:unstructured"
                            jcr:title="Related  Products"
                            sling:resourceType="lam/components/title"
                            eyebrow="Lorem Ipsum"
                            eyebrowWeight="eyebrow"
                            linkTarget="_self"
                            type="h1"/>
                        <tabItems
                            cq:lastRolledout="{Date}2024-10-01T15:35:58.287Z"
                            cq:lastRolledoutBy="bassel.eladas@lazard.com"
                            jcr:mixinTypes="[cq:LiveRelationship]"
                            jcr:primaryType="nt:unstructured">
                            <item0
                                cq:lastRolledout="{Date}2024-10-01T15:35:58.292Z"
                                cq:lastRolledoutBy="bassel.eladas@lazard.com"
                                jcr:mixinTypes="[cq:LiveRelationship]"
                                jcr:primaryType="nt:unstructured"
                                active="true"
                                tabTitle="Asset Class">
                                <list
                                    cq:lastRolledout="{Date}2024-10-01T15:35:58.297Z"
                                    cq:lastRolledoutBy="bassel.eladas@lazard.com"
                                    jcr:mixinTypes="[cq:LiveRelationship]"
                                    jcr:primaryType="nt:unstructured"
                                    childDepth="1"
                                    listFrom="static"
                                    maxItems="8"
                                    sortOrder="asc"
                                    tagsMatch="any">
                                    <static
                                        cq:lastRolledout="{Date}2024-10-01T15:35:58.318Z"
                                        cq:lastRolledoutBy="bassel.eladas@lazard.com"
                                        jcr:mixinTypes="[cq:LiveRelationship]"
                                        jcr:primaryType="nt:unstructured">
                                        <item0
                                            cq:lastRolledout="{Date}2024-10-01T15:35:58.330Z"
                                            cq:lastRolledoutBy="bassel.eladas@lazard.com"
                                            jcr:mixinTypes="[cq:LiveRelationship]"
                                            jcr:primaryType="nt:unstructured"
                                            linkTarget="_self"
                                            linkURL="/content/lam/us/en_us/investment-solutions/asset-class/equities"/>
                                        <item1
                                            cq:lastRolledout="{Date}2024-10-01T15:35:58.333Z"
                                            cq:lastRolledoutBy="bassel.eladas@lazard.com"
                                            jcr:mixinTypes="[cq:LiveRelationship]"
                                            jcr:primaryType="nt:unstructured"
                                            linkTarget="_self"
                                            linkURL="/content/lam/us/en_us/investment-solutions/asset-class/fixed-income"/>
                                        <item2
                                            cq:lastRolledout="{Date}2024-10-01T15:35:58.337Z"
                                            cq:lastRolledoutBy="bassel.eladas@lazard.com"
                                            jcr:mixinTypes="[cq:LiveRelationship]"
                                            jcr:primaryType="nt:unstructured"
                                            linkTarget="_self"
                                            linkURL="/content/lam/us/en_us/investment-solutions/asset-class/multi-asset"/>
                                        <item3
                                            cq:lastRolledout="{Date}2024-10-01T15:35:58.341Z"
                                            cq:lastRolledoutBy="bassel.eladas@lazard.com"
                                            jcr:mixinTypes="[cq:LiveRelationship]"
                                            jcr:primaryType="nt:unstructured"
                                            linkTarget="_self"
                                            linkURL="/content/lam/us/en_us/investment-solutions/asset-class/alternative"/>
                                        <item4
                                            cq:lastRolledout="{Date}2024-10-01T15:35:58.344Z"
                                            cq:lastRolledoutBy="bassel.eladas@lazard.com"
                                            jcr:mixinTypes="[cq:LiveRelationship]"
                                            jcr:primaryType="nt:unstructured"
                                            linkTarget="_self"
                                            linkURL="/content/lam/us/en_us/investment-solutions/asset-class/real-assets"/>
                                        <item5
                                            cq:lastRolledout="{Date}2024-10-01T15:35:58.348Z"
                                            cq:lastRolledoutBy="bassel.eladas@lazard.com"
                                            jcr:mixinTypes="[cq:LiveRelationship]"
                                            jcr:primaryType="nt:unstructured"
                                            linkTarget="_self"
                                            linkURL="/content/lam/us/en_us/investment-solutions/asset-class/equities"/>
                                        <item6
                                            cq:lastRolledout="{Date}2024-10-01T15:35:58.351Z"
                                            cq:lastRolledoutBy="bassel.eladas@lazard.com"
                                            jcr:mixinTypes="[cq:LiveRelationship]"
                                            jcr:primaryType="nt:unstructured"
                                            linkTarget="_self"
                                            linkURL="/content/lam/us/en_us/investment-solutions/asset-class/fixed-income"/>
                                        <item7
                                            cq:lastRolledout="{Date}2024-10-01T15:35:58.355Z"
                                            cq:lastRolledoutBy="bassel.eladas@lazard.com"
                                            jcr:mixinTypes="[cq:LiveRelationship]"
                                            jcr:primaryType="nt:unstructured"
                                            linkTarget="_self"
                                            linkURL="/content/lam/us/en_us/investment-solutions/asset-class/multi-asset"/>
                                    </static>
                                </list>
                            </item0>
                            <item1
                                cq:lastRolledout="{Date}2024-10-01T15:35:58.358Z"
                                cq:lastRolledoutBy="bassel.eladas@lazard.com"
                                jcr:mixinTypes="[cq:LiveRelationship]"
                                jcr:primaryType="nt:unstructured"
                                active="false"
                                tabTitle="How To Invest">
                                <list
                                    cq:lastRolledout="{Date}2024-10-01T15:35:58.363Z"
                                    cq:lastRolledoutBy="bassel.eladas@lazard.com"
                                    jcr:mixinTypes="[cq:LiveRelationship]"
                                    jcr:primaryType="nt:unstructured"
                                    childDepth="1"
                                    listFrom="static"
                                    maxItems="8"
                                    sortOrder="asc"
                                    tagsMatch="any">
                                    <static
                                        cq:lastRolledout="{Date}2024-10-01T15:35:58.388Z"
                                        cq:lastRolledoutBy="bassel.eladas@lazard.com"
                                        jcr:mixinTypes="[cq:LiveRelationship]"
                                        jcr:primaryType="nt:unstructured">
                                        <item0
                                            cq:lastRolledout="{Date}2024-10-01T15:35:58.398Z"
                                            cq:lastRolledoutBy="bassel.eladas@lazard.com"
                                            jcr:mixinTypes="[cq:LiveRelationship]"
                                            jcr:primaryType="nt:unstructured"
                                            linkTarget="_self"
                                            linkURL="/content/lam/us/en_us/investment-solutions/how-to-invest/mutual-fund"/>
                                        <item1
                                            cq:lastRolledout="{Date}2024-10-01T15:35:58.401Z"
                                            cq:lastRolledoutBy="bassel.eladas@lazard.com"
                                            jcr:mixinTypes="[cq:LiveRelationship]"
                                            jcr:primaryType="nt:unstructured"
                                            linkTarget="_self"
                                            linkURL="/content/lam/us/en_us/investment-solutions/how-to-invest/closed-end-funds"/>
                                        <item2
                                            cq:lastRolledout="{Date}2024-10-01T15:35:58.404Z"
                                            cq:lastRolledoutBy="bassel.eladas@lazard.com"
                                            jcr:mixinTypes="[cq:LiveRelationship]"
                                            jcr:primaryType="nt:unstructured"
                                            linkTarget="_self"
                                            linkURL="/content/lam/us/en_us/investment-solutions/how-to-invest/etfs"/>
                                        <item3
                                            cq:lastRolledout="{Date}2024-10-01T15:35:58.407Z"
                                            cq:lastRolledoutBy="bassel.eladas@lazard.com"
                                            jcr:mixinTypes="[cq:LiveRelationship]"
                                            jcr:primaryType="nt:unstructured"
                                            linkTarget="_self"
                                            linkURL="/content/lam/us/en_us/investment-solutions/how-to-invest/ucits"/>
                                        <item4
                                            cq:lastRolledout="{Date}2024-10-01T15:35:58.411Z"
                                            cq:lastRolledoutBy="bassel.eladas@lazard.com"
                                            jcr:mixinTypes="[cq:LiveRelationship]"
                                            jcr:primaryType="nt:unstructured"
                                            linkTarget="_self"
                                            linkURL="/content/lam/us/en_us/investment-solutions/how-to-invest/onshore-funds"/>
                                        <item5
                                            cq:lastRolledout="{Date}2024-10-01T15:35:58.414Z"
                                            cq:lastRolledoutBy="bassel.eladas@lazard.com"
                                            jcr:mixinTypes="[cq:LiveRelationship]"
                                            jcr:primaryType="nt:unstructured"
                                            linkTarget="_self"
                                            linkURL="/content/lam/us/en_us/investment-solutions/how-to-invest/offshore-funds"/>
                                    </static>
                                </list>
                            </item1>
                        </tabItems>
                    </grid50>
                    <custom_container_779
                        cq:lastRolledout="{Date}2024-10-01T15:35:58.430Z"
                        cq:lastRolledoutBy="bassel.eladas@lazard.com"
                        cq:styleIds="[1718059993783,1716903752204]"
                        jcr:created="{Date}2024-07-24T02:50:46.120Z"
                        jcr:createdBy="anna.herbst@lazard.com"
                        jcr:lastModified="{Date}2024-10-01T15:35:58.420Z"
                        jcr:lastModifiedBy="anna.herbst@lazard.com"
                        jcr:mixinTypes="[cq:LiveRelationship]"
                        jcr:primaryType="nt:unstructured"
                        sling:resourceType="lam/components/custom-container"
                        applyCustomizedBorder="true"
                        borderWidth="1px"
                        containerBorders="[rightBorder,leftBorder,insideBorder]"
                        containetBoxType="fixed-contained"
                        contentBorderColor="rgba(23,26,28,0.12)"
                        enableVerticalScrollbar="false"
                        hasNestedCustomContainer="is-not-NestedCustomContainer"
                        hideFinancialIntermediary="false"
                        hideIndividualInvestor="false"
                        hideInstitucionalInvestor="false"
                        hidePrivateWealth="false"
                        isGapless="is-gapped"
                        isHorizontalCentered="is-hnormal"
                        isMobileColumns="is-normal"
                        isVerticalCentered="is-vnormal"
                        showSeparator="false">
                        <columnsList
                            cq:lastRolledout="{Date}2024-10-01T15:35:58.439Z"
                            cq:lastRolledoutBy="bassel.eladas@lazard.com"
                            jcr:mixinTypes="[cq:LiveRelationship]"
                            jcr:primaryType="nt:unstructured">
                            <item0
                                cq:lastRolledout="{Date}2024-10-01T15:35:58.445Z"
                                cq:lastRolledoutBy="bassel.eladas@lazard.com"
                                jcr:mixinTypes="[cq:LiveRelationship]"
                                jcr:primaryType="nt:unstructured"
                                desktopSize="is-half-desktop"
                                mobileSize="is-auto-mobile"
                                tabletSize="is-auto-tablet"/>
                            <item1
                                cq:lastRolledout="{Date}2024-10-01T15:35:58.448Z"
                                cq:lastRolledoutBy="bassel.eladas@lazard.com"
                                jcr:mixinTypes="[cq:LiveRelationship]"
                                jcr:primaryType="nt:unstructured"
                                desktopSize="is-auto-desktop"
                                mobileSize="is-auto-mobile"
                                tabletSize="is-auto-tablet"/>
                            <item2
                                cq:lastRolledout="{Date}2024-10-01T15:35:58.451Z"
                                cq:lastRolledoutBy="bassel.eladas@lazard.com"
                                jcr:mixinTypes="[cq:LiveRelationship]"
                                jcr:primaryType="nt:unstructured"
                                desktopSize="is-auto-desktop"
                                mobileSize="is-auto-mobile"
                                tabletSize="is-auto-tablet"/>
                        </columnsList>
                        <colpar_1
                            cq:lastRolledout="{Date}2024-10-01T15:35:58.454Z"
                            cq:lastRolledoutBy="bassel.eladas@lazard.com"
                            jcr:mixinTypes="[cq:LiveRelationship]"
                            jcr:primaryType="nt:unstructured"
                            sling:resourceType="wcm/foundation/components/responsivegrid">
                            <title
                                cq:lastRolledout="{Date}2024-10-01T15:35:58.461Z"
                                cq:lastRolledoutBy="bassel.eladas@lazard.com"
                                cq:styleIds="[1714663198464,1716563302577]"
                                jcr:created="{Date}2024-07-24T02:51:39.765Z"
                                jcr:createdBy="anna.herbst@lazard.com"
                                jcr:lastModified="{Date}2024-10-01T15:35:58.458Z"
                                jcr:lastModifiedBy="anna.herbst@lazard.com"
                                jcr:mixinTypes="[cq:LiveRelationship]"
                                jcr:primaryType="nt:unstructured"
                                jcr:title="Lorem Fund"
                                sling:resourceType="lam/components/title"
                                bottomMarginD="67px"
                                eyebrow="Lorem Ipsum"
                                eyebrowWeight="eyebrow"
                                linkTarget="_self"
                                topMarginD="80px"
                                type="h2"/>
                        </colpar_1>
                        <colpar_2
                            cq:lastRolledout="{Date}2024-10-01T15:35:58.464Z"
                            cq:lastRolledoutBy="bassel.eladas@lazard.com"
                            jcr:mixinTypes="[cq:LiveRelationship]"
                            jcr:primaryType="nt:unstructured"
                            sling:resourceType="wcm/foundation/components/responsivegrid">
                            <text
                                cq:lastRolledout="{Date}2024-10-01T15:35:58.470Z"
                                cq:lastRolledoutBy="bassel.eladas@lazard.com"
                                jcr:created="{Date}2024-07-24T02:52:34.646Z"
                                jcr:createdBy="anna.herbst@lazard.com"
                                jcr:lastModified="{Date}2024-10-01T15:35:58.467Z"
                                jcr:lastModifiedBy="anna.herbst@lazard.com"
                                jcr:mixinTypes="[cq:LiveRelationship]"
                                jcr:primaryType="nt:unstructured"
                                sling:resourceType="lam/components/text"
                                bottomMarginD="53px"
                                text="&lt;p>Lorem ipsum dolor sit amet, consectetur adipiscing elit. Tellus in odio at quisque at odio lobortis id.&lt;/p>&#xd;&#xa;"
                                textIsRich="true"
                                topMarginD="132px"/>
                        </colpar_2>
                    </custom_container_779>
                    <custom_container_151
                        cq:lastRolledout="{Date}2024-10-01T15:35:58.490Z"
                        cq:lastRolledoutBy="bassel.eladas@lazard.com"
                        cq:styleIds="[1716903752204]"
                        jcr:created="{Date}2024-07-24T03:12:12.313Z"
                        jcr:createdBy="anna.herbst@lazard.com"
                        jcr:lastModified="{Date}2024-10-01T15:35:58.476Z"
                        jcr:lastModifiedBy="anna.herbst@lazard.com"
                        jcr:mixinTypes="[cq:LiveRelationship]"
                        jcr:primaryType="nt:unstructured"
                        sling:resourceType="lam/components/custom-container"
                        applyCustomizedBorder="true"
                        borderWidth="1px"
                        containerBorders="[rightBorder,leftBorder,insideBorder]"
                        containetBoxType="fixed-contained"
                        contentBorderColor="rgba(23,26,28,0.12)"
                        enableVerticalScrollbar="false"
                        hasNestedCustomContainer="is-not-NestedCustomContainer"
                        hideFinancialIntermediary="false"
                        hideIndividualInvestor="false"
                        hideInstitucionalInvestor="false"
                        hidePrivateWealth="false"
                        isGapless="is-gapped"
                        isHorizontalCentered="is-hnormal"
                        isMobileColumns="is-normal"
                        isVerticalCentered="is-vnormal"
                        showSeparator="false">
                        <columnsList
                            cq:lastRolledout="{Date}2024-10-01T15:35:58.502Z"
                            cq:lastRolledoutBy="bassel.eladas@lazard.com"
                            jcr:mixinTypes="[cq:LiveRelationship]"
                            jcr:primaryType="nt:unstructured">
                            <item0
                                cq:lastRolledout="{Date}2024-10-01T15:35:58.509Z"
                                cq:lastRolledoutBy="bassel.eladas@lazard.com"
                                jcr:mixinTypes="[cq:LiveRelationship]"
                                jcr:primaryType="nt:unstructured"
                                desktopSize="is-auto-desktop"
                                mobileSize="is-auto-mobile"
                                tabletSize="is-auto-tablet"/>
                            <item1
                                cq:lastRolledout="{Date}2024-10-01T15:35:58.512Z"
                                cq:lastRolledoutBy="bassel.eladas@lazard.com"
                                jcr:mixinTypes="[cq:LiveRelationship]"
                                jcr:primaryType="nt:unstructured"
                                desktopSize="is-auto-desktop"
                                mobileSize="is-auto-mobile"
                                tabletSize="is-auto-tablet"/>
                            <item2
                                cq:lastRolledout="{Date}2024-10-01T15:35:58.515Z"
                                cq:lastRolledoutBy="bassel.eladas@lazard.com"
                                jcr:mixinTypes="[cq:LiveRelationship]"
                                jcr:primaryType="nt:unstructured"
                                desktopSize="is-auto-desktop"
                                mobileSize="is-auto-mobile"
                                tabletSize="is-auto-tablet"/>
                            <item3
                                cq:lastRolledout="{Date}2024-10-01T15:35:58.519Z"
                                cq:lastRolledoutBy="bassel.eladas@lazard.com"
                                jcr:mixinTypes="[cq:LiveRelationship]"
                                jcr:primaryType="nt:unstructured"
                                desktopSize="is-auto-desktop"
                                mobileSize="is-auto-mobile"
                                tabletSize="is-auto-tablet"/>
                        </columnsList>
                        <colpar_1
                            cq:lastRolledout="{Date}2024-10-01T15:35:58.521Z"
                            cq:lastRolledoutBy="bassel.eladas@lazard.com"
                            jcr:mixinTypes="[cq:LiveRelationship]"
                            jcr:primaryType="nt:unstructured"
                            sling:resourceType="wcm/foundation/components/responsivegrid">
                            <fund_card
                                cq:lastRolledout="{Date}2024-10-01T15:35:58.526Z"
                                cq:lastRolledoutBy="bassel.eladas@lazard.com"
                                jcr:created="{Date}2024-07-24T03:12:57.193Z"
                                jcr:createdBy="anna.herbst@lazard.com"
                                jcr:lastModified="{Date}2024-10-01T15:35:58.524Z"
                                jcr:lastModifiedBy="anna.herbst@lazard.com"
                                jcr:mixinTypes="[cq:LiveRelationship]"
                                jcr:primaryType="nt:unstructured"
                                sling:resourceType="lam/components/fund-card"
                                bottomMarginD="80px"
                                productPagePath="/content/lam/us/test/demo-pages/demo-fund-detail-page"/>
                        </colpar_1>
                        <colpar_2
                            cq:lastRolledout="{Date}2024-10-01T15:35:58.529Z"
                            cq:lastRolledoutBy="bassel.eladas@lazard.com"
                            jcr:mixinTypes="[cq:LiveRelationship]"
                            jcr:primaryType="nt:unstructured"
                            sling:resourceType="wcm/foundation/components/responsivegrid">
                            <fund_card_copy
                                cq:lastRolledout="{Date}2024-10-01T15:35:58.534Z"
                                cq:lastRolledoutBy="bassel.eladas@lazard.com"
                                jcr:created="{Date}2024-07-24T03:12:57.193Z"
                                jcr:createdBy="anna.herbst@lazard.com"
                                jcr:lastModified="{Date}2024-10-01T15:35:58.531Z"
                                jcr:lastModifiedBy="anna.herbst@lazard.com"
                                jcr:mixinTypes="[cq:LiveRelationship]"
                                jcr:primaryType="nt:unstructured"
                                sling:resourceType="lam/components/fund-card"
                                bottomMarginD="80px"
                                productPagePath="/content/lam/us/test/demo-pages/demo-fund-detail-page"/>
                        </colpar_2>
                        <colpar_3
                            cq:lastRolledout="{Date}2024-10-01T15:35:58.536Z"
                            cq:lastRolledoutBy="bassel.eladas@lazard.com"
                            jcr:mixinTypes="[cq:LiveRelationship]"
                            jcr:primaryType="nt:unstructured"
                            sling:resourceType="wcm/foundation/components/responsivegrid">
                            <fund_card_copy
                                cq:lastRolledout="{Date}2024-10-01T15:35:58.542Z"
                                cq:lastRolledoutBy="bassel.eladas@lazard.com"
                                jcr:created="{Date}2024-07-24T03:12:57.193Z"
                                jcr:createdBy="anna.herbst@lazard.com"
                                jcr:lastModified="{Date}2024-10-01T15:35:58.539Z"
                                jcr:lastModifiedBy="anna.herbst@lazard.com"
                                jcr:mixinTypes="[cq:LiveRelationship]"
                                jcr:primaryType="nt:unstructured"
                                sling:resourceType="lam/components/fund-card"
                                bottomMarginD="80px"
                                productPagePath="/content/lam/us/test/demo-pages/demo-fund-detail-page"/>
                        </colpar_3>
                        <colpar_4
                            cq:lastRolledout="{Date}2024-10-01T15:35:58.544Z"
                            cq:lastRolledoutBy="bassel.eladas@lazard.com"
                            jcr:mixinTypes="[cq:LiveRelationship]"
                            jcr:primaryType="nt:unstructured"
                            sling:resourceType="wcm/foundation/components/responsivegrid">
                            <fund_card_copy
                                cq:lastRolledout="{Date}2024-10-01T15:35:58.550Z"
                                cq:lastRolledoutBy="bassel.eladas@lazard.com"
                                jcr:created="{Date}2024-07-24T03:12:57.193Z"
                                jcr:createdBy="anna.herbst@lazard.com"
                                jcr:lastModified="{Date}2024-10-01T15:35:58.547Z"
                                jcr:lastModifiedBy="anna.herbst@lazard.com"
                                jcr:mixinTypes="[cq:LiveRelationship]"
                                jcr:primaryType="nt:unstructured"
                                sling:resourceType="lam/components/fund-card"
                                bottomMarginD="80px"
                                productPagePath="/content/lam/us/test/demo-pages/demo-fund-detail-page"/>
                        </colpar_4>
                    </custom_container_151>
                    <custom_container_177
                        cq:lastRolledout="{Date}2024-10-01T15:35:58.563Z"
                        cq:lastRolledoutBy="bassel.eladas@lazard.com"
                        cq:styleIds="[1716903741074,1718059993783]"
                        jcr:created="{Date}2024-07-24T03:56:26.368Z"
                        jcr:createdBy="anna.herbst@lazard.com"
                        jcr:lastModified="{Date}2024-10-01T15:35:58.555Z"
                        jcr:lastModifiedBy="anna.herbst@lazard.com"
                        jcr:mixinTypes="[cq:LiveRelationship]"
                        jcr:primaryType="nt:unstructured"
                        sling:resourceType="lam/components/custom-container"
                        applyCustomizedBorder="false"
                        containetBoxType="fixed-contained"
                        enableVerticalScrollbar="false"
                        hasNestedCustomContainer="is-not-NestedCustomContainer"
                        hideFinancialIntermediary="false"
                        hideIndividualInvestor="false"
                        hideInstitucionalInvestor="false"
                        hidePrivateWealth="false"
                        isGapless="is-gapped"
                        isHorizontalCentered="is-hnormal"
                        isMobileColumns="is-normal"
                        isVerticalCentered="is-vnormal"
                        showSeparator="false">
                        <columnsList
                            cq:lastRolledout="{Date}2024-10-01T15:35:58.566Z"
                            cq:lastRolledoutBy="bassel.eladas@lazard.com"
                            jcr:mixinTypes="[cq:LiveRelationship]"
                            jcr:primaryType="nt:unstructured">
                            <item0
                                cq:lastRolledout="{Date}2024-10-01T15:35:58.570Z"
                                cq:lastRolledoutBy="bassel.eladas@lazard.com"
                                jcr:mixinTypes="[cq:LiveRelationship]"
                                jcr:primaryType="nt:unstructured"
                                desktopSize="is-auto-desktop"
                                mobileSize="is-auto-mobile"
                                tabletSize="is-auto-tablet"/>
                        </columnsList>
                        <colpar_1
                            cq:lastRolledout="{Date}2024-10-01T15:35:58.583Z"
                            cq:lastRolledoutBy="bassel.eladas@lazard.com"
                            jcr:mixinTypes="[cq:LiveRelationship]"
                            jcr:primaryType="nt:unstructured"
                            sling:resourceType="wcm/foundation/components/responsivegrid">
                            <title
                                cq:lastRolledout="{Date}2024-10-01T15:35:58.595Z"
                                cq:lastRolledoutBy="bassel.eladas@lazard.com"
                                cq:styleIds="[1714663198464,1716563302577]"
                                jcr:created="{Date}2024-07-24T03:57:09.527Z"
                                jcr:createdBy="anna.herbst@lazard.com"
                                jcr:lastModified="{Date}2024-10-01T15:35:58.591Z"
                                jcr:lastModifiedBy="anna.herbst@lazard.com"
                                jcr:mixinTypes="[cq:LiveRelationship]"
                                jcr:primaryType="nt:unstructured"
                                jcr:title="Lorem Fund"
                                sling:resourceType="lam/components/title"
                                bottomMarginM="40px"
                                eyebrow="Lorem Ipsum"
                                eyebrowWeight="eyebrow"
                                linkTarget="_self"
                                topMarginM="47px"
                                type="h2"/>
                            <text
                                cq:lastRolledout="{Date}2024-10-01T15:35:58.600Z"
                                cq:lastRolledoutBy="bassel.eladas@lazard.com"
                                cq:styleIds="[1715181164415]"
                                jcr:created="{Date}2024-07-24T03:57:42.377Z"
                                jcr:createdBy="anna.herbst@lazard.com"
                                jcr:lastModified="{Date}2024-10-01T15:35:58.597Z"
                                jcr:lastModifiedBy="anna.herbst@lazard.com"
                                jcr:mixinTypes="[cq:LiveRelationship]"
                                jcr:primaryType="nt:unstructured"
                                sling:resourceType="lam/components/text"
                                bottomMarginM="40px"
                                text="&lt;p>Lorem ipsum dolor sit amet, consectetur adipiscing elit. Tellus in odio at quisque at odio lobortis id.&lt;/p>&#xd;&#xa;"
                                textIsRich="true"/>
                            <fund_card
                                cq:lastRolledout="{Date}2024-10-01T15:35:58.604Z"
                                cq:lastRolledoutBy="bassel.eladas@lazard.com"
                                jcr:created="{Date}2024-07-24T03:58:19.470Z"
                                jcr:createdBy="anna.herbst@lazard.com"
                                jcr:lastModified="{Date}2024-10-01T15:35:58.602Z"
                                jcr:lastModifiedBy="anna.herbst@lazard.com"
                                jcr:mixinTypes="[cq:LiveRelationship]"
                                jcr:primaryType="nt:unstructured"
                                sling:resourceType="lam/components/fund-card"
                                bottomMarginM="24px"
                                productPagePath="/content/lam/us/test/demo-pages/demo-fund-detail-page"/>
                            <fund_card_copy
                                cq:lastRolledout="{Date}2024-10-01T15:35:58.609Z"
                                cq:lastRolledoutBy="bassel.eladas@lazard.com"
                                jcr:created="{Date}2024-07-24T03:58:19.470Z"
                                jcr:createdBy="anna.herbst@lazard.com"
                                jcr:lastModified="{Date}2024-10-01T15:35:58.606Z"
                                jcr:lastModifiedBy="anna.herbst@lazard.com"
                                jcr:mixinTypes="[cq:LiveRelationship]"
                                jcr:primaryType="nt:unstructured"
                                sling:resourceType="lam/components/fund-card"
                                bottomMarginM="24px"
                                productPagePath="/content/lam/us/test/demo-pages/demo-fund-detail-page"/>
                            <fund_card_copy_1747100575
                                cq:lastRolledout="{Date}2024-10-01T15:35:58.613Z"
                                cq:lastRolledoutBy="bassel.eladas@lazard.com"
                                jcr:created="{Date}2024-07-24T03:58:19.470Z"
                                jcr:createdBy="anna.herbst@lazard.com"
                                jcr:lastModified="{Date}2024-10-01T15:35:58.610Z"
                                jcr:lastModifiedBy="anna.herbst@lazard.com"
                                jcr:mixinTypes="[cq:LiveRelationship]"
                                jcr:primaryType="nt:unstructured"
                                sling:resourceType="lam/components/fund-card"
                                bottomMarginM="24px"
                                productPagePath="/content/lam/us/test/demo-pages/demo-fund-detail-page"/>
                            <fund_card_copy_1286375023
                                cq:lastRolledout="{Date}2024-10-01T15:35:58.617Z"
                                cq:lastRolledoutBy="bassel.eladas@lazard.com"
                                jcr:created="{Date}2024-07-24T03:58:19.470Z"
                                jcr:createdBy="anna.herbst@lazard.com"
                                jcr:lastModified="{Date}2024-10-01T15:35:58.615Z"
                                jcr:lastModifiedBy="anna.herbst@lazard.com"
                                jcr:mixinTypes="[cq:LiveRelationship]"
                                jcr:primaryType="nt:unstructured"
                                sling:resourceType="lam/components/fund-card"
                                bottomMarginM="49px"
                                productPagePath="/content/lam/us/test/demo-pages/demo-fund-detail-page"/>
                        </colpar_1>
                    </custom_container_177>
                    <custom_container_200
                        cq:lastRolledout="{Date}2024-07-24T19:57:15.286Z"
                        cq:lastRolledoutBy="anna.herbst@lazard.com"
                        jcr:created="{Date}2024-07-24T03:44:03.672Z"
                        jcr:createdBy="anna.herbst@lazard.com"
                        jcr:lastModified="{Date}2024-07-29T01:55:23.000Z"
                        jcr:lastModifiedBy="anna.herbst@lazard.com"
                        jcr:mixinTypes="[cq:LiveRelationship,cq:LiveSyncCancelled]"
                        jcr:primaryType="nt:unstructured"
                        sling:resourceType="lam/components/custom-container"
                        applyCustomizedBorder="false"
                        containetBoxType="fixed-contained"
                        enableVerticalScrollbar="false"
                        hasNestedCustomContainer="is-NestedCustomContainer"
                        hideFinancialIntermediary="false"
                        hideIndividualInvestor="true"
                        hideInstitucionalInvestor="false"
                        hidePrivateWealth="true"
                        isGapless="is-gapped"
                        isHorizontalCentered="is-hnormal"
                        isMobileColumns="is-normal"
                        isVerticalCentered="is-vnormal"
                        showSeparator="false">
                        <colpar_1
                            cq:lastRolledout="{Date}2024-10-01T15:35:58.621Z"
                            cq:lastRolledoutBy="bassel.eladas@lazard.com"
                            jcr:mixinTypes="[cq:LiveRelationship]"
                            jcr:primaryType="nt:unstructured"
                            sling:resourceType="wcm/foundation/components/responsivegrid">
                            <image_and_text
                                cq:lastRolledout="{Date}2024-10-01T15:35:58.629Z"
                                cq:lastRolledoutBy="bassel.eladas@lazard.com"
                                jcr:created="{Date}2024-07-24T03:44:15.491Z"
                                jcr:createdBy="anna.herbst@lazard.com"
                                jcr:lastModified="{Date}2024-10-01T15:35:58.626Z"
                                jcr:lastModifiedBy="anna.herbst@lazard.com"
                                jcr:mixinTypes="[cq:LiveRelationship]"
                                jcr:primaryType="nt:unstructured"
                                jcr:title="Learn More"
                                sling:resourceType="lam/components/image-and-text/image-and-text"
                                assetPosition="left"
                                colorType="light"
                                darkColor="#171A1C"
                                displayLayout="2-up"
                                lightColor="#FFFFFF"
                                linkTarget="_self"
                                linkURL="#"
                                text="\[Body] Lorem ipsum dolor sit amet, consectetur adipiscing elit. Tellus in odio at quisque at odio lobortis id."
                                title="Lazard Family Office Partners">
                                <items
                                    cq:lastRolledout="{Date}2024-10-01T15:35:58.632Z"
                                    cq:lastRolledoutBy="bassel.eladas@lazard.com"
                                    jcr:mixinTypes="[cq:LiveRelationship]"
                                    jcr:primaryType="nt:unstructured"
                                    sling:resourceType="lam/components/image-and-text/image-and-text-item-container">
                                    <image
                                        cq:lastRolledout="{Date}2024-10-01T15:35:58.643Z"
                                        cq:lastRolledoutBy="bassel.eladas@lazard.com"
                                        cq:styleIds="[1715193184573]"
                                        jcr:created="{Date}2024-07-24T03:45:30.943Z"
                                        jcr:createdBy="anna.herbst@lazard.com"
                                        jcr:lastModified="{Date}2024-10-01T15:35:58.636Z"
                                        jcr:lastModifiedBy="anna.herbst@lazard.com"
                                        jcr:mixinTypes="[cq:LiveRelationship]"
                                        jcr:primaryType="nt:unstructured"
                                        sling:resourceType="lam/components/image"
                                        displayPopupTitle="true"
                                        dmPresetType="imagePreset"
                                        fileReference="/content/dam/lam/demo-asset/Homepage Image Text.png"
                                        imageFromPageImage="false"
                                        isDecorative="true"
                                        linkTarget="_self"
                                        showExpandButton="true"
                                        titleValueFromDAM="true"/>
                                </items>
                            </image_and_text>
                        </colpar_1>
                        <columnsList
                            cq:lastRolledout="{Date}2024-10-01T15:35:58.644Z"
                            cq:lastRolledoutBy="bassel.eladas@lazard.com"
                            jcr:mixinTypes="[cq:LiveRelationship]"
                            jcr:primaryType="nt:unstructured">
                            <item0
                                cq:lastRolledout="{Date}2024-10-01T15:35:58.648Z"
                                cq:lastRolledoutBy="bassel.eladas@lazard.com"
                                jcr:mixinTypes="[cq:LiveRelationship]"
                                jcr:primaryType="nt:unstructured"
                                desktopSize="is-auto-desktop"
                                mobileSize="is-auto-mobile"
                                tabletSize="is-auto-tablet"/>
                        </columnsList>
                    </custom_container_200>
                    <custom_container_cop
                        cq:lastRolledout="{Date}2024-10-01T15:35:58.665Z"
                        cq:lastRolledoutBy="bassel.eladas@lazard.com"
                        cq:styleIds="[1716903752204,1718059985668]"
                        jcr:created="{Date}2024-07-24T03:19:28.564Z"
                        jcr:createdBy="anna.herbst@lazard.com"
                        jcr:lastModified="{Date}2024-10-01T15:35:58.654Z"
                        jcr:lastModifiedBy="anna.herbst@lazard.com"
                        jcr:mixinTypes="[cq:LiveRelationship]"
                        jcr:primaryType="nt:unstructured"
                        sling:resourceType="lam/components/custom-container"
                        applyCustomizedBorder="true"
                        backgroundColor="#171A1C"
                        borderWidth="1px"
                        containerBorders="[rightBorder,leftBorder]"
                        containetBoxType="fixed-contained"
                        contentBorderColor="rgba(255,255,255,0.12)"
                        enableVerticalScrollbar="false"
                        hasNestedCustomContainer="is-NestedCustomContainer"
                        hideFinancialIntermediary="false"
                        hideIndividualInvestor="false"
                        hideInstitucionalInvestor="false"
                        hidePrivateWealth="false"
                        isGapless="is-gapped"
                        isHorizontalCentered="is-hnormal"
                        isMobileColumns="is-normal"
                        isVerticalCentered="is-vnormal"
                        showSeparator="false">
                        <columnsList
                            cq:lastRolledout="{Date}2024-10-01T15:35:58.672Z"
                            cq:lastRolledoutBy="bassel.eladas@lazard.com"
                            jcr:mixinTypes="[cq:LiveRelationship]"
                            jcr:primaryType="nt:unstructured">
                            <item0
                                cq:lastRolledout="{Date}2024-10-01T15:35:58.677Z"
                                cq:lastRolledoutBy="bassel.eladas@lazard.com"
                                jcr:mixinTypes="[cq:LiveRelationship]"
                                jcr:primaryType="nt:unstructured"
                                desktopSize="is-auto-desktop"
                                mobileSize="is-auto-mobile"
                                tabletSize="is-auto-tablet"/>
                            <item1
                                cq:lastRolledout="{Date}2024-10-01T15:35:58.680Z"
                                cq:lastRolledoutBy="bassel.eladas@lazard.com"
                                jcr:mixinTypes="[cq:LiveRelationship]"
                                jcr:primaryType="nt:unstructured"
                                desktopSize="is-auto-desktop"
                                mobileSize="is-auto-mobile"
                                tabletSize="is-auto-tablet"/>
                        </columnsList>
                        <colpar_1
                            cq:lastRolledout="{Date}2024-10-01T15:35:58.686Z"
                            cq:lastRolledoutBy="bassel.eladas@lazard.com"
                            jcr:mixinTypes="[cq:LiveRelationship]"
                            jcr:primaryType="nt:unstructured"
                            sling:resourceType="wcm/foundation/components/responsivegrid">
                            <custom_container
                                cq:lastRolledout="{Date}2024-10-01T15:35:58.703Z"
                                cq:lastRolledoutBy="bassel.eladas@lazard.com"
                                cq:styleIds="[1716903752204]"
                                jcr:created="{Date}2024-07-24T03:20:25.085Z"
                                jcr:createdBy="anna.herbst@lazard.com"
                                jcr:lastModified="{Date}2024-10-01T15:35:58.694Z"
                                jcr:lastModifiedBy="anna.herbst@lazard.com"
                                jcr:mixinTypes="[cq:LiveRelationship]"
                                jcr:primaryType="nt:unstructured"
                                sling:resourceType="lam/components/custom-container"
                                applyCustomizedBorder="true"
                                borderWidth="1px"
                                containerBorders="[rightBorder,bottomBorder]"
                                containetBoxType="fixed-contained"
                                contentBorderColor="rgba(255,255,255,0.12)"
                                enableVerticalScrollbar="false"
                                hasNestedCustomContainer="is-not-NestedCustomContainer"
                                hideFinancialIntermediary="false"
                                hideIndividualInvestor="false"
                                hideInstitucionalInvestor="false"
                                hidePrivateWealth="false"
                                isGapless="is-gapped"
                                isHorizontalCentered="is-hnormal"
                                isMobileColumns="is-normal"
                                isVerticalCentered="is-vnormal"
                                showSeparator="false">
                                <columnsList
                                    cq:lastRolledout="{Date}2024-10-01T15:35:58.706Z"
                                    cq:lastRolledoutBy="bassel.eladas@lazard.com"
                                    jcr:mixinTypes="[cq:LiveRelationship]"
                                    jcr:primaryType="nt:unstructured">
                                    <item0
                                        cq:lastRolledout="{Date}2024-10-01T15:35:58.710Z"
                                        cq:lastRolledoutBy="bassel.eladas@lazard.com"
                                        jcr:mixinTypes="[cq:LiveRelationship]"
                                        jcr:primaryType="nt:unstructured"
                                        desktopSize="is-auto-desktop"
                                        mobileSize="is-auto-mobile"
                                        tabletSize="is-auto-tablet"/>
                                </columnsList>
                                <colpar_1
                                    cq:lastRolledout="{Date}2024-10-01T15:35:58.712Z"
                                    cq:lastRolledoutBy="bassel.eladas@lazard.com"
                                    jcr:mixinTypes="[cq:LiveRelationship]"
                                    jcr:primaryType="nt:unstructured"
                                    sling:resourceType="wcm/foundation/components/responsivegrid">
                                    <title
                                        cq:lastRolledout="{Date}2024-10-01T15:35:58.720Z"
                                        cq:lastRolledoutBy="bassel.eladas@lazard.com"
                                        cq:styleIds="[1714663198464,1718058320182]"
                                        jcr:created="{Date}2024-07-24T03:20:49.219Z"
                                        jcr:createdBy="anna.herbst@lazard.com"
                                        jcr:lastModified="{Date}2024-10-01T15:35:58.716Z"
                                        jcr:lastModifiedBy="anna.herbst@lazard.com"
                                        jcr:mixinTypes="[cq:LiveRelationship]"
                                        jcr:primaryType="nt:unstructured"
                                        jcr:title="Get In Touch"
                                        sling:resourceType="lam/components/title"
                                        bottomMarginD="31px"
                                        eyebrowWeight="eyebrow"
                                        linkTarget="_self"
                                        topMarginD="271px"
                                        type="h2"/>
                                </colpar_1>
                            </custom_container>
                            <custom_container_243973212
                                cq:lastRolledout="{Date}2024-10-01T15:35:58.729Z"
                                cq:lastRolledoutBy="bassel.eladas@lazard.com"
                                cq:styleIds="[1716903752204]"
                                jcr:created="{Date}2024-07-24T03:21:27.581Z"
                                jcr:createdBy="anna.herbst@lazard.com"
                                jcr:lastModified="{Date}2024-10-01T15:35:58.725Z"
                                jcr:lastModifiedBy="anna.herbst@lazard.com"
                                jcr:mixinTypes="[cq:LiveRelationship]"
                                jcr:primaryType="nt:unstructured"
                                sling:resourceType="lam/components/custom-container"
                                applyCustomizedBorder="false"
                                containetBoxType="fixed-contained"
                                enableVerticalScrollbar="false"
                                hasNestedCustomContainer="is-not-NestedCustomContainer"
                                hideFinancialIntermediary="false"
                                hideIndividualInvestor="false"
                                hideInstitucionalInvestor="false"
                                hidePrivateWealth="false"
                                isGapless="is-gapped"
                                isHorizontalCentered="is-hnormal"
                                isMobileColumns="is-normal"
                                isVerticalCentered="is-vnormal"
                                showSeparator="false"
                                topMarginD="64px">
                                <columnsList
                                    cq:lastRolledout="{Date}2024-10-01T15:35:58.731Z"
                                    cq:lastRolledoutBy="bassel.eladas@lazard.com"
                                    jcr:mixinTypes="[cq:LiveRelationship]"
                                    jcr:primaryType="nt:unstructured">
                                    <item0
                                        cq:lastRolledout="{Date}2024-10-01T15:35:58.735Z"
                                        cq:lastRolledoutBy="bassel.eladas@lazard.com"
                                        jcr:mixinTypes="[cq:LiveRelationship]"
                                        jcr:primaryType="nt:unstructured"
                                        desktopSize="is-auto-desktop"
                                        mobileSize="is-auto-mobile"
                                        tabletSize="is-auto-tablet"/>
                                </columnsList>
                            </custom_container_243973212>
                        </colpar_1>
                        <colpar_2
                            cq:lastRolledout="{Date}2024-10-01T15:35:58.742Z"
                            cq:lastRolledoutBy="bassel.eladas@lazard.com"
                            jcr:mixinTypes="[cq:LiveRelationship]"
                            jcr:primaryType="nt:unstructured"
                            sling:resourceType="wcm/foundation/components/responsivegrid">
                            <custom_container
                                cq:lastRolledout="{Date}2024-10-01T15:35:58.761Z"
                                cq:lastRolledoutBy="bassel.eladas@lazard.com"
                                cq:styleIds="[1716903752204]"
                                jcr:created="{Date}2024-07-24T03:21:59.447Z"
                                jcr:createdBy="anna.herbst@lazard.com"
                                jcr:lastModified="{Date}2024-10-01T15:35:58.750Z"
                                jcr:lastModifiedBy="anna.herbst@lazard.com"
                                jcr:mixinTypes="[cq:LiveRelationship]"
                                jcr:primaryType="nt:unstructured"
                                sling:resourceType="lam/components/custom-container"
                                applyCustomizedBorder="true"
                                borderWidth="1px"
                                containerBorders="[topBorder,bottomBorder]"
                                containetBoxType="fixed-contained"
                                contentBorderColor="rgba(255,255,255,0.12)"
                                enableVerticalScrollbar="false"
                                hasNestedCustomContainer="is-not-NestedCustomContainer"
                                hideFinancialIntermediary="false"
                                hideIndividualInvestor="false"
                                hideInstitucionalInvestor="false"
                                hidePrivateWealth="false"
                                isGapless="is-gapless"
                                isHorizontalCentered="is-hnormal"
                                isMobileColumns="is-normal"
                                isVerticalCentered="is-vnormal"
                                showSeparator="false"
                                topMarginD="60px">
                                <colpar_1
                                    cq:lastRolledout="{Date}2024-10-01T15:35:58.766Z"
                                    cq:lastRolledoutBy="bassel.eladas@lazard.com"
                                    jcr:mixinTypes="[cq:LiveRelationship]"
                                    jcr:primaryType="nt:unstructured"
                                    sling:resourceType="wcm/foundation/components/responsivegrid">
                                    <text
                                        cq:lastRolledout="{Date}2024-10-01T15:35:58.773Z"
                                        cq:lastRolledoutBy="bassel.eladas@lazard.com"
                                        cq:styleIds="[1715181126107]"
                                        jcr:created="{Date}2024-07-24T03:22:30.390Z"
                                        jcr:createdBy="anna.herbst@lazard.com"
                                        jcr:lastModified="{Date}2024-10-01T15:35:58.770Z"
                                        jcr:lastModifiedBy="anna.herbst@lazard.com"
                                        jcr:mixinTypes="[cq:LiveRelationship]"
                                        jcr:primaryType="nt:unstructured"
                                        sling:resourceType="lam/components/text"
                                        bottomMarginD="50px"
                                        text="&lt;p>Lorem ipsum dolor sit amet consectetur. Tristique tincidunt porttitor lobortis etiam.&lt;/p>&#xd;&#xa;"
                                        textIsRich="true"
                                        topMarginD="222px"/>
                                </colpar_1>
                                <columnsList
                                    cq:lastRolledout="{Date}2024-10-01T15:35:58.778Z"
                                    cq:lastRolledoutBy="bassel.eladas@lazard.com"
                                    jcr:mixinTypes="[cq:LiveRelationship]"
                                    jcr:primaryType="nt:unstructured">
                                    <item0
                                        cq:lastRolledout="{Date}2024-10-01T15:35:58.783Z"
                                        cq:lastRolledoutBy="bassel.eladas@lazard.com"
                                        jcr:mixinTypes="[cq:LiveRelationship]"
                                        jcr:primaryType="nt:unstructured"
                                        desktopSize="is-auto-desktop"
                                        mobileSize="is-auto-mobile"
                                        tabletSize="is-auto-tablet"/>
                                    <item1
                                        cq:lastRolledout="{Date}2024-10-01T15:35:58.795Z"
                                        cq:lastRolledoutBy="bassel.eladas@lazard.com"
                                        jcr:mixinTypes="[cq:LiveRelationship]"
                                        jcr:primaryType="nt:unstructured"
                                        desktopSize="is-one-third-desktop"
                                        mobileSize="is-auto-mobile"
                                        tabletSize="is-auto-tablet"/>
                                </columnsList>
                                <colpar_2
                                    cq:lastRolledout="{Date}2024-10-01T15:35:58.798Z"
                                    cq:lastRolledoutBy="bassel.eladas@lazard.com"
                                    jcr:mixinTypes="[cq:LiveRelationship]"
                                    jcr:primaryType="nt:unstructured"
                                    sling:resourceType="wcm/foundation/components/responsivegrid">
                                    <button
                                        cq:lastRolledout="{Date}2024-10-01T15:35:58.805Z"
                                        cq:lastRolledoutBy="bassel.eladas@lazard.com"
                                        cq:styleIds="[1714575764632]"
                                        jcr:created="{Date}2024-07-24T03:23:28.809Z"
                                        jcr:createdBy="anna.herbst@lazard.com"
                                        jcr:lastModified="{Date}2024-10-01T15:35:58.802Z"
                                        jcr:lastModifiedBy="anna.herbst@lazard.com"
                                        jcr:mixinTypes="[cq:LiveRelationship]"
                                        jcr:primaryType="nt:unstructured"
                                        jcr:title="Contact Us"
                                        sling:resourceType="lam/components/button"
                                        bottomMarginD="32px"
                                        linkTarget="_self"
                                        linkURL="#"
                                        topMarginD="219px"/>
                                </colpar_2>
                            </custom_container>
                            <custom_container_1521425160
                                cq:lastRolledout="{Date}2024-10-01T15:35:58.813Z"
                                cq:lastRolledoutBy="bassel.eladas@lazard.com"
                                cq:styleIds="[1716903752204]"
                                jcr:created="{Date}2024-07-24T03:23:59.810Z"
                                jcr:createdBy="anna.herbst@lazard.com"
                                jcr:lastModified="{Date}2024-10-01T15:35:58.810Z"
                                jcr:lastModifiedBy="anna.herbst@lazard.com"
                                jcr:mixinTypes="[cq:LiveRelationship]"
                                jcr:primaryType="nt:unstructured"
                                sling:resourceType="lam/components/custom-container"
                                applyCustomizedBorder="false"
                                containetBoxType="fixed-contained"
                                enableVerticalScrollbar="false"
                                hasNestedCustomContainer="is-not-NestedCustomContainer"
                                hideFinancialIntermediary="false"
                                hideIndividualInvestor="false"
                                hideInstitucionalInvestor="false"
                                hidePrivateWealth="false"
                                isGapless="is-gapped"
                                isHorizontalCentered="is-hnormal"
                                isMobileColumns="is-normal"
                                isVerticalCentered="is-vnormal"
                                showSeparator="false"
                                topMarginD="64px">
                                <columnsList
                                    cq:lastRolledout="{Date}2024-10-01T15:35:58.816Z"
                                    cq:lastRolledoutBy="bassel.eladas@lazard.com"
                                    jcr:mixinTypes="[cq:LiveRelationship]"
                                    jcr:primaryType="nt:unstructured">
                                    <item0
                                        cq:lastRolledout="{Date}2024-10-01T15:35:58.820Z"
                                        cq:lastRolledoutBy="bassel.eladas@lazard.com"
                                        jcr:mixinTypes="[cq:LiveRelationship]"
                                        jcr:primaryType="nt:unstructured"
                                        desktopSize="is-auto-desktop"
                                        mobileSize="is-auto-mobile"
                                        tabletSize="is-auto-tablet"/>
                                </columnsList>
                            </custom_container_1521425160>
                        </colpar_2>
                    </custom_container_cop>
                    <custom_container_147
                        cq:lastRolledout="{Date}2024-10-01T15:35:58.832Z"
                        cq:lastRolledoutBy="bassel.eladas@lazard.com"
                        cq:styleIds="[1716903741074,1718059985668]"
                        jcr:created="{Date}2024-07-24T03:27:04.680Z"
                        jcr:createdBy="anna.herbst@lazard.com"
                        jcr:lastModified="{Date}2024-10-01T15:35:58.825Z"
                        jcr:lastModifiedBy="anna.herbst@lazard.com"
                        jcr:mixinTypes="[cq:LiveRelationship]"
                        jcr:primaryType="nt:unstructured"
                        sling:resourceType="lam/components/custom-container"
                        applyCustomizedBorder="false"
                        backgroundColor="#171A1C"
                        containetBoxType="fixed-contained"
                        enableVerticalScrollbar="false"
                        hasNestedCustomContainer="is-NestedCustomContainer"
                        hideFinancialIntermediary="false"
                        hideIndividualInvestor="false"
                        hideInstitucionalInvestor="false"
                        hidePrivateWealth="false"
                        isGapless="is-gapped"
                        isHorizontalCentered="is-hnormal"
                        isMobileColumns="is-normal"
                        isVerticalCentered="is-vnormal"
                        showSeparator="false">
                        <columnsList
                            cq:lastRolledout="{Date}2024-10-01T15:35:58.835Z"
                            cq:lastRolledoutBy="bassel.eladas@lazard.com"
                            jcr:mixinTypes="[cq:LiveRelationship]"
                            jcr:primaryType="nt:unstructured">
                            <item0
                                cq:lastRolledout="{Date}2024-10-01T15:35:58.839Z"
                                cq:lastRolledoutBy="bassel.eladas@lazard.com"
                                jcr:mixinTypes="[cq:LiveRelationship]"
                                jcr:primaryType="nt:unstructured"
                                desktopSize="is-auto-desktop"
                                mobileSize="is-auto-mobile"
                                tabletSize="is-auto-tablet"/>
                        </columnsList>
                        <colpar_1
                            cq:lastRolledout="{Date}2024-10-01T15:35:58.851Z"
                            cq:lastRolledoutBy="bassel.eladas@lazard.com"
                            jcr:mixinTypes="[cq:LiveRelationship]"
                            jcr:primaryType="nt:unstructured"
                            sling:resourceType="wcm/foundation/components/responsivegrid">
                            <custom_container
                                cq:lastRolledout="{Date}2024-10-01T15:35:58.865Z"
                                cq:lastRolledoutBy="bassel.eladas@lazard.com"
                                cq:styleIds="[1716903741074]"
                                jcr:created="{Date}2024-07-24T03:31:12.158Z"
                                jcr:createdBy="anna.herbst@lazard.com"
                                jcr:lastModified="{Date}2024-10-01T15:35:58.861Z"
                                jcr:lastModifiedBy="anna.herbst@lazard.com"
                                jcr:mixinTypes="[cq:LiveRelationship]"
                                jcr:primaryType="nt:unstructured"
                                sling:resourceType="lam/components/custom-container"
                                applyCustomizedBorder="true"
                                borderWidth="1px"
                                containerBorders="bottomBorder"
                                containetBoxType="fixed-contained"
                                contentBorderColor="rgba(255,255,255,0.12)"
                                enableVerticalScrollbar="false"
                                hasNestedCustomContainer="is-not-NestedCustomContainer"
                                hideFinancialIntermediary="false"
                                hideIndividualInvestor="false"
                                hideInstitucionalInvestor="false"
                                hidePrivateWealth="false"
                                isGapless="is-gapped"
                                isHorizontalCentered="is-hnormal"
                                isMobileColumns="is-normal"
                                isVerticalCentered="is-vnormal"
                                showSeparator="false"
                                topPaddingM="48px">
                                <columnsList
                                    cq:lastRolledout="{Date}2024-10-01T15:35:58.867Z"
                                    cq:lastRolledoutBy="bassel.eladas@lazard.com"
                                    jcr:mixinTypes="[cq:LiveRelationship]"
                                    jcr:primaryType="nt:unstructured">
                                    <item0
                                        cq:lastRolledout="{Date}2024-10-01T15:35:58.871Z"
                                        cq:lastRolledoutBy="bassel.eladas@lazard.com"
                                        jcr:mixinTypes="[cq:LiveRelationship]"
                                        jcr:primaryType="nt:unstructured"
                                        desktopSize="is-auto-desktop"
                                        mobileSize="is-auto-mobile"
                                        tabletSize="is-auto-tablet"/>
                                </columnsList>
                            </custom_container>
                            <title
                                cq:lastRolledout="{Date}2024-10-01T15:35:58.877Z"
                                cq:lastRolledoutBy="bassel.eladas@lazard.com"
                                cq:styleIds="[1714663198464,1718058320182]"
                                jcr:created="{Date}2024-07-24T03:33:27.523Z"
                                jcr:createdBy="anna.herbst@lazard.com"
                                jcr:lastModified="{Date}2024-10-01T15:35:58.874Z"
                                jcr:lastModifiedBy="anna.herbst@lazard.com"
                                jcr:mixinTypes="[cq:LiveRelationship]"
                                jcr:primaryType="nt:unstructured"
                                jcr:title="Get In Touch"
                                sling:resourceType="lam/components/title"
                                bottomMarginM="124px"
                                eyebrowWeight="eyebrow"
                                leftMarginM="12px"
                                linkTarget="_self"
                                topMarginM="31px"
                                type="h2"/>
                            <text
                                cq:lastRolledout="{Date}2024-10-01T15:35:58.883Z"
                                cq:lastRolledoutBy="bassel.eladas@lazard.com"
                                cq:styleIds="[1715181126107]"
                                jcr:created="{Date}2024-07-24T03:35:31.380Z"
                                jcr:createdBy="anna.herbst@lazard.com"
                                jcr:lastModified="{Date}2024-10-01T15:35:58.880Z"
                                jcr:lastModifiedBy="anna.herbst@lazard.com"
                                jcr:mixinTypes="[cq:LiveRelationship]"
                                jcr:primaryType="nt:unstructured"
                                sling:resourceType="lam/components/text"
                                bottomMarginM="20px"
                                leftMarginM="12px"
                                rightMarginM="37px"
                                text="&lt;p>Lorem ipsum dolor sit amet consectetur. Tristique tincidunt porttitor lobortis etiam.Lorem ipsum dolor sit amet consectetur. Tristique tincidunt porttitor lobortis etiam.&lt;/p>&#xd;&#xa;"
                                textIsRich="true"/>
                            <button
                                cq:lastRolledout="{Date}2024-10-01T15:35:58.889Z"
                                cq:lastRolledoutBy="bassel.eladas@lazard.com"
                                cq:styleIds="[1714575764632]"
                                jcr:created="{Date}2024-07-24T03:37:45.299Z"
                                jcr:createdBy="anna.herbst@lazard.com"
                                jcr:lastModified="{Date}2024-10-01T15:35:58.886Z"
                                jcr:lastModifiedBy="anna.herbst@lazard.com"
                                jcr:mixinTypes="[cq:LiveRelationship]"
                                jcr:primaryType="nt:unstructured"
                                jcr:title="Contact Us"
                                sling:resourceType="lam/components/button"
                                bottomMarginM="30px"
                                leftMarginM="12px"
                                linkTarget="_self"
                                linkURL="#"/>
                            <custom_container_1006233756
                                cq:lastRolledout="{Date}2024-10-01T15:35:58.899Z"
                                cq:lastRolledoutBy="bassel.eladas@lazard.com"
                                cq:styleIds="[1716903741074]"
                                jcr:created="{Date}2024-07-24T03:40:35.025Z"
                                jcr:createdBy="anna.herbst@lazard.com"
                                jcr:lastModified="{Date}2024-10-01T15:35:58.895Z"
                                jcr:lastModifiedBy="anna.herbst@lazard.com"
                                jcr:mixinTypes="[cq:LiveRelationship]"
                                jcr:primaryType="nt:unstructured"
                                sling:resourceType="lam/components/custom-container"
                                applyCustomizedBorder="true"
                                borderWidth="1px"
                                bottomMarginM="48px"
                                containerBorders="topBorder"
                                containetBoxType="fixed-contained"
                                contentBorderColor="rgba(255,255,255,0.12)"
                                enableVerticalScrollbar="false"
                                hasNestedCustomContainer="is-not-NestedCustomContainer"
                                hideFinancialIntermediary="false"
                                hideIndividualInvestor="false"
                                hideInstitucionalInvestor="false"
                                hidePrivateWealth="false"
                                isGapless="is-gapped"
                                isHorizontalCentered="is-hnormal"
                                isMobileColumns="is-normal"
                                isVerticalCentered="is-vnormal"
                                showSeparator="false">
                                <columnsList
                                    cq:lastRolledout="{Date}2024-10-01T15:35:58.901Z"
                                    cq:lastRolledoutBy="bassel.eladas@lazard.com"
                                    jcr:mixinTypes="[cq:LiveRelationship]"
                                    jcr:primaryType="nt:unstructured">
                                    <item0
                                        cq:lastRolledout="{Date}2024-10-01T15:35:58.905Z"
                                        cq:lastRolledoutBy="bassel.eladas@lazard.com"
                                        jcr:mixinTypes="[cq:LiveRelationship]"
                                        jcr:primaryType="nt:unstructured"
                                        desktopSize="is-auto-desktop"
                                        mobileSize="is-auto-mobile"
                                        tabletSize="is-auto-tablet"/>
                                </columnsList>
                            </custom_container_1006233756>
                        </colpar_1>
                    </custom_container_147>
                    <title
                        jcr:created="{Date}2024-09-13T13:26:41.797Z"
                        jcr:createdBy="RamandeepSingh.sethi@lazard.com"
                        jcr:lastModified="{Date}2024-09-13T13:27:29.824Z"
                        jcr:lastModifiedBy="RamandeepSingh.sethi@lazard.com"
                        jcr:primaryType="nt:unstructured"
                        sling:resourceType="lam/components/title"/>
                    <title_565125460
                        cq:styleIds="[1714663208868,1716563302577,1716563302570]"
                        jcr:created="{Date}2024-09-13T13:28:41.003Z"
                        jcr:createdBy="RamandeepSingh.sethi@lazard.com"
                        jcr:lastModified="{Date}2024-09-13T13:29:16.666Z"
                        jcr:lastModifiedBy="RamandeepSingh.sethi@lazard.com"
                        jcr:primaryType="nt:unstructured"
                        jcr:title="Title Text Lorem Ipsum"
                        sling:resourceType="lam/components/title"
                        eyebrowWeight="eyebrow"
                        linkTarget="_self"
                        type="h2"/>
                </container>
                <showcasehero
                    cq:lastRolledout="{Date}2024-10-01T15:35:58.909Z"
                    cq:lastRolledoutBy="bassel.eladas@lazard.com"
                    jcr:lastModified="{Date}2024-10-01T15:35:58.907Z"
                    jcr:lastModifiedBy="anna.herbst@lazard.com"
                    jcr:mixinTypes="[cq:LiveRelationship]"
                    jcr:primaryType="nt:unstructured"
                    sling:resourceType="lam/components/showcasehero"
                    autoplayDuration="5000"
                    autoplayEnabled="true">
                    <tabItems
                        cq:lastRolledout="{Date}2024-10-01T15:35:58.919Z"
                        cq:lastRolledoutBy="bassel.eladas@lazard.com"
                        jcr:mixinTypes="[cq:LiveRelationship]"
                        jcr:primaryType="nt:unstructured">
                        <item0
                            cq:lastRolledout="{Date}2024-10-01T15:35:58.927Z"
                            cq:lastRolledoutBy="bassel.eladas@lazard.com"
                            jcr:mixinTypes="[cq:LiveRelationship]"
                            jcr:primaryType="nt:unstructured"
                            backgroundImage="/content/dam/lam/demo-asset/Homepage Hero Asset.png"
                            ctaLabel="Read More"
                            eyebrow="Featured"
                            hideEyebrow="true"
                            hideText="true"
                            sourceType="manual"
                            tabTitle="We're Committed To Partnering With You"
                            targetPage="/content/lam/us/en_us/home"
                            text="Partnership is the key to success. Our portfolio managers work with you to craft investment solutions that meet your needs."
                            title="We're Committed To Partnering With You"/>
                        <item1
                            cq:lastRolledout="{Date}2024-10-01T15:35:58.931Z"
                            cq:lastRolledoutBy="bassel.eladas@lazard.com"
                            jcr:mixinTypes="[cq:LiveRelationship]"
                            jcr:primaryType="nt:unstructured"
                            backgroundImage="/content/dam/lam/demo-asset/Showcase Hero Image Placeholder.png"
                            ctaLabel="Read More"
                            hideEyebrow="false"
                            hideText="false"
                            sourceType="manual"
                            tabTitle="Signposts And Signals: What To Watch In 2024"
                            targetPage="/content/lam/us/en_us/home"
                            title="Signposts And Signals: What To Watch In 2024"/>
                        <item2
                            cq:lastRolledout="{Date}2024-10-01T15:35:58.936Z"
                            cq:lastRolledoutBy="bassel.eladas@lazard.com"
                            jcr:mixinTypes="[cq:LiveRelationship]"
                            jcr:primaryType="nt:unstructured"
                            backgroundImage="/content/dam/lam/demo-asset/Homepage Hero Asset.png"
                            ctaLabel="Read More"
                            hideEyebrow="false"
                            hideText="false"
                            sourceType="manual"
                            tabTitle="Q1 Investment Outlooks"
                            targetPage="/content/lam/us/en_us/home"
                            title="Q1 Investment Outlooks"/>
                        <item3
                            cq:lastRolledout="{Date}2024-10-01T15:35:58.941Z"
                            cq:lastRolledoutBy="bassel.eladas@lazard.com"
                            jcr:mixinTypes="[cq:LiveRelationship]"
                            jcr:primaryType="nt:unstructured"
                            backgroundImage="/content/dam/lam/demo-asset/Showcase Hero Image Placeholder.png"
                            ctaLabel="Read More"
                            hideEyebrow="false"
                            hideText="false"
                            sourceType="manual"
                            tabTitle="Risk Exhaustion: Navigating The New Regime"
                            targetPage="/content/lam/us/en_us/home"
                            title="Risk Exhaustion: Navigating The New Regime"/>
                    </tabItems>
                </showcasehero>
            </container>
        </root>
        <cq:featuredimage
            cq:lastRolledout="{Date}2024-10-01T15:35:58.945Z"
            cq:lastRolledoutBy="bassel.eladas@lazard.com"
            jcr:lastModified="{Date}2024-10-01T15:35:58.942Z"
            jcr:lastModifiedBy="bassel.eladas@lazard.com"
            jcr:mixinTypes="[cq:LiveRelationship]"
            jcr:primaryType="nt:unstructured"
            sling:resourceType="core/wcm/components/image/v3/image"
            altValueFromDAM="true"/>
        <cq:LiveSyncConfig
            cq:excludedPaths="[research-insights/investment-insights/emerging-markets-monitor/march-2024,research-insights/investment-insights/emerging-markets-monitor/april-2024,sustainable-investment/lqe-sustainability-framework,doc/page,investment-solutions/wealth-management,investment-solutions/how-to-invest/ucits,research-insights/investment-insights/old-viewpoints,research-insights/investment-insights/emerging-markets-monitor/january-2024,investment-solutions/how-to-invest/investment-trusts,sustainable-insights]"
            cq:isDeep="{Boolean}true"
            cq:master="/content/lam/language-masters/en"
            cq:rolloutConfigs="[/libs/msm/wcm/rolloutconfigs/default]"
            jcr:primaryType="cq:LiveCopy"/>
    </jcr:content>
    <advisor-hub/>
    <ccpa/>
    <privacy-policy/>
    <errors/>
    <terms-of-use/>
    <market-forms-test-page/>
    <search-results/>
    <security-fraud-awareness/>
    <doc/>
    <doc1/>
    <test-bassel/>
</jcr:root>
