<?xml version="1.0" encoding="UTF-8"?>
<jcr:root xmlns:jcr="http://www.jcp.org/jcr/1.0" xmlns:nt="http://www.jcp.org/jcr/nt/1.0" xmlns:mix="http://www.jcp.org/jcr/mix/1.0" xmlns:cq="http://www.day.com/jcr/cq/1.0" xmlns:sling="http://sling.apache.org/jcr/sling/1.0"
    jcr:primaryType="cq:Page">
    <jcr:content
        cq:isDelivered="{Boolean}false"
        cq:lastModified="{Date}2024-10-21T13:45:27.016Z"
        cq:lastModifiedBy="sophia.ponce@lazard.com"
        cq:lastReplicated="{Date}2024-07-23T19:11:20.740Z"
        cq:lastReplicated_publish="{Date}2024-07-23T19:11:20.740Z"
        cq:lastReplicatedBy="workflow-process-service"
        cq:lastReplicatedBy_publish="workflow-process-service"
        cq:lastReplicationAction="Activate"
        cq:lastReplicationAction_publish="Activate"
        cq:redirectTarget="/content/lam/language-masters/en/research-insights/view-all"
        cq:styleIds="[1716321868996]"
        cq:template="/conf/lam/settings/wcm/templates/thought-leadership-hub-page"
        jcr:isCheckedOut="{Boolean}true"
        jcr:mixinTypes="[cq:ReplicationStatus2,mix:versionable]"
        jcr:primaryType="cq:PageContent"
        jcr:title="Research &amp; Insights"
        jcr:uuid="52f2f3b6-2489-4fb7-a3f2-fabfe501fed3"
        sling:resourceType="lam/components/page"
        assetClass="assetClass0"
        category="insights"
        linkType="internal"
        pageProductData="fund-listing"
        pwaCachestrategy="staleWhileRevalidate"
        pwaDisplay="standalone"
        pwaOrientation="any">
        <root
            jcr:primaryType="nt:unstructured"
            sling:resourceType="lam/components/container"
            layout="responsiveGrid">
            <container
                jcr:primaryType="nt:unstructured"
                sling:resourceType="lam/components/container"
                layout="responsiveGrid">
                <campaignHero
                    cq:styleIds="[1718660467598]"
                    jcr:primaryType="nt:unstructured"
                    sling:resourceType="lam/components/campaignHero">
                    <primaryButton
                        jcr:lastModified="{Date}2024-07-02T13:13:06.495Z"
                        jcr:lastModifiedBy="sophia.ponce@lazard.com"
                        jcr:primaryType="nt:unstructured"
                        jcr:title="test"
                        sling:resourceType="lam/components/button"
                        linkTarget="_self"/>
                    <secondaryButton
                        jcr:lastModified="{Date}2024-07-02T13:13:12.481Z"
                        jcr:lastModifiedBy="sophia.ponce@lazard.com"
                        jcr:primaryType="nt:unstructured"
                        jcr:title="test2"
                        sling:resourceType="lam/components/button"
                        linkTarget="_self"/>
                    <null
                        cq:styleIds="[1719926310667]"
                        jcr:primaryType="nt:unstructured"
                        sling:resourceType="lam/components/title"/>
                </campaignHero>
                <container
                    jcr:primaryType="nt:unstructured"
                    sling:resourceType="lam/components/container">
                    <pathing_card
                        jcr:created="{Date}2024-07-02T13:20:58.647Z"
                        jcr:createdBy="sophia.ponce@lazard.com"
                        jcr:lastModified="{Date}2024-07-02T13:21:20.837Z"
                        jcr:lastModifiedBy="sophia.ponce@lazard.com"
                        jcr:primaryType="nt:unstructured"
                        sling:resourceType="lam/components/pathing-card"
                        sourcePage="/content/lam/language-masters/en/research-insights/market-insights/what-to-watch-2024"/>
                    <custom_container
                        jcr:created="{Date}2024-07-02T13:20:04.760Z"
                        jcr:createdBy="sophia.ponce@lazard.com"
                        jcr:lastModified="{Date}2024-07-02T13:20:04.760Z"
                        jcr:lastModifiedBy="sophia.ponce@lazard.com"
                        jcr:primaryType="nt:unstructured"
                        sling:resourceType="lam/components/custom-container"/>
                </container>
            </container>
        </root>
        <cq:featuredimage
            jcr:lastModified="{Date}2024-10-21T13:45:26.988Z"
            jcr:lastModifiedBy="sophia.ponce@lazard.com"
            jcr:primaryType="nt:unstructured"
            sling:resourceType="core/wcm/components/image/v3/image"
            altValueFromDAM="false"/>
    </jcr:content>
    <market-insights/>
    <investment-insights/>
    <quick-takes/>
    <ceo/>
    <view-all/>
</jcr:root>
