<?xml version="1.0" encoding="UTF-8"?>
<jcr:root xmlns:jcr="http://www.jcp.org/jcr/1.0" xmlns:nt="http://www.jcp.org/jcr/nt/1.0" xmlns:cq="http://www.day.com/jcr/cq/1.0" xmlns:sling="http://sling.apache.org/jcr/sling/1.0"
    jcr:primaryType="cq:Page">
    <jcr:content
        cq:lastModified="{Date}2024-10-30T20:13:04.674Z"
        cq:lastModifiedBy="products-service-user"
        cq:template="/conf/lam/settings/wcm/templates/fund-detail"
        jcr:primaryType="cq:PageContent"
        jcr:title="Lazard Pan-European Small Cap Fund"
        sling:resourceType="lam/components/page"
        productType="Fund">
        <root
            jcr:primaryType="nt:unstructured"
            sling:resourceType="lam/components/container"
            layout="responsiveGrid">
            <container
                jcr:primaryType="nt:unstructured"
                sling:resourceType="lam/components/container"
                layout="responsiveGrid"/>
        </root>
    </jcr:content>
    <productData
        jcr:primaryType="nt:unstructured"
        title="Lazard Pan-European Small Cap Fund"
        type="Fund"/>
    <disclaimerMappings jcr:primaryType="nt:unstructured">
        <DisclaimerLabel
            jcr:primaryType="nt:unstructured"
            approvedLanguages="[en_us]"
            disclaimerPaths="[/content/dam/lazard-asset-management/disclaimers/en_us/2078031161]"
            isGlobalProductMapping="{Boolean}true"
            type="DisclaimerLabel"/>
        <DisclaimerOverride
            jcr:primaryType="nt:unstructured"
            approvedLanguages="[en_at,en_ch,en_de,en_it,en_li,en_us]"
            disclaimerPaths="[/content/dam/lazard-asset-management/disclaimers/en_us/852639937]"
            isGlobalProductMapping="{Boolean}false"
            type="DisclaimerOverride"/>
    </disclaimerMappings>
    <externalMetadata
        jcr:primaryType="nt:unstructured"
        assetClasses="[Equity]"
        availableOnInvestmentPlatform="{Boolean}true"
        benchmarkName="MSCI Europe Small Cap Index"
        category="Equity"
        categorySortOrder="{Long}100"
        distributionDate="April and October"
        hasSMAonly="{Boolean}false"
        languages="[da-dk,de-at,de-ch,de-de,en-au,en-de,en-gb,en-us,es-es,fii-fi,fr-be,fr-ca,fr-fr,it-de,it-it,nb-no,nl-nl,sv-se]"
        pmTeamAsOfDate="2024-09-30"
        sfdrCategory="{Long}8"
        sortOrderWithinCategory="{Long}300"
        strategyId="{Long}20"
        subStrategyId="{Long}166"
        suppressBenchmarks="{Boolean}false"
        umbrellaName="LGAF"
        umbrellaNumDigitsDividend="{Long}9"
        umbrellaNumDigitsNav="{Long}4">
        <investmentPlatforms jcr:primaryType="nt:unstructured">
            <_x0031_
                jcr:primaryType="nt:unstructured"
                countries="[CA,US]"
                name="Morgan Stanley"/>
            <_x0033_
                jcr:primaryType="nt:unstructured"
                countries="[GB]"
                name="Allfunds"/>
        </investmentPlatforms>
        <productLanguages jcr:primaryType="nt:unstructured">
            <en-us
                jcr:primaryType="nt:unstructured"
                shortDesc="Lazard's Pan-European Small Cap Fund seeks to generate strong relative returns compared to the MSCI Europe Small Cap Index over a market cycle by investing in companies that, in our opinion, represent relative value. We own companies with sustainably high or improving levels of financial productivity whose stock prices are inexpensive relative to their level of financial productivity."/>
            <de-de
                jcr:primaryType="nt:unstructured"
                germanyFundObjective="Langfristiges Kapitalwachstum durch die Anlage in europäische Aktien mit niedriger Marktkapitalisierung."
                shortDesc="Der Lazard Pan European Small Cap Fund strebt im Vergleich zum MSCI Europe Small Cap Index starke relative Erträge durch die Anlage in im Vergleich zu Ihrem Sektor relativ günstig bewertete Unternehmen an. Wir investieren in Unternehmen mit nachhaltig hoher oder sich verbessernder finanzieller Produktivität, deren Aktienkurse im Vergleich zu ihrer finanziellen Produktivität günstig bewertet sind."/>
            <en-gb
                jcr:primaryType="nt:unstructured"
                shortDesc="Lazard's Pan-European Small Cap Fund seeks to generate strong relative returns compared to the MSCI Europe Small Cap Index over a market cycle by investing in companies that, in our opinion, represent relative value. We own companies with sustainably high or improving levels of financial productivity whose stock prices are inexpensive relative to their level of financial productivity."/>
        </productLanguages>
        <defaultShareClass
            jcr:primaryType="nt:unstructured"
            AT="{Long}3286"
            BE="{Long}7445"
            CH="{Long}7191"
            DE="{Long}3286"
            DK="{Long}7445"
            ES="{Long}3286"
            FI="{Long}7191"
            GB="{Long}3286"
            HK="{Long}7445"
            IE="{Long}7191"
            IT="{Long}7445"
            KR="{Long}7445"
            LU="{Long}3289"
            NL="{Long}7445"
            NO="{Long}3289"
            SE="{Long}3290"/>
        <pmTeamMembers jcr:primaryType="nt:unstructured">
            <_x0030_
                jcr:primaryType="nt:unstructured"
                bioId="{Long}351"
                firstName="Edward"
                isLead="{Boolean}true"
                lastName="Rosenfeld"
                sortOrder="{Long}1"/>
            <_x0031_
                jcr:primaryType="nt:unstructured"
                bioId="{Long}34"
                firstName="Pat"
                isLead="{Boolean}false"
                lastName="Biggers"
                sortOrder="{Long}2"/>
            <_x0032_
                jcr:primaryType="nt:unstructured"
                bioId="{Long}75"
                firstName="Alan"
                isLead="{Boolean}false"
                lastName="Clifford"
                sortOrder="{Long}2"/>
            <_x0033_
                jcr:primaryType="nt:unstructured"
                bioId="{Long}1317"
                firstName="Sebastien"
                isLead="{Boolean}false"
                lastName="Pigeon"
                sortOrder="{Long}2"/>
        </pmTeamMembers>
        <shareClasses jcr:primaryType="nt:unstructured">
            <_x0033_286
                jcr:primaryType="nt:unstructured"
                annualManagementCharge="0.75%"
                countries="[AT,CH,DE,DK,ES,FI,GB,IE,IT,LU,NO,SE,XX]"
                currency="EUR"
                currencySymbol="€"
                cusip="N/A"
                fundId="{Long}1321"
                fundingStatus="Authorized/Pending"
                initialCharge="3.00%"
                isAuthorizedPending="{Boolean}true"
                isGLIF="{Boolean}false"
                isin="IE00BYQF5G74"
                isSMA="{Boolean}false"
                minimumInvestment="€500"
                primaryBenchmark="MSCI Europe Small Cap Index"
                sedol="BYQF5G7"
                ticker="LAPEEIA ID"
                title="C Acc EUR"
                valoren="30693896"
                vehicleId="{Long}17"
                vehicleName="UCITS (Ireland)"
                wknCd="A2ADLJ">
                <professionalOnlyCountries
                    jcr:primaryType="nt:unstructured"
                    AT="{Boolean}false"
                    CH="{Boolean}false"
                    DE="{Boolean}false"
                    DK="{Boolean}false"
                    ES="{Boolean}false"
                    FI="{Boolean}false"
                    GB="{Boolean}true"
                    IE="{Boolean}false"
                    IT="{Boolean}false"
                    LU="{Boolean}false"
                    NO="{Boolean}false"
                    SE="{Boolean}false"/>
                <investmentPlatforms jcr:primaryType="nt:unstructured">
                    <_x0033_
                        jcr:primaryType="nt:unstructured"
                        countries="[GB]"
                        name="Allfunds"/>
                </investmentPlatforms>
            </_x0033_286>
            <_x0033_287
                jcr:primaryType="nt:unstructured"
                annualManagementCharge="0.75%"
                countries="[AT,DE,IE,XX]"
                currency="EUR"
                currencySymbol="€"
                fundId="{Long}1321"
                fundingStatus="Authorized/Pending"
                initialCharge="3.00%"
                isAuthorizedPending="{Boolean}true"
                isGLIF="{Boolean}false"
                isin="IE00BYQF5H81"
                isSMA="{Boolean}false"
                minimumInvestment="€500"
                primaryBenchmark="MSCI Europe Small Cap Index"
                sedol="BYQF5H8"
                title="C Dist EUR"
                valoren="31792103"
                vehicleId="{Long}17"
                vehicleName="UCITS (Ireland)"
                wknCd="A2ADLK">
                <professionalOnlyCountries
                    jcr:primaryType="nt:unstructured"
                    AT="{Boolean}false"
                    DE="{Boolean}false"
                    IE="{Boolean}false"/>
                <investmentPlatforms jcr:primaryType="nt:unstructured">
                    <_x0033_
                        jcr:primaryType="nt:unstructured"
                        countries="[GB]"
                        name="Allfunds"/>
                </investmentPlatforms>
            </_x0033_287>
            <_x0033_290
                jcr:primaryType="nt:unstructured"
                annualManagementCharge="1.50%"
                countries="[BE,CH,ES,FI,IE,LU,NO,SE,XX]"
                currency="EUR"
                currencySymbol="€"
                fundId="{Long}1321"
                fundingStatus="Authorized/Pending"
                initialCharge="5.00%"
                isAuthorizedPending="{Boolean}true"
                isGLIF="{Boolean}false"
                isin="IE00BYQF5J06"
                isSMA="{Boolean}false"
                minimumInvestment="€500"
                primaryBenchmark="MSCI Europe Small Cap Index"
                sedol="BYQF5J0"
                ticker="LPESERA ID"
                title="B Acc EUR"
                valoren="31792136"
                vehicleId="{Long}17"
                vehicleName="UCITS (Ireland)">
                <professionalOnlyCountries
                    jcr:primaryType="nt:unstructured"
                    BE="{Boolean}false"
                    CH="{Boolean}false"
                    ES="{Boolean}false"
                    FI="{Boolean}false"
                    IE="{Boolean}false"
                    LU="{Boolean}false"
                    NO="{Boolean}false"
                    SE="{Boolean}false"/>
                <investmentPlatforms jcr:primaryType="nt:unstructured">
                    <_x0033_
                        jcr:primaryType="nt:unstructured"
                        countries="[GB]"
                        name="Allfunds"/>
                </investmentPlatforms>
            </_x0033_290>
            <_x0037_191
                jcr:primaryType="nt:unstructured"
                annualManagementCharge="1.00%"
                countries="[CH,DK,FI,GB,IE,NL,NO,SE,XX,US]"
                currency="EUR"
                currencySymbol="€"
                fundId="{Long}1321"
                fundingStatus="Authorized/Pending"
                initialCharge="3.00%"
                isAuthorizedPending="{Boolean}true"
                isGLIF="{Boolean}false"
                isin="IE00BG47ZS13"
                isSMA="{Boolean}false"
                minimumInvestment="€250,000"
                primaryBenchmark="MSCI Europe Small Cap Index"
                sedol="BG47ZS1"
                ticker="LZPEAAE ID"
                title="A Acc EUR"
                valoren="48200794"
                vehicleId="{Long}17"
                vehicleName="UCITS (Ireland)"
                wknCd="A2PS5F">
                <professionalOnlyCountries
                    jcr:primaryType="nt:unstructured"
                    CH="{Boolean}false"
                    DK="{Boolean}false"
                    FI="{Boolean}false"
                    GB="{Boolean}false"
                    IE="{Boolean}false"
                    NL="{Boolean}false"
                    NO="{Boolean}false"
                    SE="{Boolean}false"/>
                <investmentPlatforms jcr:primaryType="nt:unstructured">
                    <_x0031_
                        jcr:primaryType="nt:unstructured"
                        countries="[CA,US]"
                        name="Morgan Stanley"/>
                </investmentPlatforms>
            </_x0037_191>
            <_x0037_436
                jcr:primaryType="nt:unstructured"
                countries="[GB,IE,XX]"
                currency="USD"
                currencySymbol="US$"
                fundId="{Long}1321"
                fundingStatus="Authorized/Pending"
                initialCharge="0.00%"
                isAuthorizedPending="{Boolean}true"
                isGLIF="{Boolean}false"
                isin="IE00BDT8XF16"
                isSMA="{Boolean}false"
                minimumInvestment="€1,000,000"
                primaryBenchmark="MSCI Europe Small Cap Index"
                sedol="BDT8XF1"
                title="M Acc USD"
                valoren="48548937"
                vehicleId="{Long}17"
                vehicleName="UCITS (Ireland)">
                <professionalOnlyCountries
                    jcr:primaryType="nt:unstructured"
                    GB="{Boolean}false"
                    IE="{Boolean}false"/>
            </_x0037_436>
        </shareClasses>
        <platforms jcr:primaryType="nt:unstructured">
            <_x0039_6
                jcr:primaryType="nt:unstructured"
                countries="[AE,BE,BH,CA,DK,ES,FI,FR,GB,IE,IL,LU,MT,NL,NO,PT,SA,SE,US,XX,ZA]"
                regions="[22,2,3,1]"
                sortOrder="{Long}400"
                title="European Equity Platform"/>
            <_x0033_1183
                jcr:primaryType="nt:unstructured"
                countries="[AU,NZ,PG]"
                regions="[5]"
                sortOrder="{Long}9300"
                title="Australian Regional Equities Platform"/>
            <_x0033_1185
                jcr:primaryType="nt:unstructured"
                countries="[BN,CN,HK,ID,MO,MY,PH,SG,TH,TW]"
                regions="[19]"
                sortOrder="{Long}9500"
                title="Singapore Regional Equities Platform"/>
            <_x0033_5745
                jcr:primaryType="nt:unstructured"
                countries="[AT,DE,IT]"
                regions="[18,4]"
                sortOrder="{Long}9700"
                title="Equity Platform"/>
        </platforms>
    </externalMetadata>
</jcr:root>
