<?xml version="1.0" encoding="UTF-8"?>
<jcr:root xmlns:jcr="http://www.jcp.org/jcr/1.0" xmlns:nt="http://www.jcp.org/jcr/nt/1.0" xmlns:mix="http://www.jcp.org/jcr/mix/1.0" xmlns:cq="http://www.day.com/jcr/cq/1.0" xmlns:sling="http://sling.apache.org/jcr/sling/1.0"
    jcr:primaryType="cq:Page">
    <jcr:content
        cq:isDelivered="{Boolean}false"
        cq:lastModified="{Date}2024-09-17T20:55:22.234Z"
        cq:lastModifiedBy="products-service-user"
        cq:lastReplicated="{Date}2024-08-20T14:40:34.772Z"
        cq:lastReplicated_publish="{Date}2024-08-20T14:40:34.772Z"
        cq:lastReplicatedBy="sophia.ponce@lazard.com"
        cq:lastReplicatedBy_publish="sophia.ponce@lazard.com"
        cq:lastReplicationAction="Activate"
        cq:lastReplicationAction_publish="Activate"
        cq:template="/conf/lam/settings/wcm/templates/strategy-detail"
        jcr:isCheckedOut="{Boolean}true"
        jcr:mixinTypes="[cq:ReplicationStatus2,mix:versionable]"
        jcr:primaryType="cq:PageContent"
        jcr:title="Demographic Opportunities"
        jcr:uuid="05ae9859-9326-45be-8be8-03a3dafd47f8"
        sling:resourceType="lam/components/page"
        productType="Strategy">
        <root
            jcr:primaryType="nt:unstructured"
            sling:resourceType="lam/components/container"
            layout="responsiveGrid">
            <container
                jcr:primaryType="nt:unstructured"
                sling:resourceType="lam/components/container"
                layout="responsiveGrid"/>
        </root>
    </jcr:content>
    <productData
        jcr:primaryType="nt:unstructured"
        title="Demographic Opportunities"
        type="Strategy"/>
    <externalMetadata
        jcr:primaryType="nt:unstructured"
        assetClasses="[]"
        aumCurrency="USD"
        aumCurrencySymbol="US$"
        isEMD="{Boolean}false"
        isSMA="{Boolean}false"
        languages="[da-dk,de-at,de-ch,de-de,en-au,en-de,en-gb,en-us,es-es,fii-fi,fr-be,fr-ca,fr-fr,it-de,it-it,nb-no,nl-nl,pt-pt,sv-se]"
        pmTeamAsOfDate="2024-06-30"
        shareClassIds="[6021]">
        <productLanguages jcr:primaryType="nt:unstructured">
            <de-de
                jcr:primaryType="nt:unstructured"
                shortDesc="Die Lazard Demographic Opportunities Strategie zielt darauf ab, Verhaltensdynamiken innerhalb der Rentner- und Nachfolgegenerationen der Weltbevölkerung zu identifizieren. Die Anlagemöglichkeiten bestehen aus Aktien, die von den sich ändernden Konsumgewohnheiten der typischen Vertreter dieser Kohorten profitieren. Die Strategie beruht auf einem konzentrierten globalen Aktienportfolio, das darauf abzielt, die besten langfristigen Anlagemöglichkeiten innerhalb dieser Gruppe zu nutzen. Das Team ist der Ansicht, dass die Langlebigkeit ein wichtiger Faktor für die wirtschaftlichen Präferenzen sowohl der jüngeren als auch der älteren Menschen am Ende der demografischen Pyramide ist, da sie eine bedeutende Kohorte der Weltbevölkerung in Bezug auf Einkommenswachstum und Vermögensbesitz darstellen. Die Strategie investiert selektiv in Unternehmen aus den Industrie- und Schwellenländern."/>
            <en-us
                jcr:primaryType="nt:unstructured"
                longDesc="The Lazard Demographic Opportunities strategy aims to identify behavioral dynamics within the retiree and replacement generational cohorts of the global population. The investment opportunity set consists of stocks that are beneficially exposed to changing consumer spending patterns of typical representatives within these cohorts. The strategy is a concentrated global equity portfolio of stocks that seeks to capture the best long-term investment opportunities from within that set. The team believes longevity is a key utility driver of economic preference for both the younger and older tail ends of the demographic pyramid since they represent a significant cohort of the global population in terms of income growth and asset ownership. The strategy invests selectively in both developed and emerging markets."
                tagline="Seeks long-term investment opportunities within the global retiree and replacement generations."/>
        </productLanguages>
        <platforms jcr:primaryType="nt:unstructured">
            <_x0039_2
                jcr:primaryType="nt:unstructured"
                countries="[AE,AU,BE,BH,CA,DK,ES,FI,FR,GB,IE,IL,LU,MT,NL,NO,NZ,PG,PT,SA,SE,US,XX,ZA]"
                regions="[3,22,5,2,1]"
                sortOrder="{Long}100"
                title="Global Equity Platform"/>
            <_x0033_5745
                jcr:primaryType="nt:unstructured"
                countries="[AT,CH,DE,IT,LI]"
                regions="[18,4,21]"
                sortOrder="{Long}9700"
                title="Equity Platform"/>
        </platforms>
        <pmTeamMembers jcr:primaryType="nt:unstructured">
            <_x0030_
                jcr:primaryType="nt:unstructured"
                bioId="{Long}187"
                firstName="Tjeert"
                isLead="{Boolean}true"
                lastName="Keijzer"
                sortOrder="{Long}1"/>
            <_x0031_
                jcr:primaryType="nt:unstructured"
                bioId="{Long}523"
                firstName="Patrick"
                isLead="{Boolean}false"
                lastName="Korn"
                sortOrder="{Long}2"/>
            <_x0032_
                jcr:primaryType="nt:unstructured"
                bioId="{Long}454"
                firstName="Celine"
                isLead="{Boolean}false"
                lastName="Woo"
                sortOrder="{Long}2"/>
        </pmTeamMembers>
        <webClassifications jcr:primaryType="nt:unstructured">
            <_x0030_
                jcr:primaryType="nt:unstructured"
                type="Geography"
                value="Global"/>
        </webClassifications>
        <subStrategies jcr:primaryType="nt:unstructured">
            <_x0035_68
                jcr:primaryType="nt:unstructured"
                defaultShareClass="{Long}6021"
                inceptionDate="2017-12-27"
                primaryBenchmark="MSCI All Country World Index"
                title="Demographic Opportunities"/>
        </subStrategies>
    </externalMetadata>
    <disclaimerMappings jcr:primaryType="nt:unstructured">
        <factsheet
            jcr:primaryType="nt:unstructured"
            approvedLanguages="[en_de,de_de,en_hk]"
            description="\0"
            disclaimerPaths="[/content/dam/lazard-asset-management/disclaimers/en_us/1109919906]"
            type="factsheet"/>
        <DisclaimerLabel
            jcr:primaryType="nt:unstructured"
            approvedLanguages="[en_us]"
            disclaimerPaths="[]"
            isGlobalProductMapping="{Boolean}true"
            placeholderKeys="[]"
            type="DisclaimerLabel"/>
    </disclaimerMappings>
</jcr:root>
