<?xml version="1.0" encoding="UTF-8"?>
<jcr:root xmlns:jcr="http://www.jcp.org/jcr/1.0" xmlns:nt="http://www.jcp.org/jcr/nt/1.0" xmlns:cq="http://www.day.com/jcr/cq/1.0" xmlns:sling="http://sling.apache.org/jcr/sling/1.0"
    jcr:primaryType="cq:Page">
    <jcr:content
        cq:lastModified="{Date}2024-09-17T20:54:08.361Z"
        cq:lastModifiedBy="products-service-user"
        cq:template="/conf/lam/settings/wcm/templates/strategy-detail"
        jcr:primaryType="cq:PageContent"
        jcr:title="Global Strategic Equity"
        sling:resourceType="lam/components/page"
        assetClass="assetClass0"
        hideInNav="true"
        linkType="internal"
        pageProductData="fund-listing"
        productType="Strategy"
        pwaCachestrategy="staleWhileRevalidate"
        pwaDisplay="standalone"
        pwaOrientation="any">
        <root
            jcr:primaryType="nt:unstructured"
            sling:resourceType="lam/components/container"
            layout="responsiveGrid">
            <container
                jcr:primaryType="nt:unstructured"
                sling:resourceType="lam/components/container"
                layout="responsiveGrid"/>
        </root>
        <cq:featuredimage
            jcr:lastModified="{Date}2024-07-30T18:25:35.236Z"
            jcr:lastModifiedBy="bassel.eladas@lazard.com"
            jcr:primaryType="nt:unstructured"
            sling:resourceType="core/wcm/components/image/v3/image"
            altValueFromDAM="true"/>
    </jcr:content>
    <productData
        jcr:primaryType="nt:unstructured"
        title="Global Strategic Equity"
        type="Strategy"/>
    <externalMetadata
        jcr:primaryType="nt:unstructured"
        assetClasses="[Equity]"
        aumCurrency="USD"
        aumCurrencySymbol="US$"
        isEMD="{Boolean}false"
        isSMA="{Boolean}false"
        languages="[da-dk,de-at,de-ch,de-de,en-au,en-de,en-gb,en-us,es-es,fii-fi,fr-be,fr-ca,fr-fr,it-de,it-it,ja-jp,nb-no,nl-nl,pt-pt,sv-se]"
        pmTeamAsOfDate="2024-06-30"
        shareClassIds="[615,2701]">
        <productLanguages jcr:primaryType="nt:unstructured">
            <de-de
                jcr:primaryType="nt:unstructured"
                shortDesc="Die Lazard Global Strategic Equity-Strategie ist eine „Multi Cap“-Strategie, die über einen gesamten Marktzyklus starke relative Erträge erzielen soll, indem sie opportunistisch in Unternehmen mit einer starken und/oder sich verbessernden finanziellen Produktivität zu attraktiven Bewertungen investiert. Die Strategie investiert in der Regel in 40-60 globale Wertpapiere, einschließlich solcher aus Schwellenländern. Die Aktienallokation der Emerging Markets wird durch Anlagen in einzelne Wertpapiere umgesetzt. Die Benchmark ist der MSCI All Country World Index."/>
            <en-us
                jcr:primaryType="nt:unstructured"
                productHighlight="Robust bottom-up, fundamental analysis seeks to identify undervalued stocks that have the potential to produce high and improving returns over time.&#xd;&#xa;Flexible strategy that can invest in stocks across market caps, geography, and sectors.&#xd;&#xa;Designed to provide Attractive risk-adjusted returns."
                shortDesc="The Lazard Global Strategic Equity strategy is a multi-capitalization strategy that seeks to generate strong relative returns over a full market cycle by opportunistically investing in companies with strong and/or improving financial productivity at attractive valuations. The strategy typically invests in 40 to 60 global securities, including those from emerging markets. The emerging markets equity allocation is implemented by investing in individual securities. The benchmark is the MSCI All Country World Index."/>
        </productLanguages>
        <platforms jcr:primaryType="nt:unstructured">
            <_x0039_2
                jcr:primaryType="nt:unstructured"
                countries="[AE,AU,BE,BH,BN,CA,CN,DK,ES,FI,FR,GB,HK,ID,IE,IL,JP,LU,MO,MT,MY,NL,NO,NZ,PG,PH,PT,SA,SE,SG,TH,TW,US,XX,ZA]"
                regions="[16,3,22,2,5,1,19]"
                sortOrder="{Long}100"
                title="Global Equity Platform"/>
            <_x0033_5745
                jcr:primaryType="nt:unstructured"
                countries="[AT,CH,DE,IT,LI]"
                regions="[18,4,21]"
                sortOrder="{Long}9700"
                title="Equity Platform"/>
        </platforms>
        <pmTeamMembers jcr:primaryType="nt:unstructured">
            <_x0030_
                jcr:primaryType="nt:unstructured"
                bioId="{Long}180"
                firstName="Robin"
                isLead="{Boolean}true"
                lastName="Jones"
                sortOrder="{Long}1"/>
            <_x0031_
                jcr:primaryType="nt:unstructured"
                bioId="{Long}656"
                firstName="Jimmie"
                isLead="{Boolean}false"
                lastName="Bork"
                sortOrder="{Long}2"/>
        </pmTeamMembers>
        <webClassifications jcr:primaryType="nt:unstructured">
            <_x0030_
                jcr:primaryType="nt:unstructured"
                type="Geography"
                value="Global"/>
        </webClassifications>
        <subStrategies jcr:primaryType="nt:unstructured">
            <_x0034_25
                jcr:primaryType="nt:unstructured"
                defaultShareClass="{Long}615"
                inceptionDate="2012-06-01"
                primaryBenchmark="MSCI All Country World Index"
                title="Global Strategic Equity"/>
            <_x0034_83
                jcr:primaryType="nt:unstructured"
                defaultShareClass="{Long}2701"
                inceptionDate="2015-04-10"
                primaryBenchmark="MSCI All Country World ex-Japan Index"
                title="Global Strategic Equity ex-Japan"/>
        </subStrategies>
    </externalMetadata>
    <disclaimerMappings jcr:primaryType="nt:unstructured">
        <DisclaimerLabel
            jcr:primaryType="nt:unstructured"
            approvedLanguages="[en_us]"
            disclaimerPaths="[]"
            isGlobalProductMapping="{Boolean}true"
            placeholderKeys="[]"
            type="DisclaimerLabel"/>
    </disclaimerMappings>
</jcr:root>
