<?xml version="1.0" encoding="UTF-8"?>
<jcr:root xmlns:jcr="http://www.jcp.org/jcr/1.0" xmlns:nt="http://www.jcp.org/jcr/nt/1.0" xmlns:cq="http://www.day.com/jcr/cq/1.0" xmlns:sling="http://sling.apache.org/jcr/sling/1.0"
    jcr:primaryType="cq:Page">
    <jcr:content
        cq:lastModified="{Date}2024-10-25T16:25:22.194Z"
        cq:lastModifiedBy="products-service-user"
        cq:template="/conf/lam/settings/wcm/templates/fund-detail"
        jcr:primaryType="cq:PageContent"
        jcr:title="Lazard Euro Covered Bonds"
        sling:resourceType="lam/components/page"
        productType="Fund">
        <root
            jcr:primaryType="nt:unstructured"
            sling:resourceType="lam/components/container"
            layout="responsiveGrid">
            <container
                jcr:primaryType="nt:unstructured"
                sling:resourceType="lam/components/container"
                layout="responsiveGrid"/>
        </root>
    </jcr:content>
    <productData
        jcr:primaryType="nt:unstructured"
        title="Lazard Euro Covered Bonds"
        type="Fund"/>
    <disclaimerMappings jcr:primaryType="nt:unstructured">
        <DisclaimerLabel
            jcr:primaryType="nt:unstructured"
            approvedLanguages="[en_us]"
            disclaimerPaths="[/content/dam/lazard-asset-management/disclaimers/en_us/2078031161]"
            isGlobalProductMapping="{Boolean}true"
            type="DisclaimerLabel"/>
    </disclaimerMappings>
    <externalMetadata
        jcr:primaryType="nt:unstructured"
        assetClasses="[Fixed Income]"
        availableOnInvestmentPlatform="{Boolean}false"
        benchmarkName="iBoxx EUR Covered Index"
        categorySortOrder="{Long}999999"
        hasSMAonly="{Boolean}false"
        languages="[de-at,de-ch,de-de,en-au,en-de,en-gb,en-us]"
        pmTeamAsOfDate="2024-09-30"
        pmTeamMembers="[]"
        publishByCountry="{Boolean}false"
        sortOrderWithinCategory="{Long}99999"
        strategyId="{Long}270"
        subStrategyId="{Long}431"
        suppressBenchmarks="{Boolean}false"
        umbrellaNumDigitsDividend="{Long}4"
        umbrellaNumDigitsNav="{Long}4">
        <productLanguages jcr:primaryType="nt:unstructured"/>
        <defaultShareClass jcr:primaryType="nt:unstructured"/>
        <shareClasses jcr:primaryType="nt:unstructured">
            <_x0036_16
                jcr:primaryType="nt:unstructured"
                countries="[AT,BS,DE,XX]"
                currency="EUR"
                currencySymbol="€"
                fundId="{Long}378"
                fundingStatus="Open"
                isAuthorizedPending="{Boolean}false"
                isGLIF="{Boolean}false"
                isSMA="{Boolean}false"
                minimumInvestment="€30,000,000"
                primaryBenchmark="iBoxx EUR Covered Index"
                vehicleId="{Long}1"
                vehicleName="Separate Account">
                <professionalOnlyCountries jcr:primaryType="nt:unstructured"/>
            </_x0036_16>
        </shareClasses>
        <platforms jcr:primaryType="nt:unstructured">
            <_x0039_8
                jcr:primaryType="nt:unstructured"
                countries="[AT,DE]"
                regions="[4]"
                sortOrder="{Long}700"
                title="Fixed Income Platform"/>
        </platforms>
    </externalMetadata>
</jcr:root>
