<?xml version="1.0" encoding="UTF-8"?>
<jcr:root xmlns:jcr="http://www.jcp.org/jcr/1.0" xmlns:nt="http://www.jcp.org/jcr/nt/1.0" xmlns:cq="http://www.day.com/jcr/cq/1.0" xmlns:sling="http://sling.apache.org/jcr/sling/1.0"
    jcr:primaryType="cq:Page">
    <jcr:content
        cq:isDelivered="{Boolean}false"
        cq:lastModified="{Date}2024-10-18T17:25:25.754Z"
        cq:lastModifiedBy="products-service-user"
        cq:template="/conf/lam/settings/wcm/templates/fund-detail"
        jcr:mixinTypes="[cq:ReplicationStatus2]"
        jcr:primaryType="cq:PageContent"
        jcr:title="Lazard Emerging Markets Discounted Assets Focus"
        sling:resourceType="lam/components/page"
        productType="Fund">
        <root
            jcr:primaryType="nt:unstructured"
            sling:resourceType="lam/components/container"
            layout="responsiveGrid">
            <container
                jcr:primaryType="nt:unstructured"
                sling:resourceType="lam/components/container"
                layout="responsiveGrid"/>
        </root>
    </jcr:content>
    <productData
        jcr:primaryType="nt:unstructured"
        title="Lazard Emerging Markets Discounted Assets Focus"
        type="Fund"/>
    <externalMetadata
        jcr:primaryType="nt:unstructured"
        assetClasses="[Equity]"
        availableOnInvestmentPlatform="{Boolean}false"
        category="Emerging Markets"
        categorySortOrder="{Long}200"
        hasSMAonly="{Boolean}false"
        languages="[da-dk,de-at,de-ch,de-de,en-au,en-de,en-gb,en-us,es-es,fii-fi,fr-be,fr-ca,fr-fr,it-de,it-it,ja-jp,ko-kr,nb-no,nl-nl,sv-se]"
        pmTeamAsOfDate="2024-09-30"
        pmTeamMembers="[]"
        sortOrderWithinCategory="{Long}530"
        strategyId="{Long}7"
        subStrategyId="{Long}370"
        suppressBenchmarks="{Boolean}false"
        umbrellaNumDigitsDividend="{Long}4"
        umbrellaNumDigitsNav="{Long}4">
        <productLanguages jcr:primaryType="nt:unstructured">
            <en-us
                jcr:primaryType="nt:unstructured"
                productHighlight="Pioneer investment team based in NY and London&#xd;&#xa;Access to often untapped universe of discounted assets-experienced team in narrowing the discount&#xd;&#xa;Differentiated investment approach seeks to provide a diversifying performance profile"
                shortDesc="Lazard Emerging Markets Discounted Assets Focus seeks long-term capital appreciation by investing in companies trading at a discount to their estimated net asset value, sum of the parts valuation, underlying investments/businesses, among other factors. These companies include closed-end funds, investment trusts, holding companies, and special situations that also own attractively priced underlying investments. The strategy utilizes a corporate governance approach to seek to reduce or eliminate these discounts. It is managed using a bottom-up investment process and is benchmark unaware. The Focus sub-strategy is managed with a long-term investment horizon and designed to provide increased tax efficiencies for US taxable investors as it seeks to avoid investing in companies deemed to be Passive Foreign Investment Companies (PFIC)."/>
            <en-gb
                jcr:primaryType="nt:unstructured"
                shortDesc="Lazard Emerging Markets Discounted Assets Focus seeks long-term capital appreciation by investing in companies trading at a discount to their estimated net asset value, sum of the parts valuation, underlying investments/businesses, among other factors. These companies include closed-end funds, investment trusts, holding companies, and special situations that also own attractively priced underlying investments. The strategy utilizes a corporate governance approach to seek to reduce or eliminate these discounts. It is managed using a bottom-up investment process and is benchmark unaware. The Focus sub-strategy is managed with a long-term investment horizon and designed to provide increased tax efficiencies for US taxable investors as it seeks to avoid investing in companies deemed to be Passive Foreign Investment Companies (PFIC)."/>
        </productLanguages>
        <defaultShareClass jcr:primaryType="nt:unstructured"/>
        <shareClasses jcr:primaryType="nt:unstructured">
            <_x0034_77
                jcr:primaryType="nt:unstructured"
                countries="[BM,BS,CA,JP,US,XX]"
                currency="USD"
                currencySymbol="US$"
                fundId="{Long}280"
                fundingStatus="Open"
                inceptionDate="2008-07-07"
                isAuthorizedPending="{Boolean}false"
                isGLIF="{Boolean}false"
                isSMA="{Boolean}false"
                minimumInvestment="US$ 10,000,000"
                primaryBenchmark="MSCI Emerging Markets Index"
                vehicleId="{Long}1"
                vehicleName="Separate Account">
                <professionalOnlyCountries jcr:primaryType="nt:unstructured"/>
            </_x0034_77>
        </shareClasses>
        <platforms jcr:primaryType="nt:unstructured">
            <_x0039_4
                jcr:primaryType="nt:unstructured"
                countries="[BM,CA,JP,US]"
                regions="[16,1,20]"
                sortOrder="{Long}600"
                title="Emerging Markets Platform"/>
        </platforms>
    </externalMetadata>
    <disclaimerMappings jcr:primaryType="nt:unstructured">
        <DisclaimerLabel
            jcr:primaryType="nt:unstructured"
            approvedLanguages="[en_us]"
            disclaimerPaths="[/content/dam/lazard-asset-management/disclaimers/en_us/2078031161/jcr:content/indexedData/master]"
            isGlobalProductMapping="{Boolean}true"
            placeholderKeys="[]"
            type="DisclaimerLabel"/>
        <StatPro_NY-CEF_P_EM_FOCUS
            jcr:primaryType="nt:unstructured"
            approvedLanguages="[en_us]"
            disclaimerPaths="[/content/dam/lazard-asset-management/disclaimers/en_us/605060464]"
            isGlobalProductMapping="{Boolean}false"
            placeholderKeys="[]"
            type="StatPro_NY-CEF_P_EM_FOCUS"/>
    </disclaimerMappings>
</jcr:root>
