<?xml version="1.0" encoding="UTF-8"?>
<jcr:root xmlns:jcr="http://www.jcp.org/jcr/1.0" xmlns:nt="http://www.jcp.org/jcr/nt/1.0" xmlns:cq="http://www.day.com/jcr/cq/1.0" xmlns:sling="http://sling.apache.org/jcr/sling/1.0"
    jcr:primaryType="cq:Page">
    <jcr:content
        cq:lastModified="{Date}2024-10-30T20:27:21.058Z"
        cq:lastModifiedBy="products-service-user"
        cq:template="/conf/lam/settings/wcm/templates/fund-detail"
        jcr:primaryType="cq:PageContent"
        jcr:title="Lazard Nordic High Yield Bond Fund"
        sling:resourceType="lam/components/page"
        productType="Fund">
        <root
            jcr:primaryType="nt:unstructured"
            sling:resourceType="lam/components/container"
            layout="responsiveGrid">
            <container
                jcr:primaryType="nt:unstructured"
                sling:resourceType="lam/components/container"
                layout="responsiveGrid">
                <custom_container_cop_1404241144
                    cq:styleIds="[1718059993783]"
                    jcr:primaryType="nt:unstructured"
                    sling:resourceType="lam/components/custom-container"
                    applyCustomizedBorder="false"
                    containetBoxType="fixed-contained"
                    customId="productdata"
                    enableVerticalScrollbar="false"
                    hasNestedCustomContainer="is-not-NestedCustomContainer"
                    hideFinancialIntermediary="false"
                    hideIndividualInvestor="false"
                    hideInstitucionalInvestor="false"
                    hidePrivateWealth="false"
                    isGapless="is-gapped"
                    isHorizontalCentered="is-hnormal"
                    isMobileColumns="is-normal"
                    isVerticalCentered="is-vnormal"
                    showSeparator="false">
                    <colpar_1
                        jcr:primaryType="nt:unstructured"
                        sling:resourceType="wcm/foundation/components/responsivegrid">
                        <accordion
                            jcr:primaryType="nt:unstructured"
                            sling:resourceType="lam/components/accordion"/>
                    </colpar_1>
                    <columnsList jcr:primaryType="nt:unstructured">
                        <item0
                            jcr:primaryType="nt:unstructured"
                            desktopSize="is-auto-desktop"
                            mobileSize="is-auto-mobile"
                            tabletSize="is-auto-tablet"/>
                    </columnsList>
                </custom_container_cop_1404241144>
            </container>
        </root>
    </jcr:content>
    <productData
        jcr:primaryType="nt:unstructured"
        title="Lazard Nordic High Yield Bond Fund"
        type="Fund"/>
    <disclaimerMappings jcr:primaryType="nt:unstructured">
        <DisclaimerCharacteristics
            jcr:primaryType="nt:unstructured"
            approvedLanguages="[en_be,en_ch,en_es,en_fi,en_fr,en_gb,en_ie,en_it,en_li,en_lu,en_nl,en_no,en_pt,en_se]"
            disclaimerPaths="[/content/dam/lazard-asset-management/disclaimers/en_us/860061669]"
            isGlobalProductMapping="{Boolean}false"
            type="DisclaimerCharacteristics"/>
        <DisclaimerLabel
            jcr:primaryType="nt:unstructured"
            approvedLanguages="[en_us]"
            disclaimerPaths="[/content/dam/lazard-asset-management/disclaimers/en_us/2078031161]"
            isGlobalProductMapping="{Boolean}true"
            type="DisclaimerLabel"/>
    </disclaimerMappings>
    <externalMetadata
        jcr:primaryType="nt:unstructured"
        assetClasses="[Fixed Income]"
        availableOnInvestmentPlatform="{Boolean}false"
        categorySortOrder="{Long}999999"
        distributionDate="April and October"
        hasSMAonly="{Boolean}false"
        languages="[de-at,de-ch,de-de,en-au,en-de,en-gb,en-us,fr-be,fr-ca,fr-fr,it-de,it-it,nl-nl]"
        pmTeamAsOfDate="2024-09-30"
        sfdrCategory="{Long}8"
        sortOrderWithinCategory="{Long}99999"
        strategyId="{Long}319"
        subStrategyId="{Long}700"
        suppressBenchmarks="{Boolean}false"
        umbrellaName="LGIF"
        umbrellaNumDigitsDividend="{Long}4"
        umbrellaNumDigitsNav="{Long}4">
        <productLanguages jcr:primaryType="nt:unstructured">
            <de-de
                jcr:primaryType="nt:unstructured"
                shortDesc="Der Lazard Nordic High Yield Bond Fund investiert überwiegend in hochverzinsliche Credit Bonds aus der nordischen Region. Die aktive Titelauswahl basiert auf unserer fundamentalen Bottom-up-Analyse. Das Anlageuniversum des Fonds umfasst nordische Emittenten und nicht-nordische Emittenten, die Anleihen in skandinavischen Währungen ausgeben. Er investiert hauptsächlich in variabel verzinsliche Anleihen, was zu einer sehr niedrigen Gesamtduration führt. Gepaart mit einem generell kurzen Laufzeitenprofil und höheren Risikoprämien im Vergleich zu anderen Rentenmärkten zielt der Fonds darauf ab, mittel- bis langfristig hohe Anlagerenditen zu erzielen."/>
            <en-us
                jcr:primaryType="nt:unstructured"
                shortDesc="The Lazard Nordic High Yield Bond Fund invests predominantly in high-yield credit bonds from the Nordic region. Active security selection is based on our fundamental bottom-up analysis. The fund's investment universe includes Nordic issuers and non-Nordic issuers issuing bonds in Scandinavian currencies. It invests mainly in floating rate bonds, resulting in a very low total duration. Paired with a short maturity profile in general and higher risk premia compared to other fixed income markets, the fund aims to generate high medium to long-term investment returns."/>
            <en-gb
                jcr:primaryType="nt:unstructured"
                shortDesc="The Lazard Nordic High Yield Bond Fund invests predominantly in high-yield credit bonds from the Nordic region. Active security selection is based on our fundamental bottom-up analysis. The fund's investment universe includes Nordic issuers and non-Nordic issuers issuing bonds in Scandinavian currencies. It invests mainly in floating rate bonds, resulting in a very low total duration. Paired with a short maturity profile in general and higher risk premia compared to other fixed income markets, the fund aims to generate high medium to long-term investment returns."/>
        </productLanguages>
        <defaultShareClass
            jcr:primaryType="nt:unstructured"
            AT="{Long}12923"
            BE="{Long}12924"
            CH="{Long}13044"
            DE="{Long}12923"
            FR="{Long}12924"
            IE="{Long}12924"
            LU="{Long}12924"/>
        <pmTeamMembers jcr:primaryType="nt:unstructured">
            <_x0030_
                jcr:primaryType="nt:unstructured"
                bioId="{Long}484"
                firstName="Daniel"
                isLead="{Boolean}true"
                lastName="Herdt"
                sortOrder="{Long}1"/>
            <_x0031_
                jcr:primaryType="nt:unstructured"
                bioId="{Long}410"
                firstName="Ulrich"
                isLead="{Boolean}true"
                lastName="Teutsch"
                sortOrder="{Long}1"/>
            <_x0032_
                jcr:primaryType="nt:unstructured"
                bioId="{Long}480"
                firstName="Benjamin"
                isLead="{Boolean}false"
                lastName="Boehme"
                sortOrder="{Long}2"/>
            <_x0033_
                jcr:primaryType="nt:unstructured"
                bioId="{Long}1195"
                firstName="Michal"
                isLead="{Boolean}false"
                lastName="Chrobot"
                sortOrder="{Long}2"/>
            <_x0034_
                jcr:primaryType="nt:unstructured"
                bioId="{Long}188"
                firstName="Holger"
                isLead="{Boolean}false"
                lastName="Keil"
                sortOrder="{Long}2"/>
        </pmTeamMembers>
        <shareClasses jcr:primaryType="nt:unstructured">
            <_x0031_2922
                jcr:primaryType="nt:unstructured"
                annualManagementCharge="0.60%"
                countries="[IE,XX]"
                currency="CHF"
                fundId="{Long}4941"
                fundingStatus="Authorized/Pending"
                initialCharge="3.00%"
                isAuthorizedPending="{Boolean}true"
                isGLIF="{Boolean}false"
                isin="IE0003RT7RZ1"
                isSMA="{Boolean}false"
                minimumInvestment="€250,000"
                ticker="LNHYACH ID"
                title="A Acc CHF Hedged"
                valoren="136233520"
                vehicleId="{Long}17"
                vehicleName="UCITS (Ireland)">
                <professionalOnlyCountries
                    jcr:primaryType="nt:unstructured"
                    IE="{Boolean}false"/>
            </_x0031_2922>
            <_x0031_2923
                jcr:primaryType="nt:unstructured"
                annualManagementCharge="0.60%"
                countries="[AT,BE,CH,DE,FR,IE,LU,XX]"
                currency="EUR"
                currencySymbol="€"
                fundId="{Long}4941"
                fundingStatus="Open"
                inceptionDate="2022-11-01"
                initialCharge="3.00%"
                isAuthorizedPending="{Boolean}false"
                isGLIF="{Boolean}false"
                isin="IE000MHDVN90"
                isSMA="{Boolean}false"
                minimumInvestment="€250,000"
                ticker="LRBVGTA ID"
                title="A Acc EUR"
                valoren="121252638"
                vehicleId="{Long}17"
                vehicleName="UCITS (Ireland)"
                wknCd="A3DTD1">
                <professionalOnlyCountries
                    jcr:primaryType="nt:unstructured"
                    AT="{Boolean}false"
                    BE="{Boolean}false"
                    CH="{Boolean}false"
                    DE="{Boolean}false"
                    FR="{Boolean}false"
                    IE="{Boolean}false"
                    LU="{Boolean}false"/>
            </_x0031_2923>
            <_x0031_2963
                jcr:primaryType="nt:unstructured"
                annualManagementCharge="0.60%"
                countries="[AT,BE,DE,IE,LU,XX]"
                currency="EUR"
                currencySymbol="€"
                fundId="{Long}4941"
                fundingStatus="Open"
                inceptionDate="2024-06-13"
                initialCharge="3.00%"
                isAuthorizedPending="{Boolean}false"
                isGLIF="{Boolean}false"
                isin="IE000F8BEZE4"
                isSMA="{Boolean}false"
                minimumInvestment="€250,000"
                ticker="LRTGBAD ID"
                title="A Dist EUR"
                valoren="121252629"
                vehicleId="{Long}17"
                vehicleName="UCITS (Ireland)"
                wknCd="A3DTD2">
                <professionalOnlyCountries
                    jcr:primaryType="nt:unstructured"
                    AT="{Boolean}false"
                    BE="{Boolean}false"
                    DE="{Boolean}false"
                    IE="{Boolean}false"
                    LU="{Boolean}false"/>
            </_x0031_2963>
            <_x0031_2990
                jcr:primaryType="nt:unstructured"
                annualManagementCharge="1.25%"
                countries="[FR,IE,XX]"
                currency="EUR"
                currencySymbol="€"
                fundId="{Long}4941"
                fundingStatus="Authorized/Pending"
                initialCharge="5.00%"
                isAuthorizedPending="{Boolean}true"
                isGLIF="{Boolean}false"
                isin="IE000VZP0GQ7"
                isSMA="{Boolean}false"
                minimumInvestment="€500"
                title="B Acc EUR"
                vehicleId="{Long}17"
                vehicleName="UCITS (Ireland)">
                <professionalOnlyCountries
                    jcr:primaryType="nt:unstructured"
                    FR="{Boolean}false"
                    IE="{Boolean}false"/>
            </_x0031_2990>
            <_x0031_3008
                jcr:primaryType="nt:unstructured"
                annualManagementCharge="1.50%"
                countries="[FR,IE,XX]"
                currency="EUR"
                currencySymbol="€"
                fundId="{Long}4941"
                fundingStatus="Authorized/Pending"
                initialCharge="5.00%"
                isAuthorizedPending="{Boolean}true"
                isGLIF="{Boolean}false"
                isin="IE000EXDRPO9"
                isSMA="{Boolean}false"
                minimumInvestment="€500"
                title="BP Acc EUR"
                vehicleId="{Long}17"
                vehicleName="UCITS (Ireland)">
                <professionalOnlyCountries
                    jcr:primaryType="nt:unstructured"
                    FR="{Boolean}false"
                    IE="{Boolean}false"/>
            </_x0031_3008>
            <_x0031_3017
                jcr:primaryType="nt:unstructured"
                annualManagementCharge="1.50%"
                countries="[AT,BE,CH,DE,IE,LU,XX]"
                currency="EUR"
                currencySymbol="€"
                fundId="{Long}4941"
                fundingStatus="Open"
                inceptionDate="2022-12-05"
                initialCharge="5.00%"
                isAuthorizedPending="{Boolean}false"
                isGLIF="{Boolean}false"
                isin="IE000AN9WEJ9"
                isSMA="{Boolean}false"
                minimumInvestment="€500"
                ticker="LRGBHBP ID"
                title="BP Dist EUR"
                valoren="121252595"
                vehicleId="{Long}17"
                vehicleName="UCITS (Ireland)"
                wknCd="A3DTD3">
                <professionalOnlyCountries
                    jcr:primaryType="nt:unstructured"
                    AT="{Boolean}false"
                    BE="{Boolean}false"
                    CH="{Boolean}false"
                    DE="{Boolean}false"
                    IE="{Boolean}false"
                    LU="{Boolean}false"/>
            </_x0031_3017>
            <_x0031_3026
                jcr:primaryType="nt:unstructured"
                annualManagementCharge="0.55%"
                countries="[FR,IE,XX]"
                currency="EUR"
                currencySymbol="€"
                fundId="{Long}4941"
                fundingStatus="Open"
                inceptionDate="2024-06-20"
                initialCharge="3.00%"
                isAuthorizedPending="{Boolean}false"
                isGLIF="{Boolean}false"
                isin="IE0007DO8NT8"
                isSMA="{Boolean}false"
                minimumInvestment="€500"
                ticker="LNHYCAE ID"
                title="C Acc EUR"
                valoren="136233525"
                vehicleId="{Long}17"
                vehicleName="UCITS (Ireland)">
                <professionalOnlyCountries
                    jcr:primaryType="nt:unstructured"
                    FR="{Boolean}false"
                    IE="{Boolean}false"/>
            </_x0031_3026>
            <_x0031_3035
                jcr:primaryType="nt:unstructured"
                annualManagementCharge="0.55%"
                countries="[IE,XX]"
                currency="EUR"
                currencySymbol="€"
                fundId="{Long}4941"
                fundingStatus="Open"
                inceptionDate="2024-06-20"
                initialCharge="3.00%"
                isAuthorizedPending="{Boolean}false"
                isGLIF="{Boolean}false"
                isin="IE000L5870G7"
                isSMA="{Boolean}false"
                minimumInvestment="€500"
                ticker="LNHYBCE ID"
                title="C Dist EUR"
                valoren="136233543"
                vehicleId="{Long}17"
                vehicleName="UCITS (Ireland)">
                <professionalOnlyCountries
                    jcr:primaryType="nt:unstructured"
                    IE="{Boolean}false"/>
            </_x0031_3035>
            <_x0031_3044
                jcr:primaryType="nt:unstructured"
                annualManagementCharge="0.25%"
                countries="[AT,BE,CH,DE,IE,LU,XX]"
                currency="EUR"
                currencySymbol="€"
                fundId="{Long}4941"
                fundingStatus="Closed"
                inceptionDate="2022-11-18"
                initialCharge="3.00%"
                isAuthorizedPending="{Boolean}false"
                isGLIF="{Boolean}false"
                isin="IE000SK1JS82"
                isSMA="{Boolean}false"
                minimumInvestment="€500"
                ticker="LRTGHEA ID"
                title="EA Acc EUR"
                valoren="121252728"
                vehicleId="{Long}17"
                vehicleName="UCITS (Ireland)"
                wknCd="A3DTD4">
                <professionalOnlyCountries
                    jcr:primaryType="nt:unstructured"
                    AT="{Boolean}false"
                    BE="{Boolean}false"
                    CH="{Boolean}false"
                    DE="{Boolean}false"
                    IE="{Boolean}false"
                    LU="{Boolean}false"/>
            </_x0031_3044>
            <_x0031_3053
                jcr:primaryType="nt:unstructured"
                annualManagementCharge="0.25%"
                countries="[AT,BE,CH,DE,IE,LU,XX]"
                currency="EUR"
                currencySymbol="€"
                fundId="{Long}4941"
                fundingStatus="Closed"
                inceptionDate="2022-11-01"
                initialCharge="3.00%"
                isAuthorizedPending="{Boolean}false"
                isGLIF="{Boolean}false"
                isin="IE0000IN9ID3"
                isSMA="{Boolean}false"
                minimumInvestment="€500"
                ticker="LRGVDHE ID"
                title="EA Dist EUR"
                valoren="121252591"
                vehicleId="{Long}17"
                vehicleName="UCITS (Ireland)"
                wknCd="A3DTD5">
                <professionalOnlyCountries
                    jcr:primaryType="nt:unstructured"
                    AT="{Boolean}false"
                    BE="{Boolean}false"
                    CH="{Boolean}false"
                    DE="{Boolean}false"
                    IE="{Boolean}false"
                    LU="{Boolean}false"/>
            </_x0031_3053>
        </shareClasses>
        <platforms jcr:primaryType="nt:unstructured">
            <_x0039_8
                jcr:primaryType="nt:unstructured"
                countries="[AE,AT,BE,BH,CH,DE,DK,ES,FI,FR,GB,IE,IL,IT,LI,LU,MT,NL,NO,PT,SA,SE,XX,ZA]"
                regions="[4,22,18,2,3,21]"
                sortOrder="{Long}700"
                title="Fixed Income Platform"/>
        </platforms>
    </externalMetadata>
</jcr:root>
