<?xml version="1.0" encoding="UTF-8"?>
<jcr:root xmlns:jcr="http://www.jcp.org/jcr/1.0" xmlns:nt="http://www.jcp.org/jcr/nt/1.0" xmlns:sling="http://sling.apache.org/jcr/sling/1.0"
    jcr:primaryType="sling:OrderedFolder"
    jcr:title="Lazard Retirement Emerging Markets Equity Portfolio">
    <jcr:content jcr:primaryType="nt:unstructured"/>
    <characteristics/>
    <top-holdings/>
    <allocation/>
    <performance/>
    <distributions/>
    <footer-disclaimer/>
    <extra-content/>
</jcr:root>
