<?xml version="1.0" encoding="UTF-8"?>
<jcr:root xmlns:jcr="http://www.jcp.org/jcr/1.0" xmlns:nt="http://www.jcp.org/jcr/nt/1.0" xmlns:cq="http://www.day.com/jcr/cq/1.0" xmlns:sling="http://sling.apache.org/jcr/sling/1.0"
    jcr:primaryType="cq:Page">
    <jcr:content
        cq:lastModified="{Date}2024-07-15T20:42:39.878Z"
        cq:lastModifiedBy="products-service-user"
        cq:template="/conf/lam/settings/wcm/templates/fund-detail"
        jcr:primaryType="cq:PageContent"
        jcr:title="Lazard Europe Concentrated"
        sling:resourceType="lam/components/page"
        productType="Fund">
        <root
            jcr:primaryType="nt:unstructured"
            sling:resourceType="lam/components/container"
            layout="responsiveGrid">
            <container
                jcr:primaryType="nt:unstructured"
                sling:resourceType="lam/components/container"
                layout="responsiveGrid"/>
        </root>
    </jcr:content>
    <productData
        jcr:primaryType="nt:unstructured"
        title="Lazard Europe Concentrated"
        type="Fund"/>
    <externalMetadata
        jcr:primaryType="nt:unstructured"
        assetClasses="[Equity]"
        availableOnInvestmentPlatform="{Boolean}false"
        category="Equity"
        categorySortOrder="{Long}100"
        hasSMAonly="{Boolean}false"
        languages="[de-at,de-ch,de-de,en-au,en-de,en-gb,en-us,fr-be,fr-ca,fr-fr,it-de,it-it,nl-nl]"
        pmTeamMembers="[]"
        sfdrCategory="{Long}8"
        sortOrderWithinCategory="{Long}240"
        strategyId="{Long}230"
        subStrategyId="{Long}534"
        suppressBenchmarks="{Boolean}false"
        umbrellaName="LAZARD EUROPE CONCENTRATED"
        umbrellaNumDigitsDividend="{Long}4"
        umbrellaNumDigitsNav="{Long}4">
        <productLanguages jcr:primaryType="nt:unstructured">
            <de-de
                jcr:primaryType="nt:unstructured"
                shortDesc="Lazard Europe Concentrated zielt darauf ab, die Performance des Stoxx 600-Index über den empfohlenen Anlagehorizont von fünf Jahren nach Kosten zu übertreffen. Dieses konzentrierte Portfolio richtet den Fokus auf die Optimierung der potenziellen Wertentwicklung, um Alpha-Renditen zu erzielen – und zwar ausschließlich mithilfe eines Bottom-up-Ansatzes, der auf einer dynamischen Analyse der Wertschöpfung der spezifischen Unternehmen basiert."/>
            <en-us
                jcr:primaryType="nt:unstructured"
                shortDesc="Lazard Europe Concentrated aims to exceed the net-of-fee performance of the Stoxx 600 Index, over the recommended 5-year investment period. This concentrated portfolio focuses on optimising the performance upside to generate alpha returns, through a bottom-up approach based on a dynamic analysis of the companies' value creation exclusively."/>
        </productLanguages>
        <defaultShareClass
            jcr:primaryType="nt:unstructured"
            AT="{Long}4986"
            BE="{Long}4985"
            DE="{Long}4986"
            FR="{Long}4986"
            IT="{Long}4985"
            LU="{Long}4985"/>
        <shareClasses jcr:primaryType="nt:unstructured">
            <_x0034_985
                jcr:primaryType="nt:unstructured"
                countries="[AT,BE,DE,FR,IT,LU,XX]"
                currency="EUR"
                fundId="{Long}2110"
                fundingStatus="Open"
                inceptionDate="1990-03-18"
                initialCharge="4.00%"
                isAuthorizedPending="{Boolean}false"
                isGLIF="{Boolean}false"
                isin="FR0000294613"
                isSMA="{Boolean}false"
                minimumInvestment="1"
                primaryBenchmark="EURO STOXX 600 Index"
                ticker="OBJVALE"
                title="A"
                vehicleId="{Long}16"
                vehicleName="UCITS (France)"
                wknCd="A0NF8L">
                <professionalOnlyCountries
                    jcr:primaryType="nt:unstructured"
                    AT="{Boolean}false"
                    BE="{Boolean}false"
                    DE="{Boolean}false"
                    FR="{Boolean}false"
                    IT="{Boolean}false"
                    LU="{Boolean}false"/>
            </_x0034_985>
            <_x0034_986
                jcr:primaryType="nt:unstructured"
                countries="[AT,BE,DE,FR,IT,LU,XX]"
                currency="EUR"
                fundId="{Long}2110"
                fundingStatus="Open"
                inceptionDate="2012-03-29"
                initialCharge="4.00%"
                isAuthorizedPending="{Boolean}false"
                isGLIF="{Boolean}false"
                isin="FR0011034131"
                isSMA="{Boolean}false"
                minimumInvestment="1"
                primaryBenchmark="EURO STOXX 600 Index"
                ticker="OBJVALR"
                title="R"
                vehicleId="{Long}16"
                vehicleName="UCITS (France)"
                wknCd="A12A7A">
                <professionalOnlyCountries
                    jcr:primaryType="nt:unstructured"
                    AT="{Boolean}false"
                    BE="{Boolean}false"
                    DE="{Boolean}false"
                    FR="{Boolean}false"
                    IT="{Boolean}false"
                    LU="{Boolean}false"/>
            </_x0034_986>
        </shareClasses>
        <platforms jcr:primaryType="nt:unstructured">
            <_x0039_6
                jcr:primaryType="nt:unstructured"
                countries="[BM]"
                regions="[20]"
                sortOrder="{Long}400"
                title="European Equity Platform"/>
        </platforms>
    </externalMetadata>
</jcr:root>
