<?xml version="1.0" encoding="UTF-8"?>
<jcr:root xmlns:jcr="http://www.jcp.org/jcr/1.0" xmlns:nt="http://www.jcp.org/jcr/nt/1.0" xmlns:mix="http://www.jcp.org/jcr/mix/1.0" xmlns:cq="http://www.day.com/jcr/cq/1.0" xmlns:sling="http://sling.apache.org/jcr/sling/1.0"
    jcr:primaryType="cq:Page">
    <jcr:content
        cq:isDelivered="{Boolean}false"
        cq:lastModified="{Date}2024-06-26T16:55:02.048Z"
        cq:lastModifiedBy="alejandro.urizar@lazard.com"
        cq:lastReplicationAction_publish="Activate"
        cq:lastReplicationAction_scene7="Activate"
        cq:lastRolledout="{Date}2024-06-26T16:53:44.091Z"
        cq:lastRolledoutBy="alejandro.urizar@lazard.com"
        cq:tags="[]"
        cq:template="/conf/lam/settings/wcm/templates/xf-web-variation"
        cq:xfVariantType="web"
        jcr:isCheckedOut="{Boolean}true"
        jcr:mixinTypes="[cq:LiveRelationship,cq:ReplicationStatus2,mix:versionable]"
        jcr:primaryType="cq:PageContent"
        jcr:title="Header"
        jcr:uuid="ce70e808-e587-49a2-8bce-500f1d8fced4"
        sling:resourceType="lam/components/xfpage">
        <root
            cq:lastRolledout="{Date}2024-06-26T16:53:44.006Z"
            cq:lastRolledoutBy="alejandro.urizar@lazard.com"
            jcr:mixinTypes="[cq:LiveRelationship]"
            jcr:primaryType="nt:unstructured"
            sling:resourceType="lam/components/container"
            layout="simple">
            <logo/>
            <global-header
                cq:lastRolledout="{Date}2024-06-26T16:53:44.039Z"
                cq:lastRolledoutBy="alejandro.urizar@lazard.com"
                jcr:lastModified="{Date}2024-06-26T16:55:01.944Z"
                jcr:lastModifiedBy="alejandro.urizar@lazard.com"
                jcr:mixinTypes="[cq:LiveRelationship,cq:LiveSyncCancelled]"
                jcr:primaryType="nt:unstructured"
                sling:resourceType="lam/components/globalheader"
                collectAllPages="false"
                contactLabel="Contact LC"
                contactPath="/content/lam/language-masters/en/contact"
                hideAccount="false"
                localLabel="Locale Settings"
                localPath="/content/lam/us/en_us/login"
                loginLabel="Login LC"
                loginPath="/content/lam/us/en_us/login"
                navigationRoot="/content/lam/us/en_us"
                signupPath="/content/lam/lam-tests/login"
                singupLabel="Sign Up"
                singupPath="/content/lam/us/en_us/login"
                skipNavigationRoot="false"
                structureDepth="1">
                <logo
                    cq:lastRolledout="{Date}2024-06-26T16:53:44.051Z"
                    cq:lastRolledoutBy="alejandro.urizar@lazard.com"
                    cq:styleIds="[1715193174779]"
                    jcr:lastModified="{Date}2024-06-26T16:53:44.045Z"
                    jcr:lastModifiedBy="alejandro.urizar@lazard.com"
                    jcr:mixinTypes="[cq:LiveRelationship]"
                    jcr:primaryType="nt:unstructured"
                    jcr:title="Lazard Logo"
                    sling:resourceType="lam/components/image"
                    alt="Lazard"
                    altValueFromDAM="false"
                    class="Image"
                    customId="0111"
                    disableLazyLoading="true"
                    displayPopupTitle="true"
                    fileReference="/content/dam/lam/LazardLogoBlack.svg"
                    imageFromPageImage="false"
                    isDecorative="false"
                    linkTarget="_self"
                    linkURL="/content/lam/us/en_us/homepage"
                    showExpandButton="false"
                    titleValueFromDAM="true">
                    <file/>
                </logo>
                <l1navItems jcr:primaryType="nt:unstructured">
                    <item0
                        jcr:primaryType="nt:unstructured"
                        navigationRoot="/content/lam/language-masters/en/investment-solutions"
                        viewType="column"/>
                    <item1
                        jcr:primaryType="nt:unstructured"
                        defaultImageReference="/content/dam/lazard-asset-management/test-imagery/Image 1.png"
                        navigationRoot="/content/lam/language-masters/en/research-insights"
                        viewType="list"/>
                    <item2
                        jcr:primaryType="nt:unstructured"
                        navigationRoot="/content/lam/language-masters/en/sustainable-investment"
                        viewType="column"/>
                    <item3
                        jcr:primaryType="nt:unstructured"
                        defaultImageReference="/content/dam/lazard-asset-management/test-imagery/Image 1.png"
                        navigationRoot="/content/lam/language-masters/en/about"
                        viewType="list"/>
                    <item4
                        jcr:primaryType="nt:unstructured"
                        navigationRoot="https://www.google.com"
                        viewType="column"/>
                </l1navItems>
            </global-header>
        </root>
    </jcr:content>
</jcr:root>
