<?xml version="1.0" encoding="UTF-8"?>
<jcr:root xmlns:jcr="http://www.jcp.org/jcr/1.0" xmlns:nt="http://www.jcp.org/jcr/nt/1.0" xmlns:cq="http://www.day.com/jcr/cq/1.0" xmlns:sling="http://sling.apache.org/jcr/sling/1.0"
    jcr:primaryType="cq:Page">
    <jcr:content
        cq:lastModified="{Date}2024-07-15T20:18:16.125Z"
        cq:lastModifiedBy="products-service-user"
        cq:template="/conf/lam/settings/wcm/templates/fund-detail"
        jcr:primaryType="cq:PageContent"
        jcr:title="Lazard Select Australian Equity"
        sling:resourceType="lam/components/page"
        productType="Fund">
        <root
            jcr:primaryType="nt:unstructured"
            sling:resourceType="lam/components/container"
            layout="responsiveGrid">
            <container
                jcr:primaryType="nt:unstructured"
                sling:resourceType="lam/components/container"
                layout="responsiveGrid"/>
        </root>
    </jcr:content>
    <productData
        jcr:primaryType="nt:unstructured"
        title="Lazard Select Australian Equity"
        type="Fund"/>
    <externalMetadata
        jcr:primaryType="nt:unstructured"
        assetClasses="[Equity]"
        availableOnInvestmentPlatform="{Boolean}false"
        benchmarkName="S&amp;P/ASX 200 Index"
        category="Equity"
        categorySortOrder="{Long}100"
        hasSMAonly="{Boolean}false"
        languages="[en-au,en-de,en-gb,en-us,fr-ca,ja-jp]"
        pmTeamMembers="[]"
        sortOrderWithinCategory="{Long}110"
        strategyId="{Long}57"
        subStrategyId="{Long}189"
        suppressBenchmarks="{Boolean}false"
        umbrellaNumDigitsDividend="{Long}4"
        umbrellaNumDigitsNav="{Long}4">
        <productLanguages jcr:primaryType="nt:unstructured">
            <en-us
                jcr:primaryType="nt:unstructured"
                shortDesc="Lazard Select Australian Equity seeks to achieve total returns (includes income and capital appreciation and before the deduction of fees and taxes) that exceed those of the S&amp;P/ASX 200 Accumulation Index by 5% per annum over rolling five-year periods. The strategy invests primarily in companies among the 200 largest listed on the Australian Stock Exchange. The strategy is focused on a highly concentrated portfolio that will generally range between 12 and 30 of our &quot;best ideas&quot; chosen for their potential to deliver large absolute returns over the long term. By contrast with the more diversified Lazard Australian Equity strategy, the Lazard Select Australian Equity strategy places less emphasis on benchmark risk control in the portfolio construction process. It is focused on producing strong, absolute returns for investors over the long-term, rather than the more traditional relative return targets."/>
            <ja-jp
                jcr:primaryType="nt:unstructured"
                strategyTitle="セレクト・オーストラリア株式"/>
        </productLanguages>
        <defaultShareClass jcr:primaryType="nt:unstructured"/>
        <shareClasses jcr:primaryType="nt:unstructured">
            <_x0032_66
                jcr:primaryType="nt:unstructured"
                countries="[AU,BN,BS,CA,CN,HK,ID,JP,MO,MY,NZ,PG,PH,SG,TH,TW,US,XX]"
                currency="AUD"
                fundId="{Long}194"
                fundingStatus="Open"
                isAuthorizedPending="{Boolean}false"
                isGLIF="{Boolean}false"
                isSMA="{Boolean}false"
                minimumInvestment="50 000 000 AUD"
                primaryBenchmark="S&amp;P/ASX 200 Index"
                vehicleId="{Long}1"
                vehicleName="Separate Account">
                <professionalOnlyCountries jcr:primaryType="nt:unstructured"/>
            </_x0032_66>
        </shareClasses>
        <platforms jcr:primaryType="nt:unstructured">
            <_x0039_7
                jcr:primaryType="nt:unstructured"
                countries="[CA,JP,US]"
                regions="[1,16]"
                sortOrder="{Long}500"
                title="Asia-Pacific Equity Platform"/>
            <_x0033_1182
                jcr:primaryType="nt:unstructured"
                countries="[AU,NZ,PG]"
                regions="[5]"
                sortOrder="{Long}9200"
                title="Australian Equity Platform"/>
            <_x0033_1183
                jcr:primaryType="nt:unstructured"
                countries="[AU,NZ,PG]"
                regions="[5]"
                sortOrder="{Long}9300"
                title="Australian Regional Equities Platform"/>
            <_x0033_1185
                jcr:primaryType="nt:unstructured"
                countries="[BN,CN,HK,ID,MO,MY,PH,SG,TH,TW]"
                regions="[19]"
                sortOrder="{Long}9500"
                title="Singapore Regional Equities Platform"/>
        </platforms>
    </externalMetadata>
    <disclaimerMappings jcr:primaryType="nt:unstructured">
        <DisclaimerLabel
            jcr:primaryType="nt:unstructured"
            approvedLanguages="[en_us]"
            disclaimerPaths="[/content/dam/lazard-asset-management/disclaimers/en_us/2078031161/jcr:content/indexedData/master]"
            isGlobalProductMapping="{Boolean}true"
            placeholderKeys="[]"
            type="DisclaimerLabel"/>
    </disclaimerMappings>
</jcr:root>
