<?xml version="1.0" encoding="UTF-8"?>
<jcr:root xmlns:jcr="http://www.jcp.org/jcr/1.0" xmlns:nt="http://www.jcp.org/jcr/nt/1.0" xmlns:cq="http://www.day.com/jcr/cq/1.0" xmlns:sling="http://sling.apache.org/jcr/sling/1.0"
    jcr:primaryType="cq:Page">
    <jcr:content
        cq:isDelivered="{Boolean}false"
        cq:lastModified="{Date}2024-10-18T17:17:56.465Z"
        cq:lastModifiedBy="products-service-user"
        cq:template="/conf/lam/settings/wcm/templates/fund-detail"
        jcr:mixinTypes="[cq:ReplicationStatus2]"
        jcr:primaryType="cq:PageContent"
        jcr:title="Lazard US Tax-Exempt Opportunities"
        sling:resourceType="lam/components/page"
        productType="Fund">
        <root
            jcr:primaryType="nt:unstructured"
            sling:resourceType="lam/components/container"
            layout="responsiveGrid">
            <container
                jcr:primaryType="nt:unstructured"
                sling:resourceType="lam/components/container"
                layout="responsiveGrid"/>
        </root>
    </jcr:content>
    <productData
        jcr:primaryType="nt:unstructured"
        title="Lazard US Tax-Exempt Opportunities"
        type="Fund"/>
    <externalMetadata
        jcr:primaryType="nt:unstructured"
        assetClasses="[Fixed Income]"
        availableOnInvestmentPlatform="{Boolean}false"
        benchmarkName="Bloomberg 5-Year Municipal Bond Index"
        categorySortOrder="{Long}999999"
        hasSMAonly="{Boolean}false"
        languages="[en-au,en-de,en-gb,en-us,fr-ca]"
        pmTeamAsOfDate="2024-09-30"
        pmTeamMembers="[]"
        sortOrderWithinCategory="{Long}99999"
        strategyId="{Long}72"
        subStrategyId="{Long}252"
        suppressBenchmarks="{Boolean}false"
        umbrellaNumDigitsDividend="{Long}4"
        umbrellaNumDigitsNav="{Long}4">
        <productLanguages jcr:primaryType="nt:unstructured">
            <en-us
                jcr:primaryType="nt:unstructured"
                productHighlight="Seeks to avoid downside loss due to permanent capital impairment.&#xd;&#xa;Validates financial soundness by focusing on both the ability and willingness to pay.&#xd;&#xa;Relies on fundamental security selection and disciplined portfolio construction.&#xd;&#xa;Incorporates a thorough review of legal and tax provisions as an intricate part of security selection."
                shortDesc="Lazard US Tax-Exempt Opportunities seeks to produce a strong total return profile, consistent with the intermediate municipal investment-grade market. In addition to investment-grade municipal securities, the investment team will seek to allocate a portion of the portfolio to other fixed income sectors that we believe will produce attractive after-tax returns. The strategy relies on fundamental security selection and disciplined portfolio construction as it seeks to generate excess returns within a volatility framework that is representative of intermediate municipal investment-grade active management."/>
            <en-gb
                jcr:primaryType="nt:unstructured"
                productHighlight="Seeks to avoid downside loss due to permanent capital impairment.&#xd;&#xa;Validates financial soundness by focusing on both the ability and willingness to pay.&#xd;&#xa;Relies on fundamental security selection and disciplined portfolio construction.&#xd;&#xa;Incorporates a thorough review of legal and tax provisions as an intricate part of security selection."
                shortDesc="Lazard US Tax-Exempt Opportunities seeks to produce a strong total return profile, consistent with the intermediate municipal investment-grade market. In addition to investment-grade municipal securities, the investment team will seek to allocate a portion of the portfolio to other fixed income sectors that we believe will produce attractive after-tax returns. The strategy relies on fundamental security selection and disciplined portfolio construction as it seeks to generate excess returns within a volatility framework that is representative of intermediate municipal investment-grade active management."/>
        </productLanguages>
        <defaultShareClass jcr:primaryType="nt:unstructured"/>
        <shareClasses jcr:primaryType="nt:unstructured">
            <_x0036_5
                jcr:primaryType="nt:unstructured"
                countries="[AU,BN,BS,CA,CN,HK,ID,MO,MY,NZ,PG,PH,SG,TH,TW,US,XX]"
                currency="USD"
                currencySymbol="US$"
                fundId="{Long}38"
                fundingStatus="Open"
                inceptionDate="1992-10-01"
                isAuthorizedPending="{Boolean}false"
                isGLIF="{Boolean}false"
                isSMA="{Boolean}false"
                minimumInvestment="US$ 5,000,000"
                primaryBenchmark="Bloomberg 5-Year Municipal Bond Index"
                vehicleId="{Long}1"
                vehicleName="Separate Account">
                <professionalOnlyCountries jcr:primaryType="nt:unstructured"/>
            </_x0036_5>
        </shareClasses>
        <platforms jcr:primaryType="nt:unstructured">
            <_x0039_8
                jcr:primaryType="nt:unstructured"
                countries="[AU,BN,CA,CN,HK,ID,MO,MY,NZ,PG,PH,SG,TH,TW,US]"
                regions="[19,1,5]"
                sortOrder="{Long}700"
                title="Fixed Income Platform"/>
        </platforms>
    </externalMetadata>
    <disclaimerMappings jcr:primaryType="nt:unstructured">
        <DisclaimerLabel
            jcr:primaryType="nt:unstructured"
            approvedLanguages="[en_us]"
            disclaimerPaths="[/content/dam/lazard-asset-management/disclaimers/en_us/2078031161/jcr:content/indexedData/master]"
            isGlobalProductMapping="{Boolean}true"
            placeholderKeys="[]"
            type="DisclaimerLabel"/>
        <StatPro_NY-P_C_AFTAX
            jcr:primaryType="nt:unstructured"
            approvedLanguages="[en_us]"
            disclaimerPaths="[/content/dam/lazard-asset-management/disclaimers/en_us/253008770]"
            isGlobalProductMapping="{Boolean}false"
            placeholderKeys="[]"
            type="StatPro_NY-P_C_AFTAX"/>
        <DisclaimerCharacteristics jcr:primaryType="nt:unstructured"/>
        <DisclaimerDividends jcr:primaryType="nt:unstructured"/>
    </disclaimerMappings>
</jcr:root>
