<?xml version="1.0" encoding="UTF-8"?>
<jcr:root xmlns:jcr="http://www.jcp.org/jcr/1.0" xmlns:nt="http://www.jcp.org/jcr/nt/1.0" xmlns:cq="http://www.day.com/jcr/cq/1.0" xmlns:sling="http://sling.apache.org/jcr/sling/1.0"
    jcr:primaryType="cq:Page">
    <jcr:content
        cq:lastModified="{Date}2024-07-15T20:11:36.503Z"
        cq:lastModifiedBy="products-service-user"
        cq:template="/conf/lam/settings/wcm/templates/fund-detail"
        jcr:primaryType="cq:PageContent"
        jcr:title="Lazard International Strategic Equity ex-Emerging Markets"
        sling:resourceType="lam/components/page"
        productType="Fund">
        <root
            jcr:primaryType="nt:unstructured"
            sling:resourceType="lam/components/container"
            layout="responsiveGrid">
            <container
                jcr:primaryType="nt:unstructured"
                sling:resourceType="lam/components/container"
                layout="responsiveGrid"/>
        </root>
    </jcr:content>
    <productData
        jcr:primaryType="nt:unstructured"
        title="Lazard International Strategic Equity ex-Emerging Markets"
        type="Fund"/>
    <externalMetadata
        jcr:primaryType="nt:unstructured"
        assetClasses="[Equity]"
        availableOnInvestmentPlatform="{Boolean}false"
        benchmarkName="MSCI EAFE Index"
        category="Equity"
        categorySortOrder="{Long}100"
        hasSMAonly="{Boolean}false"
        languages="[en-au,en-de,en-gb,en-us,fr-ca]"
        pmTeamMembers="[]"
        sortOrderWithinCategory="{Long}350"
        strategyId="{Long}40"
        subStrategyId="{Long}246"
        suppressBenchmarks="{Boolean}false"
        umbrellaNumDigitsDividend="{Long}4"
        umbrellaNumDigitsNav="{Long}4">
        <productLanguages jcr:primaryType="nt:unstructured">
            <en-us
                jcr:primaryType="nt:unstructured"
                productHighlight="Fundamental, bottom-up investment process, carefully considering each company's competitive advantages, weaknesses, and relative valuations &#xd;&#xa;Broad flexibility across developed markets&#xd;&#xa;Global sector specialists dedicated to proprietary research and differentiated insight&#xd;&#xa;Historically consistent and attractive pattern of performance-attractive upside/downside capture ratios"
                shortDesc="Lazard International Strategic Equity ex-Emerging Markets is a multi-capitalization strategy that seeks to generate strong relative returns over a full market cycle by opportunistically investing in companies with strong and/or improving financial productivity at attractive valuations. The strategy typically invests in 30-50 securities of non-US developed-market companies. The benchmark is the MSCI EAFE Index."/>
        </productLanguages>
        <defaultShareClass jcr:primaryType="nt:unstructured"/>
        <shareClasses jcr:primaryType="nt:unstructured">
            <_x0037_3
                jcr:primaryType="nt:unstructured"
                countries="[BS,CA,US,XX]"
                currency="USD"
                fundId="{Long}45"
                fundingStatus="Soft-Closed"
                inceptionDate="2000-10-01"
                isAuthorizedPending="{Boolean}false"
                isGLIF="{Boolean}false"
                isSMA="{Boolean}false"
                minimumInvestment="5 000 000 USD"
                primaryBenchmark="MSCI EAFE Index"
                vehicleId="{Long}1"
                vehicleName="Separate Account">
                <professionalOnlyCountries jcr:primaryType="nt:unstructured"/>
            </_x0037_3>
        </shareClasses>
        <platforms jcr:primaryType="nt:unstructured">
            <_x0039_3
                jcr:primaryType="nt:unstructured"
                countries="[CA,US]"
                regions="[1]"
                sortOrder="{Long}200"
                title="International Equity Platform"/>
        </platforms>
    </externalMetadata>
</jcr:root>
