<?xml version="1.0" encoding="UTF-8"?>
<jcr:root xmlns:jcr="http://www.jcp.org/jcr/1.0" xmlns:nt="http://www.jcp.org/jcr/nt/1.0" xmlns:cq="http://www.day.com/jcr/cq/1.0" xmlns:sling="http://sling.apache.org/jcr/sling/1.0"
    jcr:primaryType="cq:Page">
    <jcr:content
        cq:lastModified="{Date}2024-10-21T15:49:49.483Z"
        cq:lastModifiedBy="products-service-user"
        cq:template="/conf/lam/settings/wcm/templates/fund-detail"
        jcr:primaryType="cq:PageContent"
        jcr:title="Lazard Private Markets"
        sling:resourceType="lam/components/page"
        hideInNav="true"
        includeSkipToMainContent="true"
        productType="Fund">
        <root
            jcr:primaryType="nt:unstructured"
            sling:resourceType="lam/components/container"
            layout="responsiveGrid">
            <container
                jcr:primaryType="nt:unstructured"
                sling:resourceType="lam/components/container"
                layout="responsiveGrid">
                <custom_container_cop_1404241144
                    cq:styleIds="[1718059993783]"
                    jcr:primaryType="nt:unstructured"
                    sling:resourceType="lam/components/custom-container"
                    applyCustomizedBorder="false"
                    containetBoxType="fixed-contained"
                    customId="productdata"
                    enableVerticalScrollbar="false"
                    hasNestedCustomContainer="is-not-NestedCustomContainer"
                    hideFinancialIntermediary="false"
                    hideIndividualInvestor="false"
                    hideInstitucionalInvestor="false"
                    hidePrivateWealth="false"
                    isGapless="is-gapped"
                    isHorizontalCentered="is-hnormal"
                    isMobileColumns="is-normal"
                    isVerticalCentered="is-vnormal"
                    showSeparator="false">
                    <colpar_1
                        jcr:primaryType="nt:unstructured"
                        sling:resourceType="wcm/foundation/components/responsivegrid">
                        <accordion
                            jcr:primaryType="nt:unstructured"
                            sling:resourceType="lam/components/accordion"/>
                    </colpar_1>
                    <columnsList jcr:primaryType="nt:unstructured">
                        <item0
                            jcr:primaryType="nt:unstructured"
                            desktopSize="is-auto-desktop"
                            mobileSize="is-auto-mobile"
                            tabletSize="is-auto-tablet"/>
                    </columnsList>
                </custom_container_cop_1404241144>
            </container>
        </root>
    </jcr:content>
    <productData
        jcr:primaryType="nt:unstructured"
        title="Lazard Private Markets"
        type="Fund"/>
    <externalMetadata
        jcr:primaryType="nt:unstructured"
        assetClasses="[]"
        availableOnInvestmentPlatform="{Boolean}false"
        categorySortOrder="{Long}999999"
        hasSMAonly="{Boolean}false"
        languages="[da-dk,de-at,de-ch,de-de,en-au,en-de,en-gb,en-us,es-es,fii-fi,fr-be,fr-ca,fr-fr,it-de,it-it,nb-no,nl-nl,sv-se]"
        pmTeamAsOfDate="2024-09-30"
        pmTeamMembers="[]"
        sortOrderWithinCategory="{Long}99999"
        strategyId="{Long}342"
        subStrategyId="{Long}738"
        suppressBenchmarks="{Boolean}false"
        umbrellaNumDigitsDividend="{Long}4"
        umbrellaNumDigitsNav="{Long}4">
        <productLanguages jcr:primaryType="nt:unstructured"/>
        <defaultShareClass jcr:primaryType="nt:unstructured"/>
        <shareClasses jcr:primaryType="nt:unstructured">
            <_x0031_4741
                jcr:primaryType="nt:unstructured"
                countries="[AE,AT,BH,BS,CH,DE,DK,ES,FI,GB,IE,IL,IT,LI,LU,MT,NL,NO,SA,SE,XX,ZA,XX]"
                fundId="{Long}5801"
                fundingStatus="Open"
                isAuthorizedPending="{Boolean}false"
                isGLIF="{Boolean}false"
                isSMA="{Boolean}false"
                vehicleId="{Long}1"
                vehicleName="Separate Account">
                <professionalOnlyCountries jcr:primaryType="nt:unstructured"/>
            </_x0031_4741>
        </shareClasses>
        <platforms jcr:primaryType="nt:unstructured">
            <_x0039_2
                jcr:primaryType="nt:unstructured"
                countries="[AE,BH,DK,ES,FI,GB,IE,IL,LU,MT,NL,NO,SA,SE,XX,ZA]"
                regions="[3,2]"
                sortOrder="{Long}100"
                title="Global Equity Platform"/>
            <_x0033_5745
                jcr:primaryType="nt:unstructured"
                countries="[AT,CH,DE,IT,LI]"
                regions="[18,4,21]"
                sortOrder="{Long}9700"
                title="Equity Platform"/>
        </platforms>
    </externalMetadata>
</jcr:root>
