<?xml version="1.0" encoding="UTF-8"?>
<jcr:root xmlns:jcr="http://www.jcp.org/jcr/1.0" xmlns:nt="http://www.jcp.org/jcr/nt/1.0" xmlns:cq="http://www.day.com/jcr/cq/1.0" xmlns:sling="http://sling.apache.org/jcr/sling/1.0"
    jcr:primaryType="cq:Page">
    <jcr:content
        cq:lastModified="{Date}2024-10-23T15:19:35.789Z"
        cq:lastModifiedBy="disclaimer-service-user"
        cq:template="/conf/lam/settings/wcm/templates/fund-detail"
        jcr:primaryType="cq:PageContent"
        jcr:title="Lazard Global Sustainable Equity"
        sling:resourceType="lam/components/page"
        productType="Fund">
        <root
            jcr:primaryType="nt:unstructured"
            sling:resourceType="lam/components/container"
            layout="responsiveGrid">
            <container
                jcr:primaryType="nt:unstructured"
                sling:resourceType="lam/components/container"
                layout="responsiveGrid"/>
        </root>
    </jcr:content>
    <productData
        jcr:primaryType="nt:unstructured"
        title="Lazard Global Sustainable Equity"
        type="Fund"/>
    <externalMetadata
        jcr:primaryType="nt:unstructured"
        assetClasses="[Equity]"
        availableOnInvestmentPlatform="{Boolean}false"
        categorySortOrder="{Long}999999"
        hasSMAonly="{Boolean}false"
        languages="[da-dk,de-at,de-ch,de-de,en-au,en-de,en-gb,en-us,es-es,fii-fi,fr-be,fr-ca,fr-fr,it-de,it-it,nb-no,nl-nl,pt-pt,sv-se]"
        pmTeamAsOfDate="2024-09-30"
        pmTeamMembers="[]"
        sortOrderWithinCategory="{Long}99999"
        strategyId="{Long}267"
        subStrategyId="{Long}615"
        suppressBenchmarks="{Boolean}false"
        umbrellaNumDigitsDividend="{Long}4"
        umbrellaNumDigitsNav="{Long}4">
        <productLanguages jcr:primaryType="nt:unstructured">
            <en-us
                jcr:primaryType="nt:unstructured"
                shortDesc="Lazard Global Sustainable Equity seeks to invest in attractively valued enterprises that can prosper while attempting to protect and preserve human and natural capital. The portfolio aims to invest in companies with high or improving levels of financial productivity, whose products or services support a greener, healthier, safer, and fairer world, and whose own operations are aligned with a more sustainable future."/>
            <en-gb
                jcr:primaryType="nt:unstructured"
                shortDesc="Lazard Global Sustainable Equity seeks to invest in attractively valued enterprises that can prosper while attempting to protect and preserve human and natural capital. The portfolio aims to invest in companies with high or improving levels of financial productivity, whose products or services support a greener, healthier, safer, and fairer world, and whose own operations are aligned with a more sustainable future."/>
        </productLanguages>
        <defaultShareClass jcr:primaryType="nt:unstructured"/>
        <shareClasses jcr:primaryType="nt:unstructured">
            <_x0038_802
                jcr:primaryType="nt:unstructured"
                countries="[AE,AT,BE,BH,BS,CA,CH,DE,DK,ES,FI,FR,IE,IL,IT,LI,LU,MT,NL,NO,PT,SA,SE,US,XX,ZA,XX]"
                currency="USD"
                currencySymbol="US$"
                fundId="{Long}3142"
                fundingStatus="Open"
                isAuthorizedPending="{Boolean}false"
                isGLIF="{Boolean}false"
                isSMA="{Boolean}false"
                minimumInvestment="US$ 5,000,000"
                primaryBenchmark="MSCI All Country World Index"
                vehicleId="{Long}1"
                vehicleName="Separate Account">
                <professionalOnlyCountries jcr:primaryType="nt:unstructured"/>
            </_x0038_802>
        </shareClasses>
        <platforms jcr:primaryType="nt:unstructured">
            <_x0039_2
                jcr:primaryType="nt:unstructured"
                countries="[AE,BE,BH,CA,DK,ES,FI,FR,IE,IL,LU,MT,NL,NO,PT,SA,SE,US,XX,ZA]"
                regions="[3,22,1]"
                sortOrder="{Long}100"
                title="Global Equity Platform"/>
            <_x0033_5745
                jcr:primaryType="nt:unstructured"
                countries="[AT,CH,DE,IT,LI]"
                regions="[18,4,21]"
                sortOrder="{Long}9700"
                title="Equity Platform"/>
        </platforms>
    </externalMetadata>
    <disclaimerMappings jcr:primaryType="nt:unstructured">
        <DisclaimerLabel
            jcr:primaryType="nt:unstructured"
            approvedLanguages="[en_us]"
            disclaimerPaths="[/content/dam/lazard-asset-management/disclaimers/en_us/2078031161]"
            isGlobalProductMapping="{Boolean}true"
            type="DisclaimerLabel"/>
    </disclaimerMappings>
</jcr:root>
