<?xml version="1.0"?>
<x:xmpmeta xmlns:x="adobe:ns:meta/" x:xmptk="Adobe XMP Core 6.2.9.B001">
  <rdf:RDF xmlns:rdf="http://www.w3.org/1999/02/22-rdf-syntax-ns#">
    <rdf:Description rdf:about=""
        xmlns:pdf="http://ns.adobe.com/pdf/1.3/"
        xmlns:xmp="http://ns.adobe.com/xap/1.0/"
        xmlns:dc="http://purl.org/dc/elements/1.1/"
        xmlns:dam="http://www.day.com/dam/1.0"
      pdf:Producer="GPL Ghostscript 9.56.1"
      xmp:CreatorTool="PDF24 Creator"
      xmp:CreateDate="2024-11-03T21:13:23Z"
      xmp:ModifyDate="2024-11-03T21:13:23Z"
      dc:format="application/pdf"
      dam:numPages="1"
      dam:size="112769"
      dam:Physicalheightininches="11.0"
      dam:Producer="GPL Ghostscript 9.56.1"
      dam:sha1="2d75d24ecd8284f7900b6ddf5ae3f27615fb76e9"
      dam:Author="Lazard Asset Management LLC"
      dam:Physicalwidthininches="8.5">
      <dc:creator>
        <rdf:Seq>
          <rdf:li>Lazard Asset Management LLC</rdf:li>
        </rdf:Seq>
      </dc:creator>
      <dc:description>
        <rdf:Alt>
          <rdf:li xml:lang="x-default">Funds Regulatory Document</rdf:li>
        </rdf:Alt>
      </dc:description>
      <dc:title>
        <rdf:Alt>
          <rdf:li xml:lang="x-default">Lazard Global Listed Infrastructure Active ETF - Material Portfolio Information</rdf:li>
        </rdf:Alt>
      </dc:title>
    </rdf:Description>
  </rdf:RDF>
</x:xmpmeta>
