<?xml version="1.0"?>
<x:xmpmeta xmlns:x="adobe:ns:meta/" x:xmptk="Adobe XMP Core 6.2.9.B001">
  <rdf:RDF xmlns:rdf="http://www.w3.org/1999/02/22-rdf-syntax-ns#">
    <rdf:Description rdf:about=""
        xmlns:pdf="http://ns.adobe.com/pdf/1.3/"
        xmlns:xmp="http://ns.adobe.com/xap/1.0/"
        xmlns:dc="http://purl.org/dc/elements/1.1/"
        xmlns:dam="http://www.day.com/dam/1.0"
      pdf:Producer="Acrobat Distiller 23.0 (Windows)"
      xmp:CreatorTool="PScript5.dll Version 5.2.2"
      xmp:CreateDate="2024-02-15T19:44:32Z"
      xmp:ModifyDate="2024-02-15T19:56:27Z"
      dc:format="application/pdf"
      dam:numPages="4"
      dam:size="322173"
      dam:Physicalheightininches="11.0"
      dam:Producer="Acrobat Distiller 23.0 (Windows)"
      dam:sha1="55a1c89be89bf913adbecd521ac1dcf34ae7b608"
      dam:Author="Lazard Asset Management LLC"
      dam:Physicalwidthininches="8.5">
      <dc:creator>
        <rdf:Seq>
          <rdf:li>Lazard Asset Management LLC</rdf:li>
        </rdf:Seq>
      </dc:creator>
      <dc:description>
        <rdf:Alt>
          <rdf:li xml:lang="x-default">Strategy Fact Sheet</rdf:li>
        </rdf:Alt>
      </dc:description>
      <dc:title>
        <rdf:Alt>
          <rdf:li xml:lang="x-default">Baylight Long/Short Equity</rdf:li>
        </rdf:Alt>
      </dc:title>
    </rdf:Description>
  </rdf:RDF>
</x:xmpmeta>
