<?xml version="1.0" encoding="UTF-8"?>
<jcr:root xmlns:jcr="http://www.jcp.org/jcr/1.0" xmlns:nt="http://www.jcp.org/jcr/nt/1.0" xmlns:mix="http://www.jcp.org/jcr/mix/1.0" xmlns:cq="http://www.day.com/jcr/cq/1.0" xmlns:sling="http://sling.apache.org/jcr/sling/1.0"
    jcr:primaryType="cq:Page">
    <jcr:content
        cq:isDelivered="{Boolean}false"
        cq:lastModified="{Date}2024-09-17T20:55:19.834Z"
        cq:lastModifiedBy="products-service-user"
        cq:lastReplicated="{Date}2024-07-30T02:36:40.016Z"
        cq:lastReplicated_publish="{Date}2024-07-30T02:36:40.016Z"
        cq:lastReplicatedBy="anna.herbst@lazard.com"
        cq:lastReplicatedBy_publish="anna.herbst@lazard.com"
        cq:lastReplicationAction="Activate"
        cq:lastReplicationAction_publish="Activate"
        cq:template="/conf/lam/settings/wcm/templates/strategy-detail"
        jcr:isCheckedOut="{Boolean}true"
        jcr:mixinTypes="[cq:ReplicationStatus2,mix:versionable]"
        jcr:primaryType="cq:PageContent"
        jcr:title="LCAS - US-Centric"
        jcr:uuid="07a17fae-c950-46a5-bd52-92b1f0753b78"
        sling:resourceType="lam/components/page"
        category="strategy"
        hideInNav="true"
        linkType="internal"
        pageProductData="fund-listing"
        productType="Strategy"
        pwaCachestrategy="staleWhileRevalidate"
        pwaDisplay="standalone"
        pwaOrientation="any">
        <root
            jcr:primaryType="nt:unstructured"
            sling:resourceType="lam/components/container"
            layout="responsiveGrid">
            <container
                jcr:primaryType="nt:unstructured"
                sling:resourceType="lam/components/container"
                layout="responsiveGrid"/>
        </root>
        <cq:featuredimage
            jcr:lastModified="{Date}2024-07-16T14:08:37.458Z"
            jcr:lastModifiedBy="bassel.eladas@lazard.com"
            jcr:primaryType="nt:unstructured"
            sling:resourceType="core/wcm/components/image/v3/image"
            altValueFromDAM="true"/>
    </jcr:content>
    <productData
        jcr:primaryType="nt:unstructured"
        title="LCAS - US-Centric"
        type="Strategy"/>
    <externalMetadata
        jcr:primaryType="nt:unstructured"
        assetClasses="[]"
        aumCurrency="USD"
        aumCurrencySymbol="US$"
        isEMD="{Boolean}false"
        isSMA="{Boolean}true"
        languages="[en-au,en-de,en-gb,en-us,fr-ca]"
        pmTeamAsOfDate="2024-06-30"
        shareClassIds="[91,3658,3659,596,89,3656,3657,3654,3655,3651,3653,3681,3683]">
        <productLanguages jcr:primaryType="nt:unstructured">
            <en-us
                jcr:primaryType="nt:unstructured"
                shortDesc="The LCAS - US-centric strategy is a top-down global asset allocation framework that provides a total portfolio solution with an emphasis on US securities. The strategy utilizes a forward-looking asset allocation framework that encompasses our views on global equity, global bonds, and non-traditional asset classes. Portfolios are primarily implemented through index and index-like investment tools such as ETFs (exchange-traded funds), ETNs (exchange-traded notes), open-end mutual funds, closed-end funds, other customized &quot;baskets&quot; of securities, and hedging strategies."/>
        </productLanguages>
        <platforms jcr:primaryType="nt:unstructured">
            <_x0031_01
                jcr:primaryType="nt:unstructured"
                countries="[CA,US]"
                regions="[1]"
                sortOrder="{Long}1100"
                title="Multi-Asset/Asset Allocation Platform"/>
        </platforms>
        <pmTeamMembers jcr:primaryType="nt:unstructured">
            <_x0030_
                jcr:primaryType="nt:unstructured"
                bioId="{Long}416"
                firstName="Kim"
                isLead="{Boolean}true"
                lastName="Tilley"
                sortOrder="{Long}1"/>
            <_x0031_
                jcr:primaryType="nt:unstructured"
                bioId="{Long}647"
                firstName="David"
                isLead="{Boolean}false"
                lastName="Alcaly"
                sortOrder="{Long}2"/>
            <_x0032_
                jcr:primaryType="nt:unstructured"
                bioId="{Long}235"
                firstName="Steve"
                isLead="{Boolean}false"
                lastName="Marra"
                sortOrder="{Long}2"/>
            <_x0033_
                jcr:primaryType="nt:unstructured"
                bioId="{Long}308"
                firstName="Michael"
                isLead="{Boolean}false"
                lastName="Per"
                sortOrder="{Long}2"/>
        </pmTeamMembers>
        <subStrategies jcr:primaryType="nt:unstructured">
            <_x0032_73
                jcr:primaryType="nt:unstructured"
                defaultShareClass="{Long}91"
                inceptionDate="2005-07-01"
                primaryBenchmark="S&amp;P 500 Index"
                title="LCAS - US-Centric Equity"/>
            <_x0035_52
                jcr:primaryType="nt:unstructured"
                defaultShareClass="{Long}3651"
                title="LCAS-US-CENT DIVERS 25/75 (Tax-exempt)"/>
            <_x0035_53
                jcr:primaryType="nt:unstructured"
                defaultShareClass="{Long}3653"
                title="LCAS-US-CENT DIVERS 25/75 (Taxable)"/>
            <_x0035_54
                jcr:primaryType="nt:unstructured"
                defaultShareClass="{Long}3654"
                title="LCAS-US-CENT DIVERS 40/60 (Tax-exempt)"/>
            <_x0035_55
                jcr:primaryType="nt:unstructured"
                defaultShareClass="{Long}3655"
                title="LCAS-US-CENT DIVERS 40/60 (Taxable)"/>
            <_x0035_56
                jcr:primaryType="nt:unstructured"
                defaultShareClass="{Long}3656"
                title="LCAS-US-CENT DIVERS 50/50 (Tax-exempt)"/>
            <_x0035_57
                jcr:primaryType="nt:unstructured"
                defaultShareClass="{Long}3657"
                title="LCAS-US-CENT DIVERS 50/50 (Taxable)"/>
            <_x0035_58
                jcr:primaryType="nt:unstructured"
                defaultShareClass="{Long}596"
                title="LCAS-US-CENT DIVERS 60/40 (Tax-exempt)"/>
            <_x0035_59
                jcr:primaryType="nt:unstructured"
                defaultShareClass="{Long}89"
                inceptionDate="2004-08-01"
                primaryBenchmark="60% S&amp;P 500 Index/ 40% Bloomberg US Aggregate Index"
                title="LCAS-US-CENT DIVERS 60/40 (Taxable)"/>
            <_x0035_60
                jcr:primaryType="nt:unstructured"
                defaultShareClass="{Long}3658"
                title="LCAS-US-CENT DIVERS 75/25 (Tax-exempt)"/>
            <_x0035_61
                jcr:primaryType="nt:unstructured"
                defaultShareClass="{Long}3659"
                title="LCAS-US-CENT DIVERS 75/25 (Taxable)"/>
            <_x0035_62
                jcr:primaryType="nt:unstructured"
                defaultShareClass="{Long}3681"
                title="LCAS-US-Centric FI (Tax-exempt)"/>
            <_x0035_63
                jcr:primaryType="nt:unstructured"
                defaultShareClass="{Long}3683"
                title="LCAS- US-Centric FI (Taxable)"/>
        </subStrategies>
    </externalMetadata>
    <disclaimerMappings jcr:primaryType="nt:unstructured">
        <DisclaimerLabel
            jcr:primaryType="nt:unstructured"
            approvedLanguages="[en_us]"
            disclaimerPaths="[]"
            isGlobalProductMapping="{Boolean}true"
            placeholderKeys="[]"
            type="DisclaimerLabel"/>
        <StrategyDisclaimerOverride
            jcr:primaryType="nt:unstructured"
            approvedLanguages="[en_us]"
            disclaimerPaths="[]"
            isGlobalProductMapping="{Boolean}false"
            placeholderKeys="[]"
            type="StrategyDisclaimerOverride"/>
    </disclaimerMappings>
</jcr:root>
