<?xml version="1.0"?>
<x:xmpmeta xmlns:x="adobe:ns:meta/" x:xmptk="Adobe XMP Core 6.2.9.B001">
  <rdf:RDF xmlns:rdf="http://www.w3.org/1999/02/22-rdf-syntax-ns#">
    <rdf:Description rdf:about=""
        xmlns:pdf="http://ns.adobe.com/pdf/1.3/"
        xmlns:xmp="http://ns.adobe.com/xap/1.0/"
        xmlns:dc="http://purl.org/dc/elements/1.1/"
        xmlns:dam="http://www.day.com/dam/1.0"
      pdf:Producer="Microsoft: Print To PDF"
      xmp:CreateDate="2024-09-16T19:12:19Z"
      xmp:ModifyDate="2024-09-16T19:12:19Z"
      dc:format="application/pdf"
      dam:numPages="4"
      dam:size="811935"
      dam:Physicalheightininches="11.0"
      dam:Producer="Microsoft: Print To PDF"
      dam:sha1="3caaf43d939a3a293275ca44984cdeb084a9a8ae"
      dam:Author="Lazard Asset Management LLC"
      dam:Physicalwidthininches="8.5">
      <dc:creator>
        <rdf:Seq>
          <rdf:li>Lazard Asset Management LLC</rdf:li>
        </rdf:Seq>
      </dc:creator>
      <dc:description>
        <rdf:Alt>
          <rdf:li xml:lang="x-default">Strategy Fact Sheet</rdf:li>
        </rdf:Alt>
      </dc:description>
      <dc:title>
        <rdf:Alt>
          <rdf:li xml:lang="x-default">Baylight Long/Short Equity</rdf:li>
        </rdf:Alt>
      </dc:title>
    </rdf:Description>
  </rdf:RDF>
</x:xmpmeta>
