<?xml version="1.0" encoding="UTF-8"?>
<jcr:root xmlns:jcr="http://www.jcp.org/jcr/1.0" xmlns:nt="http://www.jcp.org/jcr/nt/1.0" xmlns:mix="http://www.jcp.org/jcr/mix/1.0" xmlns:cq="http://www.day.com/jcr/cq/1.0" xmlns:sling="http://sling.apache.org/jcr/sling/1.0"
    jcr:primaryType="cq:Page">
    <jcr:content
        cq:isDelivered="{Boolean}false"
        cq:lastModified="{Date}2024-11-03T22:59:37.024Z"
        cq:lastModifiedBy="sophia.ponce@lazard.com"
        cq:lastReplicated="{Date}2024-07-02T13:37:34.493Z"
        cq:lastReplicated_publish="{Date}2024-07-02T13:37:34.493Z"
        cq:lastReplicatedBy="sophia.ponce@lazard.com"
        cq:lastReplicatedBy_publish="sophia.ponce@lazard.com"
        cq:lastReplicationAction="Activate"
        cq:lastReplicationAction_publish="Activate"
        cq:template="/conf/lam/settings/wcm/templates/thought-leadership-hub"
        jcr:isCheckedOut="{Boolean}true"
        jcr:mixinTypes="[cq:ReplicationStatus2,mix:versionable]"
        jcr:primaryType="cq:PageContent"
        jcr:title="Investment Insights"
        jcr:uuid="944f83cc-be64-4f67-9b26-f2a1f9844364"
        sling:resourceType="lam/components/page"
        assetClass="assetClass0"
        category="strategy"
        headerTheme="dark"
        hideInNav="true"
        linkType="internal"
        nodesMoved="{Boolean}true"
        pageProductData="fund-listing"
        pwaCachestrategy="staleWhileRevalidate"
        pwaDisplay="standalone"
        pwaOrientation="any">
        <root
            jcr:primaryType="nt:unstructured"
            sling:resourceType="lam/components/container"
            layout="responsiveGrid">
            <container
                jcr:primaryType="nt:unstructured"
                sling:resourceType="lam/components/container"
                layout="responsiveGrid">
                <container
                    jcr:primaryType="nt:unstructured"
                    sling:resourceType="lam/components/container"
                    layout="responsiveGrid"/>
            </container>
        </root>
        <cq:featuredimage
            jcr:lastModified="{Date}2024-11-03T22:59:36.982Z"
            jcr:lastModifiedBy="sophia.ponce@lazard.com"
            jcr:primaryType="nt:unstructured"
            sling:resourceType="core/wcm/components/image/v3/image"
            altValueFromDAM="false"/>
        <l3NavigationItems jcr:primaryType="nt:unstructured">
            <item0
                jcr:primaryType="nt:unstructured"
                l3NavigationPath="/content/lam/language-masters/en/research-insights/investment-insights/emerging-markets-monitor"/>
            <item1
                jcr:primaryType="nt:unstructured"
                l3NavigationPath="/content/lam/language-masters/en/research-insights/investment-insights/viewpoints"/>
        </l3NavigationItems>
    </jcr:content>
    <investment-research/>
    <emerging-markets-monitor/>
    <perspectives/>
    <viewpoints/>
</jcr:root>
