<?xml version="1.0" encoding="UTF-8"?>
<jcr:root xmlns:jcr="http://www.jcp.org/jcr/1.0" xmlns:nt="http://www.jcp.org/jcr/nt/1.0" xmlns:mix="http://www.jcp.org/jcr/mix/1.0" xmlns:cq="http://www.day.com/jcr/cq/1.0" xmlns:sling="http://sling.apache.org/jcr/sling/1.0"
    jcr:primaryType="cq:Page">
    <jcr:content
        cq:isDelivered="{Boolean}false"
        cq:lastReplicated="{Date}2024-11-04T14:10:02.860Z"
        cq:lastReplicated_publish="{Date}2024-11-04T14:10:02.860Z"
        cq:lastReplicated_scene7="{Date}2024-11-04T14:10:02.860Z"
        cq:lastReplicatedBy="sophia.ponce@lazard.com"
        cq:lastReplicatedBy_publish="sophia.ponce@lazard.com"
        cq:lastReplicatedBy_scene7="sophia.ponce@lazard.com"
        cq:lastReplicationAction="Activate"
        cq:lastReplicationAction_publish="Activate"
        cq:lastReplicationAction_scene7="Activate"
        jcr:isCheckedOut="{Boolean}true"
        jcr:lastModified="{Date}2024-11-04T06:04:16.538Z"
        jcr:lastModifiedBy="ilse.rivas@lazard.com"
        jcr:mixinTypes="[cq:ReplicationStatus2,mix:versionable]"
        jcr:primaryType="cq:PageContent"
        jcr:uuid="113aae81-3993-4fff-99a2-3c6c1eab68b2"
        sling:configPropertyInherit="{Boolean}false"
        componentName="pdpDistribution">
        <keyProperties
            jcr:primaryType="nt:unstructured"
            sling:configCollectionInherit="{Boolean}true"
            sling:resourceType="nt:unstructured">
            <recordDate
                jcr:primaryType="nt:unstructured"
                sling:configPropertyInherit="{Boolean}false"
                sling:resourceType="nt:unstructured"
                key="recordDate">
                <translations
                    jcr:primaryType="nt:unstructured"
                    sling:configCollectionInherit="{Boolean}true"
                    sling:resourceType="nt:unstructured">
                    <EN
                        jcr:primaryType="nt:unstructured"
                        sling:configPropertyInherit="{Boolean}false"
                        sling:resourceType="nt:unstructured"
                        languageCode="EN"
                        translatedText="Record Date"/>
                </translations>
            </recordDate>
            <payDate
                jcr:primaryType="nt:unstructured"
                sling:configPropertyInherit="{Boolean}false"
                sling:resourceType="nt:unstructured"
                key="payDate">
                <translations
                    jcr:primaryType="nt:unstructured"
                    sling:configCollectionInherit="{Boolean}true"
                    sling:resourceType="nt:unstructured">
                    <EN
                        jcr:primaryType="nt:unstructured"
                        sling:configPropertyInherit="{Boolean}false"
                        sling:resourceType="nt:unstructured"
                        languageCode="EN"
                        translatedText="Payable Date"/>
                </translations>
            </payDate>
            <exReinvestDate
                jcr:primaryType="nt:unstructured"
                sling:configPropertyInherit="{Boolean}false"
                sling:resourceType="nt:unstructured"
                key="exReinvestDate">
                <translations
                    jcr:primaryType="nt:unstructured"
                    sling:configCollectionInherit="{Boolean}true"
                    sling:resourceType="nt:unstructured">
                    <EN
                        jcr:primaryType="nt:unstructured"
                        sling:configPropertyInherit="{Boolean}false"
                        sling:resourceType="nt:unstructured"
                        languageCode="EN"
                        translatedText="Reinvest Date"/>
                </translations>
            </exReinvestDate>
            <exDivDate
                jcr:primaryType="nt:unstructured"
                sling:configPropertyInherit="{Boolean}false"
                sling:resourceType="nt:unstructured"
                key="exDivDate">
                <translations
                    jcr:primaryType="nt:unstructured"
                    sling:configCollectionInherit="{Boolean}true"
                    sling:resourceType="nt:unstructured">
                    <EN
                        jcr:primaryType="nt:unstructured"
                        sling:configPropertyInherit="{Boolean}false"
                        sling:resourceType="nt:unstructured"
                        languageCode="EN"
                        translatedText="Ex Date"/>
                </translations>
            </exDivDate>
            <reinvestPrice
                jcr:primaryType="nt:unstructured"
                sling:configPropertyInherit="{Boolean}false"
                sling:resourceType="nt:unstructured"
                key="reinvestPrice">
                <translations
                    jcr:primaryType="nt:unstructured"
                    sling:configCollectionInherit="{Boolean}true"
                    sling:resourceType="nt:unstructured">
                    <EN
                        jcr:primaryType="nt:unstructured"
                        sling:configPropertyInherit="{Boolean}false"
                        sling:resourceType="nt:unstructured"
                        languageCode="EN"
                        translatedText="Reinvest Price"/>
                </translations>
            </reinvestPrice>
            <ordinaryIncome
                jcr:primaryType="nt:unstructured"
                sling:configPropertyInherit="{Boolean}false"
                sling:resourceType="nt:unstructured"
                key="ordinaryIncome">
                <translations
                    jcr:primaryType="nt:unstructured"
                    sling:configCollectionInherit="{Boolean}true"
                    sling:resourceType="nt:unstructured">
                    <EN
                        jcr:primaryType="nt:unstructured"
                        sling:configPropertyInherit="{Boolean}false"
                        sling:resourceType="nt:unstructured"
                        languageCode="EN"
                        translatedText="Ordinary Income"/>
                </translations>
            </ordinaryIncome>
            <divFactor
                jcr:primaryType="nt:unstructured"
                sling:configPropertyInherit="{Boolean}false"
                sling:resourceType="nt:unstructured"
                key="divFactor">
                <translations
                    jcr:primaryType="nt:unstructured"
                    sling:configCollectionInherit="{Boolean}true"
                    sling:resourceType="nt:unstructured">
                    <EN
                        jcr:primaryType="nt:unstructured"
                        sling:configPropertyInherit="{Boolean}false"
                        sling:resourceType="nt:unstructured"
                        languageCode="EN"
                        translatedText="Dividend Factor"/>
                </translations>
            </divFactor>
            <divRate
                jcr:primaryType="nt:unstructured"
                sling:configPropertyInherit="{Boolean}false"
                sling:resourceType="nt:unstructured"
                key="divRate">
                <translations
                    jcr:primaryType="nt:unstructured"
                    sling:configCollectionInherit="{Boolean}true"
                    sling:resourceType="nt:unstructured">
                    <EN
                        jcr:primaryType="nt:unstructured"
                        sling:configPropertyInherit="{Boolean}false"
                        sling:resourceType="nt:unstructured"
                        languageCode="EN"
                        translatedText="Dividend Rate"/>
                </translations>
            </divRate>
            <viewHistoryLabel
                jcr:primaryType="nt:unstructured"
                sling:configPropertyInherit="{Boolean}false"
                sling:resourceType="nt:unstructured"
                key="viewHistoryLabel">
                <translations
                    jcr:primaryType="nt:unstructured"
                    sling:configCollectionInherit="{Boolean}true"
                    sling:resourceType="nt:unstructured">
                    <EN
                        jcr:primaryType="nt:unstructured"
                        sling:configPropertyInherit="{Boolean}false"
                        sling:resourceType="nt:unstructured"
                        languageCode="EN"
                        translatedText="View History"/>
                </translations>
            </viewHistoryLabel>
            <downloadHistoricalPriceLabel
                jcr:primaryType="nt:unstructured"
                sling:configPropertyInherit="{Boolean}false"
                sling:resourceType="nt:unstructured"
                key="downloadHistoricalPriceLabel">
                <translations
                    jcr:primaryType="nt:unstructured"
                    sling:configCollectionInherit="{Boolean}true"
                    sling:resourceType="nt:unstructured">
                    <EN
                        jcr:primaryType="nt:unstructured"
                        sling:configPropertyInherit="{Boolean}false"
                        sling:resourceType="nt:unstructured"
                        languageCode="EN"
                        translatedText="Download History"/>
                </translations>
            </downloadHistoricalPriceLabel>
            <shortTermCapitalGain
                jcr:primaryType="nt:unstructured"
                sling:configPropertyInherit="{Boolean}false"
                sling:resourceType="nt:unstructured"
                key="shortTermCapitalGain">
                <translations
                    jcr:primaryType="nt:unstructured"
                    sling:configCollectionInherit="{Boolean}true"
                    sling:resourceType="nt:unstructured">
                    <EN
                        jcr:primaryType="nt:unstructured"
                        sling:configPropertyInherit="{Boolean}false"
                        sling:resourceType="nt:unstructured"
                        languageCode="EN"
                        translatedText="Short-Term Capital Gain"/>
                </translations>
            </shortTermCapitalGain>
            <longTermCapitalGain
                jcr:primaryType="nt:unstructured"
                sling:configPropertyInherit="{Boolean}false"
                sling:resourceType="nt:unstructured"
                key="longTermCapitalGain">
                <translations
                    jcr:primaryType="nt:unstructured"
                    sling:configCollectionInherit="{Boolean}true"
                    sling:resourceType="nt:unstructured">
                    <EN
                        jcr:primaryType="nt:unstructured"
                        sling:configPropertyInherit="{Boolean}false"
                        sling:resourceType="nt:unstructured"
                        languageCode="EN"
                        translatedText="Long-Term Capital Gain "/>
                </translations>
            </longTermCapitalGain>
            <reinvestDate
                jcr:primaryType="nt:unstructured"
                sling:configPropertyInherit="{Boolean}false"
                sling:resourceType="nt:unstructured"
                key="reinvestDate">
                <translations
                    jcr:primaryType="nt:unstructured"
                    sling:configCollectionInherit="{Boolean}true"
                    sling:resourceType="nt:unstructured">
                    <EN
                        jcr:primaryType="nt:unstructured"
                        sling:configPropertyInherit="{Boolean}false"
                        sling:resourceType="nt:unstructured"
                        languageCode="EN"
                        translatedText="Reinvest Date"/>
                </translations>
            </reinvestDate>
            <exDate
                jcr:primaryType="nt:unstructured"
                sling:configPropertyInherit="{Boolean}false"
                sling:resourceType="nt:unstructured"
                key="exDate">
                <translations
                    jcr:primaryType="nt:unstructured"
                    sling:configCollectionInherit="{Boolean}true"
                    sling:resourceType="nt:unstructured">
                    <EN
                        jcr:primaryType="nt:unstructured"
                        sling:configPropertyInherit="{Boolean}false"
                        sling:resourceType="nt:unstructured"
                        languageCode="EN"
                        translatedText="Ex Date"/>
                </translations>
            </exDate>
            <payableDate
                jcr:primaryType="nt:unstructured"
                sling:configPropertyInherit="{Boolean}false"
                sling:resourceType="nt:unstructured"
                key="payableDate">
                <translations
                    jcr:primaryType="nt:unstructured"
                    sling:configCollectionInherit="{Boolean}true"
                    sling:resourceType="nt:unstructured">
                    <EN
                        jcr:primaryType="nt:unstructured"
                        sling:configPropertyInherit="{Boolean}false"
                        sling:resourceType="nt:unstructured"
                        languageCode="EN"
                        translatedText="Payable Date"/>
                </translations>
            </payableDate>
            <modalTitleText
                jcr:primaryType="nt:unstructured"
                sling:configPropertyInherit="{Boolean}false"
                sling:resourceType="nt:unstructured"
                key="modalTitleText">
                <translations
                    jcr:primaryType="nt:unstructured"
                    sling:configCollectionInherit="{Boolean}true"
                    sling:resourceType="nt:unstructured">
                    <EN
                        jcr:primaryType="nt:unstructured"
                        sling:configPropertyInherit="{Boolean}false"
                        sling:resourceType="nt:unstructured"
                        languageCode="EN"
                        translatedText="Historical Distributions"/>
                </translations>
            </modalTitleText>
            <modalDownloadHistoricalBtnLabel
                jcr:primaryType="nt:unstructured"
                sling:configPropertyInherit="{Boolean}false"
                sling:resourceType="nt:unstructured"
                key="modalDownloadHistoricalBtnLabel">
                <translations
                    jcr:primaryType="nt:unstructured"
                    sling:configCollectionInherit="{Boolean}true"
                    sling:resourceType="nt:unstructured">
                    <EN
                        jcr:primaryType="nt:unstructured"
                        sling:configPropertyInherit="{Boolean}false"
                        sling:resourceType="nt:unstructured"
                        languageCode="EN"
                        translatedText="Download Full Data"/>
                </translations>
            </modalDownloadHistoricalBtnLabel>
            <_x0032_0-Dec-2023
                jcr:primaryType="nt:unstructured"
                sling:configPropertyInherit="{Boolean}false"
                sling:resourceType="nt:unstructured"
                key="20-Dec-2023">
                <translations
                    jcr:primaryType="nt:unstructured"
                    sling:configCollectionInherit="{Boolean}true"
                    sling:resourceType="nt:unstructured">
                    <EN
                        jcr:primaryType="nt:unstructured"
                        sling:configPropertyInherit="{Boolean}false"
                        sling:resourceType="nt:unstructured"
                        languageCode="EN"
                        translatedText="22-Dec-2023"/>
                </translations>
            </_x0032_0-Dec-2023>
            <_x0035_2106N475
                jcr:primaryType="nt:unstructured"
                sling:configPropertyInherit="{Boolean}false"
                sling:resourceType="nt:unstructured"
                key="52106N475">
                <translations
                    jcr:primaryType="nt:unstructured"
                    sling:configCollectionInherit="{Boolean}true"
                    sling:resourceType="nt:unstructured">
                    <EN
                        jcr:primaryType="nt:unstructured"
                        sling:configPropertyInherit="{Boolean}false"
                        sling:resourceType="nt:unstructured"
                        languageCode="EN"
                        translatedText="52106N475 PT"/>
                </translations>
            </_x0035_2106N475>
            <_x0032_2-Dec-2023
                jcr:primaryType="nt:unstructured"
                sling:configPropertyInherit="{Boolean}false"
                sling:resourceType="nt:unstructured"
                key="22-Dec-2023">
                <translations
                    jcr:primaryType="nt:unstructured"
                    sling:configCollectionInherit="{Boolean}true"
                    sling:resourceType="nt:unstructured">
                    <EN
                        jcr:primaryType="nt:unstructured"
                        sling:configPropertyInherit="{Boolean}false"
                        sling:resourceType="nt:unstructured"
                        languageCode="EN"
                        translatedText="22-Dec-2024"/>
                </translations>
            </_x0032_2-Dec-2023>
            <_x0032_1-Dec-2023
                jcr:primaryType="nt:unstructured"
                sling:configPropertyInherit="{Boolean}false"
                sling:resourceType="nt:unstructured"
                key="21-Dec-2023">
                <translations
                    jcr:primaryType="nt:unstructured"
                    sling:configCollectionInherit="{Boolean}true"
                    sling:resourceType="nt:unstructured">
                    <EN
                        jcr:primaryType="nt:unstructured"
                        sling:configPropertyInherit="{Boolean}false"
                        sling:resourceType="nt:unstructured"
                        languageCode="EN"
                        translatedText="21-Dec-2024"/>
                </translations>
            </_x0032_1-Dec-2023>
            <US
                jcr:primaryType="nt:unstructured"
                sling:configPropertyInherit="{Boolean}false"
                sling:resourceType="nt:unstructured"
                key="US">
                <translations
                    jcr:primaryType="nt:unstructured"
                    sling:configCollectionInherit="{Boolean}true"
                    sling:resourceType="nt:unstructured">
                    <EN
                        jcr:primaryType="nt:unstructured"
                        sling:configPropertyInherit="{Boolean}false"
                        sling:resourceType="nt:unstructured"
                        languageCode="EN"
                        translatedText="USD"/>
                </translations>
            </US>
        </keyProperties>
    </jcr:content>
</jcr:root>
