<?xml version="1.0" encoding="UTF-8"?>
<jcr:root xmlns:jcr="http://www.jcp.org/jcr/1.0" xmlns:nt="http://www.jcp.org/jcr/nt/1.0" xmlns:mix="http://www.jcp.org/jcr/mix/1.0" xmlns:cq="http://www.day.com/jcr/cq/1.0" xmlns:sling="http://sling.apache.org/jcr/sling/1.0"
    jcr:primaryType="cq:Page">
    <jcr:content
        cq:lastModified="{Date}2024-07-19T14:52:34.424Z"
        cq:lastModifiedBy="sophia.ponce@lazard.com"
        cq:lastRolledout="{Date}2024-10-29T21:29:38.912Z"
        cq:lastRolledoutBy="sophia.ponce@lazard.com"
        cq:tags="[experience-fragments:variation/web]"
        cq:template="/conf/lam/settings/wcm/templates/experience-fragment-template"
        cq:xfVariantType="web"
        jcr:isCheckedOut="{Boolean}true"
        jcr:language="en"
        jcr:mixinTypes="[cq:LiveRelationship,mix:versionable]"
        jcr:primaryType="cq:PageContent"
        jcr:title="Perspectives"
        jcr:uuid="12242cd5-1e21-498e-b1ba-bf246c1476a3"
        sling:resourceType="lam/components/xfpagev2"
        nodesMoved="{Boolean}true">
        <root
            cq:lastRolledout="{Date}2024-07-19T14:52:34.419Z"
            cq:lastRolledoutBy="sophia.ponce@lazard.com"
            jcr:mixinTypes="[cq:LiveRelationship]"
            jcr:primaryType="nt:unstructured"
            sling:resourceType="lam/components/container"
            layout="responsiveGrid">
            <container
                cq:lastRolledout="{Date}2024-07-19T14:52:34.423Z"
                cq:lastRolledoutBy="sophia.ponce@lazard.com"
                jcr:mixinTypes="[cq:LiveRelationship]"
                jcr:primaryType="nt:unstructured"
                sling:resourceType="lam/components/container"
                layout="responsiveGrid"/>
        </root>
        <cq:metadata
            cq:lastRolledout="{Date}2024-07-19T14:52:34.426Z"
            cq:lastRolledoutBy="sophia.ponce@lazard.com"
            jcr:mixinTypes="[cq:LiveRelationship]"
            jcr:primaryType="nt:unstructured"
            max-cols="1"
            min-cols="1"/>
    </jcr:content>
    <japanese-equities-is-now-the-time/>
    <esg-and-financial-productivity/>
    <US-Regulated-Utilities--Still-Not-Cheap-Enough/>
    <seven-sins-of-thematic-investing/>
    <capturing-structural-change/>
    <currencys-comeback/>
</jcr:root>
