<?xml version="1.0" encoding="UTF-8"?>
<jcr:root xmlns:jcr="http://www.jcp.org/jcr/1.0" xmlns:nt="http://www.jcp.org/jcr/nt/1.0" xmlns:cq="http://www.day.com/jcr/cq/1.0" xmlns:sling="http://sling.apache.org/jcr/sling/1.0"
    jcr:primaryType="cq:Page">
    <jcr:content
        cq:lastModified="{Date}2024-07-15T20:11:17.682Z"
        cq:lastModifiedBy="products-service-user"
        cq:template="/conf/lam/settings/wcm/templates/fund-detail"
        jcr:primaryType="cq:PageContent"
        jcr:title="Lazard US Tax-Exempt"
        sling:resourceType="lam/components/page"
        productType="Fund">
        <root
            jcr:primaryType="nt:unstructured"
            sling:resourceType="lam/components/container"
            layout="responsiveGrid">
            <container
                jcr:primaryType="nt:unstructured"
                sling:resourceType="lam/components/container"
                layout="responsiveGrid"/>
        </root>
    </jcr:content>
    <productData
        jcr:primaryType="nt:unstructured"
        title="Lazard US Tax-Exempt"
        type="Fund"/>
    <externalMetadata
        jcr:primaryType="nt:unstructured"
        assetClasses="[Fixed Income]"
        availableOnInvestmentPlatform="{Boolean}false"
        benchmarkName="Bloomberg 5-Year Municipal Bond Index"
        categorySortOrder="{Long}999999"
        hasSMAonly="{Boolean}false"
        languages="[en-au,en-de,en-gb,en-us,fr-ca]"
        pmTeamMembers="[]"
        sortOrderWithinCategory="{Long}99999"
        strategyId="{Long}72"
        subStrategyId="{Long}179"
        suppressBenchmarks="{Boolean}false"
        umbrellaNumDigitsDividend="{Long}4"
        umbrellaNumDigitsNav="{Long}4">
        <productLanguages jcr:primaryType="nt:unstructured">
            <en-us
                jcr:primaryType="nt:unstructured"
                shortDesc="Lazard US Tax-Exempt seeks to produce a strong total return profile, consistent with the intermediate municipal investment-grade market. The strategy relies on fundamental security selection and disciplined portfolio construction as it seeks to generate excess returns within a volatility framework that is representative of intermediate municipal investment-grade active management."/>
        </productLanguages>
        <defaultShareClass jcr:primaryType="nt:unstructured"/>
        <shareClasses jcr:primaryType="nt:unstructured">
            <_x0036_4
                jcr:primaryType="nt:unstructured"
                countries="[AU,BN,BS,CA,CN,HK,ID,MO,MY,NZ,PG,PH,SG,TH,TW,US,XX]"
                currency="USD"
                fundId="{Long}37"
                fundingStatus="Open"
                inceptionDate="2008-05-01"
                isAuthorizedPending="{Boolean}false"
                isGLIF="{Boolean}false"
                isSMA="{Boolean}false"
                minimumInvestment="5 000 000 USD"
                primaryBenchmark="Bloomberg 5-Year Municipal Bond Index"
                vehicleId="{Long}1"
                vehicleName="Separate Account">
                <professionalOnlyCountries jcr:primaryType="nt:unstructured"/>
            </_x0036_4>
            <_x0031_27
                jcr:primaryType="nt:unstructured"
                countries="[AU,BN,BS,CA,CN,HK,ID,MO,MY,NZ,PG,PH,SG,TH,TW,US,XX]"
                currency="USD"
                fundId="{Long}37"
                fundingStatus="Open"
                isAuthorizedPending="{Boolean}false"
                isGLIF="{Boolean}false"
                isSMA="{Boolean}true"
                minimumInvestment="100 000 USD"
                primaryBenchmark="Bloomberg 5-Year Municipal Bond Index"
                title="SMA"
                vehicleId="{Long}1"
                vehicleName="Separate Account">
                <professionalOnlyCountries jcr:primaryType="nt:unstructured"/>
            </_x0031_27>
            <_x0035_48
                jcr:primaryType="nt:unstructured"
                countries="[AU,BN,BS,CA,CN,HK,ID,MO,MY,NZ,PG,PH,SG,TH,TW,US,XX]"
                currency="USD"
                fundId="{Long}37"
                fundingStatus="Open"
                inceptionDate="2008-05-01"
                isAuthorizedPending="{Boolean}false"
                isGLIF="{Boolean}false"
                isSMA="{Boolean}false"
                primaryBenchmark="Bloomberg 5-Year Municipal Bond Index"
                title="Clarfeld"
                vehicleId="{Long}1"
                vehicleName="Separate Account">
                <professionalOnlyCountries jcr:primaryType="nt:unstructured"/>
            </_x0035_48>
        </shareClasses>
        <platforms jcr:primaryType="nt:unstructured">
            <_x0039_8
                jcr:primaryType="nt:unstructured"
                countries="[AU,BN,CA,CN,HK,ID,MO,MY,NZ,PG,PH,SG,TH,TW,US]"
                regions="[19,1,5]"
                sortOrder="{Long}700"
                title="Fixed Income Platform"/>
        </platforms>
    </externalMetadata>
</jcr:root>
