<?xml version="1.0" encoding="UTF-8"?>
<jcr:root xmlns:jcr="http://www.jcp.org/jcr/1.0" xmlns:nt="http://www.jcp.org/jcr/nt/1.0" xmlns:mix="http://www.jcp.org/jcr/mix/1.0" xmlns:cq="http://www.day.com/jcr/cq/1.0" xmlns:sling="http://sling.apache.org/jcr/sling/1.0"
    jcr:primaryType="cq:Page">
    <jcr:content
        cq:isDelivered="{Boolean}false"
        cq:lastModified="{Date}2024-09-17T20:53:25.037Z"
        cq:lastModifiedBy="products-service-user"
        cq:lastReplicated="{Date}2024-08-20T14:40:34.772Z"
        cq:lastReplicated_publish="{Date}2024-08-20T14:40:34.772Z"
        cq:lastReplicatedBy="sophia.ponce@lazard.com"
        cq:lastReplicatedBy_publish="sophia.ponce@lazard.com"
        cq:lastReplicationAction="Activate"
        cq:lastReplicationAction_publish="Activate"
        cq:template="/conf/lam/settings/wcm/templates/strategy-detail"
        jcr:isCheckedOut="{Boolean}true"
        jcr:mixinTypes="[cq:ReplicationStatus2,mix:versionable]"
        jcr:primaryType="cq:PageContent"
        jcr:title="Emerging Markets Debt - Local Debt"
        jcr:uuid="745cd061-5b92-490b-ac77-457c7bc274c2"
        sling:resourceType="lam/components/page"
        productType="Strategy">
        <root
            jcr:primaryType="nt:unstructured"
            sling:resourceType="lam/components/container"
            layout="responsiveGrid">
            <container
                jcr:primaryType="nt:unstructured"
                sling:resourceType="lam/components/container"
                layout="responsiveGrid"/>
        </root>
    </jcr:content>
    <productData
        jcr:primaryType="nt:unstructured"
        title="Emerging Markets Debt - Local Debt"
        type="Strategy"/>
    <externalMetadata
        jcr:primaryType="nt:unstructured"
        assetClasses="[Fixed Income]"
        aumCurrency="USD"
        aumCurrencySymbol="US$"
        isEMD="{Boolean}true"
        isSMA="{Boolean}false"
        languages="[da-dk,de-at,de-ch,de-de,en-au,en-de,en-gb,en-us,es-es,fii-fi,fr-be,fr-ca,fr-fr,it-de,it-it,ja-jp,nb-no,nl-nl,pt-pt,sv-se]"
        pmTeamAsOfDate="2024-06-30"
        shareClassIds="[451]">
        <productLanguages jcr:primaryType="nt:unstructured">
            <de-de
                jcr:primaryType="nt:unstructured"
                shortDesc="Die Lazard Emerging Markets Debt - Local Debt-Strategie zielt darauf ab, den Kunden über einen gesamten Marktzyklus hohe risikoadjustierte Renditen zu erwirtschaften. Das Team konzentriert sich auf Schwellenländeranleihen in Lokalwährung. Instrumente können staatliche, quasi-staatliche, gesellschaftsrechtliche und verbriefte Schuldtitel umfassen. Derivative Vehikel können beinhalten: Forwards, Zinsswaps, Futures, FX-Optionen und Swaptions. Das EMD-Team allokiert in solche Werte, die Wertsteigerungen versprechen auf Grundlage seiner globalen makroökonomischen und fundamentalen Länderanalysen."/>
            <en-us
                jcr:primaryType="nt:unstructured"
                shortDesc="The Lazard Emerging Markets Debt - Local Debt strategy seeks to consistently outperform the index with similar levels of risk. The strategy invests primarily in local currency-denominated emerging markets sovereign debt."
                tagline="Seeks to outperform the JPM GBI-EM Global Diversified index, focusing on local currency denominated EM debt."/>
            <da-dk
                jcr:primaryType="nt:unstructured"
                productHighlight="Concentration Limits: Limits will be placed on both countries and individual positions in order to maintain liquidity and limit idiosyncratic risk.&#xd;&#xa;Liquidity Management: Liquidity will typically be maintained by adhering to concentration limits, and avoiding large positions in typically illiquid segments of the market (i.e. frontier markets and small issue-size corporate bonds). Structured investments such as TRS and CLN will be avoided.&#xd;&#xa;Stop Loss Policy: “Soft” policy; downside will be limited via portfolio construction process which is measured and monitored on an iterative basis."/>
        </productLanguages>
        <platforms jcr:primaryType="nt:unstructured">
            <_x0039_4
                jcr:primaryType="nt:unstructured"
                countries="[AE,AT,AU,BE,BH,BN,CA,CH,CN,DE,DK,ES,FI,FR,GB,HK,ID,IE,IL,IT,JP,LI,LU,MO,MT,MY,NL,NO,NZ,PG,PH,PT,SA,SE,SG,TH,TW,US,XX,ZA]"
                regions="[16,22,2,19,18,1,3,21,5,4]"
                sortOrder="{Long}600"
                title="Emerging Markets Platform"/>
            <_x0039_8
                jcr:primaryType="nt:unstructured"
                countries="[AE,AT,AU,BE,BH,BN,CA,CH,CN,DE,DK,ES,FI,FR,GB,HK,ID,IE,IL,IT,JP,LI,LU,MO,MT,MY,NL,NO,NZ,PG,PH,PT,SA,SE,SG,TH,TW,US,XX,ZA]"
                regions="[19,4,22,5,18,1,16,2,3,21]"
                sortOrder="{Long}700"
                title="Fixed Income Platform"/>
        </platforms>
        <pmTeamMembers jcr:primaryType="nt:unstructured">
            <_x0030_
                jcr:primaryType="nt:unstructured"
                bioId="{Long}181"
                firstName="Arif"
                isLead="{Boolean}true"
                lastName="Joshi"
                sortOrder="{Long}1"/>
            <_x0031_
                jcr:primaryType="nt:unstructured"
                bioId="{Long}383"
                firstName="Denise"
                isLead="{Boolean}true"
                lastName="Simon"
                sortOrder="{Long}1"/>
            <_x0032_
                jcr:primaryType="nt:unstructured"
                bioId="{Long}309"
                firstName="Felipe"
                isLead="{Boolean}false"
                lastName="Pianetti"
                sortOrder="{Long}2"/>
        </pmTeamMembers>
        <webClassifications jcr:primaryType="nt:unstructured">
            <_x0030_
                jcr:primaryType="nt:unstructured"
                type="Geography"
                value="Emerging Markets"/>
            <_x0031_
                jcr:primaryType="nt:unstructured"
                type="Sector"
                value="Government/Sovereign Agency"/>
            <_x0032_
                jcr:primaryType="nt:unstructured"
                type="Duration"
                value="Intermediate"/>
            <_x0033_
                jcr:primaryType="nt:unstructured"
                type="Credit Quality"
                value="Investment Grade"/>
        </webClassifications>
        <subStrategies jcr:primaryType="nt:unstructured">
            <_x0033_68
                jcr:primaryType="nt:unstructured"
                defaultShareClass="{Long}451"
                inceptionDate="2010-12-01"
                primaryBenchmark="JPM GBI EM Global Diversified Index"
                title="Emerging Markets Debt Local Debt"/>
        </subStrategies>
    </externalMetadata>
    <disclaimerMappings jcr:primaryType="nt:unstructured">
        <DisclaimerLabel
            jcr:primaryType="nt:unstructured"
            approvedLanguages="[en_us]"
            disclaimerPaths="[]"
            isGlobalProductMapping="{Boolean}true"
            placeholderKeys="[]"
            type="DisclaimerLabel"/>
    </disclaimerMappings>
</jcr:root>
