<?xml version="1.0" encoding="UTF-8"?>
<jcr:root xmlns:jcr="http://www.jcp.org/jcr/1.0" xmlns:nt="http://www.jcp.org/jcr/nt/1.0" xmlns:cq="http://www.day.com/jcr/cq/1.0" xmlns:sling="http://sling.apache.org/jcr/sling/1.0"
    jcr:primaryType="cq:Page">
    <jcr:content
        cq:lastModified="{Date}2024-10-30T19:15:36.594Z"
        cq:lastModifiedBy="disclaimer-service-user"
        cq:template="/conf/lam/settings/wcm/templates/fund-detail"
        jcr:primaryType="cq:PageContent"
        jcr:title="Lazard UK Aggregate Bond"
        sling:resourceType="lam/components/page"
        productType="Fund">
        <root
            jcr:primaryType="nt:unstructured"
            sling:resourceType="lam/components/container"
            layout="responsiveGrid">
            <container
                jcr:primaryType="nt:unstructured"
                sling:resourceType="lam/components/container"
                layout="responsiveGrid"/>
        </root>
    </jcr:content>
    <productData
        jcr:primaryType="nt:unstructured"
        title="Lazard UK Aggregate Bond"
        type="Fund"/>
    <disclaimerMappings jcr:primaryType="nt:unstructured">
        <DisclaimerLabel
            jcr:primaryType="nt:unstructured"
            approvedLanguages="[en_us]"
            disclaimerPaths="[/content/dam/lazard-asset-management/disclaimers/en_us/2078031161]"
            isGlobalProductMapping="{Boolean}true"
            type="DisclaimerLabel"/>
        <DisclaimerAllocation
            jcr:primaryType="nt:unstructured"
            approvedLanguages="[en_au]"
            disclaimerPaths="[/content/dam/lazard-asset-management/disclaimers/en_us/378019417]"
            isGlobalProductMapping="{Boolean}false"
            type="DisclaimerAllocation"/>
        <DisclaimerCharacteristics
            jcr:primaryType="nt:unstructured"
            approvedLanguages="[en_au]"
            disclaimerPaths="[/content/dam/lazard-asset-management/disclaimers/en_us/1861348009]"
            isGlobalProductMapping="{Boolean}false"
            type="DisclaimerCharacteristics"/>
        <DisclaimerPerformanceReview
            jcr:primaryType="nt:unstructured"
            approvedLanguages="[en_au]"
            disclaimerPaths="[/content/dam/lazard-asset-management/disclaimers/en_us/1179250995]"
            isGlobalProductMapping="{Boolean}false"
            type="DisclaimerPerformanceReview"/>
        <DisclaimerTop10Holdings
            jcr:primaryType="nt:unstructured"
            approvedLanguages="[en_au]"
            disclaimerPaths="[/content/dam/lazard-asset-management/disclaimers/en_us/489716758]"
            isGlobalProductMapping="{Boolean}false"
            type="DisclaimerTop10Holdings"/>
    </disclaimerMappings>
    <externalMetadata
        jcr:primaryType="nt:unstructured"
        assetClasses="[Fixed Income]"
        availableOnInvestmentPlatform="{Boolean}false"
        benchmarkName="UK Core Fixed Income Blended Index"
        category="Fixed Income"
        categorySortOrder="{Long}300"
        hasSMAonly="{Boolean}false"
        languages="[da-dk,de-de,en-au,en-de,en-gb,en-us,es-es,fii-fi,fr-be,fr-ca,fr-fr,ja-jp,nb-no,nl-nl,pt-pt,sv-se]"
        pmTeamAsOfDate="2024-09-30"
        pmTeamMembers="[]"
        publishByCountry="{Boolean}false"
        sortOrderWithinCategory="{Long}600"
        strategyId="{Long}59"
        subStrategyId="{Long}136"
        suppressBenchmarks="{Boolean}false"
        umbrellaNumDigitsDividend="{Long}4"
        umbrellaNumDigitsNav="{Long}4">
        <productLanguages jcr:primaryType="nt:unstructured">
            <en-us
                jcr:primaryType="nt:unstructured"
                shortDesc="Lazard UK Aggregate Bond invests in sterling-denominated investment grade financial and non-financial corporate and sovereign bonds. Most of our active performance is generated by security selection. The results are based on the in-depth credit analysis by our credit team in collaboration with LAM's equity professionals. Sector and country allocation as well as duration positioning add to our outperformance against a broad sterling fixed income index. With this approach, we aim to generate an active return of 100 bps per annum over a full market cycle."/>
            <en-gb
                jcr:primaryType="nt:unstructured"
                shortDesc="Lazard UK Aggregate Bond invests in sterling-denominated investment grade financial and non-financial corporate and sovereign bonds. Most of our active performance is generated by security selection. The results are based on the in-depth credit analysis by our credit team in collaboration with LAM's equity professionals. Sector and country allocation as well as duration positioning add to our outperformance against a broad sterling fixed income index. With this approach, we aim to generate an active return of 100 bps per annum over a full market cycle."/>
        </productLanguages>
        <defaultShareClass jcr:primaryType="nt:unstructured"/>
        <shareClasses jcr:primaryType="nt:unstructured">
            <_x0035_5
                jcr:primaryType="nt:unstructured"
                countries="[AE,AU,BE,BH,BN,BS,CA,CN,DK,ES,FI,FR,GB,HK,ID,IE,IL,JP,LU,MO,MT,MY,NL,NO,NZ,PG,PH,PT,SA,SE,SG,TH,TW,US,XX,ZA]"
                currency="GBP"
                currencySymbol="£"
                fundId="{Long}29"
                fundingStatus="Open"
                inceptionDate="1999-01-01"
                isAuthorizedPending="{Boolean}false"
                isGLIF="{Boolean}false"
                isSMA="{Boolean}false"
                minimumInvestment="€30,000,000"
                primaryBenchmark="UK Core Fixed Income Blended Index"
                vehicleId="{Long}1"
                vehicleName="Separate Account">
                <professionalOnlyCountries jcr:primaryType="nt:unstructured"/>
            </_x0035_5>
        </shareClasses>
        <platforms jcr:primaryType="nt:unstructured">
            <_x0039_8
                jcr:primaryType="nt:unstructured"
                countries="[AE,AU,BE,BH,BN,CA,CN,DK,ES,FI,FR,GB,HK,ID,IE,IL,JP,LU,MO,MT,MY,NL,NO,NZ,PG,PH,PT,SA,SE,SG,TH,TW,US,XX,ZA]"
                regions="[19,22,1,5,16,2,3]"
                sortOrder="{Long}700"
                title="Fixed Income Platform"/>
        </platforms>
    </externalMetadata>
</jcr:root>
