<?xml version="1.0" encoding="UTF-8"?>
<jcr:root xmlns:jcr="http://www.jcp.org/jcr/1.0" xmlns:nt="http://www.jcp.org/jcr/nt/1.0" xmlns:cq="http://www.day.com/jcr/cq/1.0" xmlns:sling="http://sling.apache.org/jcr/sling/1.0"
    jcr:primaryType="cq:Page">
    <jcr:content
        cq:lastModified="{Date}2024-10-23T15:19:33.971Z"
        cq:lastModifiedBy="disclaimer-service-user"
        cq:template="/conf/lam/settings/wcm/templates/fund-detail"
        jcr:primaryType="cq:PageContent"
        jcr:title="Lazard Minerva Gender Diversity"
        sling:resourceType="lam/components/page"
        productType="Fund">
        <root
            jcr:primaryType="nt:unstructured"
            sling:resourceType="lam/components/container"
            layout="responsiveGrid">
            <container
                jcr:primaryType="nt:unstructured"
                sling:resourceType="lam/components/container"
                layout="responsiveGrid"/>
        </root>
    </jcr:content>
    <productData
        jcr:primaryType="nt:unstructured"
        title="Lazard Minerva Gender Diversity"
        type="Fund"/>
    <externalMetadata
        jcr:primaryType="nt:unstructured"
        assetClasses="[Equity]"
        availableOnInvestmentPlatform="{Boolean}false"
        categorySortOrder="{Long}999999"
        hasSMAonly="{Boolean}false"
        languages="[da-dk,de-at,de-ch,de-de,en-au,en-de,en-gb,en-us,es-es,fii-fi,fr-be,fr-ca,fr-fr,it-de,it-it,ja-jp,nb-no,nl-nl,pt-pt,sv-se]"
        pmTeamAsOfDate="2024-09-30"
        pmTeamMembers="[]"
        sortOrderWithinCategory="{Long}99999"
        strategyId="{Long}268"
        subStrategyId="{Long}616"
        suppressBenchmarks="{Boolean}false"
        umbrellaNumDigitsDividend="{Long}4"
        umbrellaNumDigitsNav="{Long}4">
        <productLanguages jcr:primaryType="nt:unstructured">
            <en-us
                jcr:primaryType="nt:unstructured"
                productHighlight="&quot;We believe that quality growth companies are consistent sources of potential alpha, and academic research showing the positive impact of gender diversity on financial productivity reinforces our investment approach.&#xd;&#xa;We aim to understand company practices through a research framework built on four pillars: Purpose, Policies, Accountability, and Amplify Impact.&#xd;&#xa;We actively engage with every company in our portfolio to share best practices, drive accountability, and serve as a catalyst for accelerating positive change.&quot;&#xd;&#xa;"
                shortDesc="Lazard Minerva Gender Diversity is an active global equity strategy with a positive gender lens. The strategy seeks to invest in companies that generate consistently high levels of financial productivity and have a clear and demonstrable commitment to gender equality and responsible management practices. We invest in Quality and Equality. Where we are different is that we actively engage with companies, as a powerful tool to influence company behavior and accelerate the pace of change. Our long investment horizon enables long-term partnerships with companies, allowing us to drive change through engagement.  "/>
            <ja-jp
                jcr:primaryType="nt:unstructured"
                strategyTitle="ミネルバ・ジェンダー・ディバーシティ"/>
            <en-gb
                jcr:primaryType="nt:unstructured"
                productHighlight="&quot;We believe that quality growth companies are consistent sources of potential alpha, and academic research showing the positive impact of gender diversity on financial productivity reinforces our investment approach.&#xd;&#xa;We aim to understand company practices through a research framework built on four pillars: Purpose, Policies, Accountability, and Amplify Impact.&#xd;&#xa;We actively engage with every company in our portfolio to share best practices, drive accountability, and serve as a catalyst for accelerating positive change.&quot;&#xd;&#xa;"
                shortDesc="Lazard Minerva Gender Diversity is an active global equity strategy with a positive gender lens. The strategy seeks to invest in companies that generate consistently high levels of financial productivity and have a clear and demonstrable commitment to gender equality and responsible management practices. We invest in Quality and Equality. Where we are different is that we actively engage with companies, as a powerful tool to influence company behavior and accelerate the pace of change. Our long investment horizon enables long-term partnerships with companies, allowing us to drive change through engagement.  "/>
        </productLanguages>
        <defaultShareClass jcr:primaryType="nt:unstructured"/>
        <shareClasses jcr:primaryType="nt:unstructured">
            <_x0038_801
                jcr:primaryType="nt:unstructured"
                countries="[AE,AT,AU,BE,BH,BS,CA,CH,DE,DK,ES,FI,FR,GB,IE,IL,IT,JP,LI,LU,MT,NL,NO,NZ,PG,PT,SA,SE,US,XX,ZA,XX]"
                currency="USD"
                currencySymbol="US$"
                fundId="{Long}3141"
                fundingStatus="Open"
                isAuthorizedPending="{Boolean}false"
                isGLIF="{Boolean}false"
                isSMA="{Boolean}false"
                minimumInvestment="US$ 5,000,000"
                primaryBenchmark="MSCI All Country World Index"
                vehicleId="{Long}1"
                vehicleName="Separate Account">
                <professionalOnlyCountries jcr:primaryType="nt:unstructured"/>
            </_x0038_801>
        </shareClasses>
        <platforms jcr:primaryType="nt:unstructured">
            <_x0039_2
                jcr:primaryType="nt:unstructured"
                countries="[AE,AU,BE,BH,CA,DK,ES,FI,FR,GB,IE,IL,JP,LU,MT,NL,NO,NZ,PG,PT,SA,SE,US,XX,ZA]"
                regions="[16,3,22,5,2,1]"
                sortOrder="{Long}100"
                title="Global Equity Platform"/>
            <_x0033_5745
                jcr:primaryType="nt:unstructured"
                countries="[AT,CH,DE,IT,LI]"
                regions="[18,4,21]"
                sortOrder="{Long}9700"
                title="Equity Platform"/>
        </platforms>
    </externalMetadata>
    <disclaimerMappings jcr:primaryType="nt:unstructured">
        <DisclaimerLabel
            jcr:primaryType="nt:unstructured"
            approvedLanguages="[en_us]"
            disclaimerPaths="[/content/dam/lazard-asset-management/disclaimers/en_us/2078031161]"
            isGlobalProductMapping="{Boolean}true"
            type="DisclaimerLabel"/>
        <DisclaimerCharacteristics
            jcr:primaryType="nt:unstructured"
            approvedLanguages="[en_be,en_ch,en_es,en_fi,en_fr,en_gb,en_ie,en_it,en_li,en_lu,en_nl,en_no,en_pt,en_se]"
            disclaimerPaths="[/content/dam/lazard-asset-management/disclaimers/en_us/860061669]"
            isGlobalProductMapping="{Boolean}false"
            type="DisclaimerCharacteristics"/>
    </disclaimerMappings>
</jcr:root>
