<?xml version="1.0" encoding="UTF-8"?>
<jcr:root xmlns:jcr="http://www.jcp.org/jcr/1.0" xmlns:nt="http://www.jcp.org/jcr/nt/1.0" xmlns:mix="http://www.jcp.org/jcr/mix/1.0" xmlns:cq="http://www.day.com/jcr/cq/1.0" xmlns:sling="http://sling.apache.org/jcr/sling/1.0"
    jcr:primaryType="cq:Page">
    <jcr:content
        cq:lastModified="{Date}2024-11-03T22:59:34.474Z"
        cq:lastModifiedBy="sophia.ponce@lazard.com"
        cq:lastRolledout="{Date}2024-11-03T22:59:34.477Z"
        cq:lastRolledoutBy="sophia.ponce@lazard.com"
        cq:template="/conf/lam/settings/wcm/templates/thought-leadership-hub"
        jcr:isCheckedOut="{Boolean}true"
        jcr:mixinTypes="[cq:LiveRelationship,mix:versionable]"
        jcr:primaryType="cq:PageContent"
        jcr:title="Investment Insights"
        jcr:uuid="8675f64d-eb19-4670-9bbf-b1eabeee15e6"
        sling:resourceType="lam/components/page"
        assetClass="assetClass0"
        category="strategy"
        headerTheme="dark"
        hideInNav="true"
        linkType="internal"
        nodesMoved="{Boolean}true"
        pageProductData="fund-listing"
        pwaCachestrategy="staleWhileRevalidate"
        pwaDisplay="standalone"
        pwaOrientation="any">
        <root
            cq:lastRolledout="{Date}2024-11-03T22:59:34.417Z"
            cq:lastRolledoutBy="sophia.ponce@lazard.com"
            jcr:mixinTypes="[cq:LiveRelationship]"
            jcr:primaryType="nt:unstructured"
            sling:resourceType="lam/components/container"
            layout="responsiveGrid">
            <container
                cq:lastRolledout="{Date}2024-11-03T22:59:34.429Z"
                cq:lastRolledoutBy="sophia.ponce@lazard.com"
                jcr:mixinTypes="[cq:LiveRelationship]"
                jcr:primaryType="nt:unstructured"
                sling:resourceType="lam/components/container"
                layout="responsiveGrid">
                <container
                    cq:lastRolledout="{Date}2024-11-03T22:59:34.438Z"
                    cq:lastRolledoutBy="sophia.ponce@lazard.com"
                    jcr:mixinTypes="[cq:LiveRelationship]"
                    jcr:primaryType="nt:unstructured"
                    sling:resourceType="lam/components/container"
                    layout="responsiveGrid"/>
            </container>
            <container_msm_moved
                cq:isManuallyCreated="{Boolean}true"
                jcr:primaryType="nt:unstructured"
                sling:resourceType="lam/components/container"
                layout="responsiveGrid">
                <container
                    cq:lastRolledout="{Date}2024-05-30T14:36:06.479Z"
                    cq:lastRolledoutBy="bassel.eladas@lazard.com"
                    jcr:mixinTypes="[cq:LiveRelationship]"
                    jcr:primaryType="nt:unstructured"
                    sling:resourceType="lam/components/container"
                    layout="responsiveGrid"/>
            </container_msm_moved>
        </root>
        <cq:featuredimage
            cq:lastRolledout="{Date}2024-11-03T22:59:34.446Z"
            cq:lastRolledoutBy="sophia.ponce@lazard.com"
            jcr:lastModified="{Date}2024-11-03T22:59:34.440Z"
            jcr:lastModifiedBy="sophia.ponce@lazard.com"
            jcr:mixinTypes="[cq:LiveRelationship]"
            jcr:primaryType="nt:unstructured"
            sling:resourceType="core/wcm/components/image/v3/image"
            altValueFromDAM="false"/>
        <l3NavigationItems
            cq:lastRolledout="{Date}2024-11-03T22:59:34.461Z"
            cq:lastRolledoutBy="sophia.ponce@lazard.com"
            jcr:mixinTypes="[cq:LiveRelationship]"
            jcr:primaryType="nt:unstructured">
            <item0
                cq:lastRolledout="{Date}2024-11-03T22:59:34.472Z"
                cq:lastRolledoutBy="sophia.ponce@lazard.com"
                jcr:mixinTypes="[cq:LiveRelationship]"
                jcr:primaryType="nt:unstructured"
                l3NavigationPath="/content/lam/uk/en_gb/research-insights/investment-insights/emerging-markets-monitor"/>
            <item1
                cq:lastRolledout="{Date}2024-11-03T22:59:34.476Z"
                cq:lastRolledoutBy="sophia.ponce@lazard.com"
                jcr:mixinTypes="[cq:LiveRelationship]"
                jcr:primaryType="nt:unstructured"
                l3NavigationPath="/content/lam/uk/en_gb/research-insights/investment-insights/viewpoints"/>
        </l3NavigationItems>
    </jcr:content>
    <uk-equities-london-calling/>
    <investment-research/>
    <emerging-markets-monitor/>
    <perspectives/>
    <viewpoints/>
</jcr:root>
