<?xml version="1.0" encoding="UTF-8"?>
<jcr:root xmlns:jcr="http://www.jcp.org/jcr/1.0" xmlns:nt="http://www.jcp.org/jcr/nt/1.0" xmlns:cq="http://www.day.com/jcr/cq/1.0" xmlns:sling="http://sling.apache.org/jcr/sling/1.0"
    jcr:primaryType="cq:Page">
    <jcr:content
        cq:lastModified="{Date}2024-07-15T20:24:25.280Z"
        cq:lastModifiedBy="products-service-user"
        cq:template="/conf/lam/settings/wcm/templates/fund-detail"
        jcr:primaryType="cq:PageContent"
        jcr:title="Lazard Capital Allocator Series - Global Diversified 60/40 (Taxable)"
        sling:resourceType="lam/components/page"
        productType="Fund">
        <root
            jcr:primaryType="nt:unstructured"
            sling:resourceType="lam/components/container"
            layout="responsiveGrid">
            <container
                jcr:primaryType="nt:unstructured"
                sling:resourceType="lam/components/container"
                layout="responsiveGrid"/>
        </root>
    </jcr:content>
    <productData
        jcr:primaryType="nt:unstructured"
        title="Lazard Capital Allocator Series - Global Diversified 60/40 (Taxable)"
        type="Fund"/>
    <externalMetadata
        jcr:primaryType="nt:unstructured"
        assetClasses="[]"
        availableOnInvestmentPlatform="{Boolean}false"
        categorySortOrder="{Long}999999"
        hasSMAonly="{Boolean}false"
        languages="[da-dk,de-de,en-au,en-de,en-gb,en-us,es-es,fii-fi,fr-be,fr-ca,fr-fr,nb-no,nl-nl,pt-pt,sv-se]"
        pmTeamMembers="[]"
        sortOrderWithinCategory="{Long}99999"
        strategyId="{Long}120"
        subStrategyId="{Long}547"
        suppressBenchmarks="{Boolean}false"
        umbrellaNumDigitsDividend="{Long}4"
        umbrellaNumDigitsNav="{Long}4">
        <productLanguages jcr:primaryType="nt:unstructured">
            <en-us
                jcr:primaryType="nt:unstructured"
                shortDesc="LCAS - Global is a top-down global asset allocation framework that provides a total portfolio solution. The strategy utilizes a forward-looking asset allocation framework that encompasses our views on global equity, global bonds, and non-traditional asset classes. Portfolios are primarily implemented through index and index-like investment tools such as ETFs (exchange-traded funds), ETNs (exchange-traded notes), open-end mutual funds, closed-end funds, other customized &quot;baskets&quot; of securities, and hedging strategies."/>
        </productLanguages>
        <defaultShareClass jcr:primaryType="nt:unstructured"/>
        <shareClasses jcr:primaryType="nt:unstructured">
            <_x0035_50
                jcr:primaryType="nt:unstructured"
                countries="[AE,BE,BH,BS,CA,DK,ES,FI,FR,GB,IE,IL,LU,MT,NL,NO,PT,SA,SE,US,XX,ZA,XX]"
                fundId="{Long}332"
                fundingStatus="Open"
                isAuthorizedPending="{Boolean}false"
                isGLIF="{Boolean}false"
                isSMA="{Boolean}false"
                minimumInvestment="1 000 000 USD"
                vehicleId="{Long}1"
                vehicleName="Separate Account">
                <professionalOnlyCountries jcr:primaryType="nt:unstructured"/>
            </_x0035_50>
            <_x0035_59
                jcr:primaryType="nt:unstructured"
                countries="[AE,BE,BH,BS,CA,DK,ES,FI,FR,GB,IE,IL,LU,MT,NL,NO,PT,SA,SE,US,XX,ZA,XX]"
                fundId="{Long}332"
                fundingStatus="Open"
                isAuthorizedPending="{Boolean}false"
                isGLIF="{Boolean}false"
                isSMA="{Boolean}true"
                minimumInvestment="US$100,000"
                title="SMA"
                vehicleId="{Long}1"
                vehicleName="Separate Account">
                <professionalOnlyCountries jcr:primaryType="nt:unstructured"/>
            </_x0035_59>
        </shareClasses>
        <platforms jcr:primaryType="nt:unstructured">
            <_x0031_01
                jcr:primaryType="nt:unstructured"
                countries="[AE,BE,BH,CA,DK,ES,FI,FR,GB,IE,IL,LU,MT,NL,NO,PT,SA,SE,US,XX,ZA]"
                regions="[1,22,3,2]"
                sortOrder="{Long}1100"
                title="Multi-Asset/Asset Allocation Platform"/>
        </platforms>
    </externalMetadata>
</jcr:root>
